hw_model,launch,Code name,Fab,Transistors (million),Node,bus,clock,memory_clock,Core config_x,Fillrate MOperations/s,Fillrate MPixels/s,Fillrate MTexels/s,Fillrate MVertices/s,memory_size,memory_bandwidth,memory_bus,memory_bus_width,GFLOPS FP32,Supported API version Direct3D,Supported API version OpenGL,Clock rate Core (MHz),Clock rate Shader (MHz),Clock rate Memory (MHz),Fillrate Pixel (GP/s),Fillrate Texture (GT/s),processing power (GFLOPS)_single_precision_x,tdp,Comments,Memory configuration Size (MB),Memory configuration Bandwidth (GB/s),Memory configuration DRAM type,Memory configuration Bus width (bit),Clock rate Memory (MT/s),Release Price (USD),SM count,Supported API version Vulkan,Supported API version OpenCL,processing power (GFLOPS)_double_precision_x,Supported API version OpenCL8,Clock rate Average Boost (MHz),Clock rate Max Boost (MHz),SMX count,Clock rate Base (MHz),Clock rate Max Boost,Process_x,Transistors (billion),L2 Cache (MB)_x,Clock Speeds Base (MHz),Clock Speeds Boost (MHz),Clock Speeds Memory (MT/s),SLI support,Release price (USD) MSRP,Clock speeds Base core (MHz),Clock speeds Boost core (MHz),Clock speeds Memory (MT/s),processing power (GFLOPS)_half_precision_x,Release price (USD) Founders Edition,Clock speeds Base core clock (MHz),Clock speeds Boost core clock (MHz),processing power (GFLOPS) Tensor compute + Single precision,NVLink Support,Clock speeds Memory (GT/s),NVLink support,Release price (USD),processing power (GFLOPS) Tensor compute (FP16),Ray-tracing Performance Rays/s (Billions),Ray-tracing Performance RTX OPS/s (Trillions)_x,processing power (TFLOPS)_single_precision,processing power (TFLOPS)_double_precision,processing power (TFLOPS)_half_precision,processing power (TFLOPS) Tensor compute (FP16) (2:1 sparse),Ray-tracing Performance (TFLOPS),API support Direct3D,API support OpenGL,Supported API version OpenGL Hardware,Supported API version OpenGL Drivers (Software),Clock speed Core (MHz),Clock speed Shader (MHz),Clock speed Memory (MHz),processing power (GFLOPS),Notes,Clock speed Memory (MT/s),Supported API version CUDA,Supported API version CUDA Compute Capability,Notes (original research),Clock speed Min (MHz),Clock speed Average (MHz),Supported API version DirectX,processing power (GFLOPS)_single_precision (boost),Memory (MT/s),processing power (TFLOPS) Tensor compute (FP16)_x,Shader clock (MHz),Boost clock (MHz),Memory clock (MT),processing power (GFLOPS) Tensor compute (FP16) (sparse),Size Profile,Size Slots,Nvidia Optimustechnology,Memory Memory clock (MHz),processing power (GFLOPS) Tensor,Fillrate MTri/s,processing power (GFLOPS) Ray Tracing Performance,Deep Learning TOPS (INT8),Features Video Processing Engine (VPE),Features OpenEXR HDR,Features Scalable Link Interface (SLI),Features TurboCache,Features PureVideo WMV9 Decoding,Features Gamma-correct antialiasing,Features 64-bit OpenEXR HDR,Features Dual Link DVI,Features ScalableLinkInterface(SLI),Features 3-WaySLI,Features PureVideo HDwith VP1,"Features PureVideo 2 with VP2,BSP Engine, and AES128 Engine","Features PureVideo 3 with VP3,BSP Engine, and AES128 Engine",Features PureVideo 4 with VP4,Features Computeability,Features PureVideo 2 with VP2Engine: (BSP and 240 AES),Features PureVideo 4 with VP4 Engine,architecture,Code name(s),node,Core config_y,Bus Interface_y,L2 Cache (MB)_y,Clock speeds Basecoreclock(MHz),Clock speeds Boostcoreclock(MHz),Clock speeds Memory(MT/s),Memory Size(GB),Memory Bandwidth(GB/s),Memory Type,Memory Buswidth(bit),Fillrate Pixel(GP/s),Fillrate Texture(GT/s),processing power (GFLOPS)_single_precision_y,processing power (GFLOPS)_double_precision_y,processing power (GFLOPS)_half_precision_y,processing power (TFLOPS) Tensor compute (FP16)_y,Ray tracing Performance Rays/s(Billions),Ray-tracing Performance RTX OPS/s (Trillions)_y,Chips,Thread processors(total),shaders_cuda_cores,shaders_clock,shaders_max_clock,processing power (GFLOPS)_half_precision_tensor,cuda_compute_capability,model,codes
STG-2000,1995-05-22,NV1,SGS500 nm,1,90,PCI,1275,5060,1:1:1,12,12,12,0,124,0.40.48,FPMEDOVRAM,64,0.0,0,0.0,0,0,0,0,0,0,0,0,0,0.0,0,0.0,0,0,0,0,0,0,0,0,0,0,0,0,0,0,0,0.0,0,0.0,0,0,0,0,0,0,0,0.0,0.0,0,0,0.0,0,0,0,0.0,0.0,0,0,0,0,0.0,0,0.0,0.0,0,0.0,0.0,0,0.0,0,0,0,0,0,0,0,0,0,0.0,0.0,0.0,0.0,0.0,0.0,0,0,0,0.0,0.0,0,0,0,0,0,0,0,0,0,0,0,0,0,0,0,0,0,0.0,0,0,0,0,0,0,0,0,0,0,0,0,0,0,0,0,0,0,0,0,0,0,0,0,0,0,0,0,0,0,0,0
Riva 128,1997-08-25,NV3,SGS 350 nm,4,90,"AGP 1x,",100,100,1:1:1,100,100,100,0,4,1.6,SDR,128,0.0,0,0.0,0,0,0,0,0,0,0,0,0,0.0,0,0.0,0,0,0,0,0,0,0,0,0,0,0,0,0,0,0,0.0,0,0.0,0,0,0,0,0,0,0,0.0,0.0,0,0,0.0,0,0,0,0.0,0.0,0,0,0,0,0.0,0,0.0,0.0,0,0.0,0.0,0,0.0,0,0,0,0,0,0,0,0,0,0.0,0.0,0.0,0.0,0.0,0.0,0,0,0,0.0,0.0,0,0,0,0,0,0,0,0,0,0,0,0,0,0,0,0,0,0.0,0,0,0,0,0,0,0,0,0,0,0,0,0,0,0,0,0,0,0,0,0,0,0,0,0,0,0,0,0,0,0,0
Riva 128ZX,1998-02-23,NV3,SGS/TSMC 350 nm,4,90,"AGP 2x, PCI",100,100,1:1:1,100,100,100,0,8,1.6,SDR,128,0.0,0,0.0,0,0,0,0,0,0,0,0,0,0.0,0,0.0,0,0,0,0,0,0,0,0,0,0,0,0,0,0,0,0.0,0,0.0,0,0,0,0,0,0,0,0.0,0.0,0,0,0.0,0,0,0,0.0,0.0,0,0,0,0,0.0,0,0.0,0.0,0,0.0,0.0,0,0.0,0,0,0,0,0,0,0,0,0,0.0,0.0,0.0,0.0,0.0,0.0,0,0,0,0.0,0.0,0,0,0,0,0,0,0,0,0,0,0,0,0,0,0,0,0,0.0,0,0,0,0,0,0,0,0,0,0,0,0,0,0,0,0,0,0,0,0,0,0,0,0,0,0,0,0,0,0,0,0
Riva TNT,1998-06-15,NV4,TSMC 350 nm,7,90,"AGP 2x, PCI",90,110,2:2:2,180,180,180,0,816,1.76,SDR,128,0.0,0,0.0,0,0,0,0,0,0,0,0,0,0.0,0,0.0,0,0,0,0,0,0,0,0,0,0,0,0,0,0,0,0.0,0,0.0,0,0,0,0,0,0,0,0.0,0.0,0,0,0.0,0,0,0,0.0,0.0,0,0,0,0,0.0,0,0.0,0.0,0,0.0,0.0,0,0.0,0,0,0,0,0,0,0,0,0,0.0,0.0,0.0,0.0,0.0,0.0,0,0,0,0.0,0.0,0,0,0,0,0,0,0,0,0,0,0,0,0,0,0,0,0,0.0,0,0,0,0,0,0,0,0,0,0,0,0,0,0,0,0,0,0,0,0,0,0,0,0,0,0,0,0,0,0,0,0
Vanta,1999-03-22,NV6,TSMC 250 nm,0,0,"AGP 4x, PCI",100,125,2:2:2,200,200,200,0,816,1.0,SDR,64,0.0,0,0.0,0,0,0,0,0,0,0,0,0,0.0,0,0.0,0,0,0,0,0,0,0,0,0,0,0,0,0,0,0,0.0,0,0.0,0,0,0,0,0,0,0,0.0,0.0,0,0,0.0,0,0,0,0.0,0.0,0,0,0,0,0.0,0,0.0,0.0,0,0.0,0.0,0,0.0,0,0,0,0,0,0,0,0,0,0.0,0.0,0.0,0.0,0.0,0.0,0,0,0,0.0,0.0,0,0,0,0,0,0,0,0,0,0,0,0,0,0,0,0,0,0.0,0,0,0,0,0,0,0,0,0,0,0,0,0,0,0,0,0,0,0,0,0,0,0,0,0,0,0,0,0,0,0,0
Vanta LT,2000-03-01,NV6,TSMC 250 nm,0,0,AGP 2x,80,100,2:2:2,160,160,160,0,816,0.8,SDR,64,0.0,0,0.0,0,0,0,0,0,0,0,0,0,0.0,0,0.0,0,0,0,0,0,0,0,0,0,0,0,0,0,0,0,0.0,0,0.0,0,0,0,0,0,0,0,0.0,0.0,0,0,0.0,0,0,0,0.0,0.0,0,0,0,0,0.0,0,0.0,0.0,0,0.0,0.0,0,0.0,0,0,0,0,0,0,0,0,0,0.0,0.0,0.0,0.0,0.0,0.0,0,0,0,0.0,0.0,0,0,0,0,0,0,0,0,0,0,0,0,0,0,0,0,0,0.0,0,0,0,0,0,0,0,0,0,0,0,0,0,0,0,0,0,0,0,0,0,0,0,0,0,0,0,0,0,0,0,0
Riva TNT2 M64,1999-10-01,NV6,TSMC 250 nm,0,0,"AGP 4x, PCI",125,150,2:2:2,250,250,250,0,8 16 32,1.2,SDR,64,0.0,0,0.0,0,0,0,0,0,0,0,0,0,0.0,0,0.0,0,0,0,0,0,0,0,0,0,0,0,0,0,0,0,0.0,0,0.0,0,0,0,0,0,0,0,0.0,0.0,0,0,0.0,0,0,0,0.0,0.0,0,0,0,0,0.0,0,0.0,0.0,0,0.0,0.0,0,0.0,0,0,0,0,0,0,0,0,0,0.0,0.0,0.0,0.0,0.0,0.0,0,0,0,0.0,0.0,0,0,0,0,0,0,0,0,0,0,0,0,0,0,0,0,0,0.0,0,0,0,0,0,0,0,0,0,0,0,0,0,0,0,0,0,0,0,0,0,0,0,0,0,0,0,0,0,0,0,0
Riva TNT2,1999-03-15,NV5,TSMC 250 nm,15,90,"AGP 4x, PCI",125,150,2:2:2,250,250,250,0,1632,2.4,SDR,128,0.0,0,0.0,0,0,0,0,0,0,0,0,0,0.0,0,0.0,0,0,0,0,0,0,0,0,0,0,0,0,0,0,0,0.0,0,0.0,0,0,0,0,0,0,0,0.0,0.0,0,0,0.0,0,0,0,0.0,0.0,0,0,0,0,0.0,0,0.0,0.0,0,0.0,0.0,0,0.0,0,0,0,0,0,0,0,0,0,0.0,0.0,0.0,0.0,0.0,0.0,0,0,0,0.0,0.0,0,0,0,0,0,0,0,0,0,0,0,0,0,0,0,0,0,0.0,0,0,0,0,0,0,0,0,0,0,0,0,0,0,0,0,0,0,0,0,0,0,0,0,0,0,0,0,0,0,0,0
Riva TNT2 Pro,1999-10-12,NV5,TSMC 220 nm,15,90,"AGP 4x, PCI",143,166,2:2:2,286,286,286,0,1632,2.656,SDR,128,0.0,0,0.0,0,0,0,0,0,0,0,0,0,0.0,0,0.0,0,0,0,0,0,0,0,0,0,0,0,0,0,0,0,0.0,0,0.0,0,0,0,0,0,0,0,0.0,0.0,0,0,0.0,0,0,0,0.0,0.0,0,0,0,0,0.0,0,0.0,0.0,0,0.0,0.0,0,0.0,0,0,0,0,0,0,0,0,0,0.0,0.0,0.0,0.0,0.0,0.0,0,0,0,0.0,0.0,0,0,0,0,0,0,0,0,0,0,0,0,0,0,0,0,0,0.0,0,0,0,0,0,0,0,0,0,0,0,0,0,0,0,0,0,0,0,0,0,0,0,0,0,0,0,0,0,0,0,0
Riva TNT2 Ultra,1999-03-15,NV5,TSMC 250 nm,15,90,"AGP 4x, PCI",150,183,2:2:2,300,300,300,0,1632,2.928,SDR,128,0.0,0,0.0,0,0,0,0,0,0,0,0,0,0.0,0,0.0,0,0,0,0,0,0,0,0,0,0,0,0,0,0,0,0.0,0,0.0,0,0,0,0,0,0,0,0.0,0.0,0,0,0.0,0,0,0,0.0,0.0,0,0,0,0,0.0,0,0.0,0.0,0,0.0,0.0,0,0.0,0,0,0,0,0,0,0,0,0,0.0,0.0,0.0,0.0,0.0,0.0,0,0,0,0.0,0.0,0,0,0,0,0,0,0,0,0,0,0,0,0,0,0,0,0,0.0,0,0,0,0,0,0,0,0,0,0,0,0,0,0,0,0,0,0,0,0,0,0,0,0,0,0,0,0,0,0,0,0
GeForce 256 SDR,1999-10-11,NV10,0,17,139,"AGP 4x, PCI",120,166,4:4:4,480,480,480,0,3264,2.656,SDR,128,0.0,0,0.0,0,0,0,0,0,0,0,0,0,0.0,0,0.0,0,0,0,0,0,0,0,0,0,0,0,0,0,0,0,0.0,0,0.0,0,0,0,0,0,0,0,0.0,0.0,0,0,0.0,0,0,0,0.0,0.0,0,0,0,0,0.0,0,0.0,0.0,0,0.0,0.0,0,0.0,0,0,0,0,0,0,0,0,0,0.0,0.0,0.0,0.0,0.0,0.0,0,0,0,0.0,0.0,0,0,0,0,0,0,0,0,0,0,0,0,0,0,0,0,0,0.0,0,0,0,0,0,0,0,0,0,0,0,0,0,0,0,0,0,0,0,0,0,0,0,0,0,0,0,0,0,0,0,0
GeForce 256 DDR,1999-12-13,NV10,0,17,139,"AGP 4x, PCI",120,150,4:4:4,480,480,480,0,3264,4.8,DDR,128,0.0,0,0.0,0,0,0,0,0,0,0,0,0,0.0,0,0.0,0,0,0,0,0,0,0,0,0,0,0,0,0,0,0,0.0,0,0.0,0,0,0,0,0,0,0,0.0,0.0,0,0,0.0,0,0,0,0.0,0.0,0,0,0,0,0.0,0,0.0,0.0,0,0.0,0.0,0,0.0,0,0,0,0,0,0,0,0,0,0.0,0.0,0.0,0.0,0.0,0.0,0,0,0,0.0,0.0,0,0,0,0,0,0,0,0,0,0,0,0,0,0,0,0,0,0.0,0,0,0,0,0,0,0,0,0,0,0,0,0,0,0,0,0,0,0,0,0,0,0,0,0,0,0,0,0,0,0,0
GeForce2 MX IGP,2001-06-04,NV1A (IGP) / NV11 (MX),TSMC180 nm,20,64,FSB,175,133,2:4:2,350,350,700,0,Up to 32 system RAM,2.1284.256,DDR,64128,0.7,0,0.0,0,0,0,0,0,0,0,0,0,0.0,0,0.0,0,0,0,0,0,0,0,0,0,0,0,0,0,0,0,0.0,0,0.0,0,0,0,0,0,0,0,0.0,0.0,0,0,0.0,0,0,0,0.0,0.0,0,0,0,0,0.0,0,0.0,0.0,0,0.0,0.0,0,0.0,0,0,0,0,0,0,0,0,0,0.0,0.0,0.0,0.0,0.0,0.0,0,0,0,0.0,0.0,0,0,0,0,0,0,0,0,0,0,0,0,0,0,0,0,0,0.0,0,0,0,0,0,0,0,0,0,0,0,0,0,0,0,0,0,0,0,0,0,0,0,0,0,0,0,0,0,0,0,0
GeForce2 MX200,2001-03-03,NV1A (IGP) / NV11 (MX),TSMC180 nm,20,64,"AGP 4x, PCI",175,166,2:4:2,350,350,700,0,3264,1.328,SDR,64,0.7,0,0.0,0,0,0,0,0,0,0,0,0,0.0,0,0.0,0,0,0,0,0,0,0,0,0,0,0,0,0,0,0,0.0,0,0.0,0,0,0,0,0,0,0,0.0,0.0,0,0,0.0,0,0,0,0.0,0.0,0,0,0,0,0.0,0,0.0,0.0,0,0.0,0.0,0,0.0,0,0,0,0,0,0,0,0,0,0.0,0.0,0.0,0.0,0.0,0.0,0,0,0,0.0,0.0,0,0,0,0,0,0,0,0,0,0,0,0,0,0,0,0,0,0.0,0,0,0,0,0,0,0,0,0,0,0,0,0,0,0,0,0,0,0,0,0,0,0,0,0,0,0,0,0,0,0,0
GeForce2 MX,2000-06-28,NV1A (IGP) / NV11 (MX),TSMC180 nm,20,64,"AGP 4x, PCI",175,166,2:4:2,350,350,700,0,3264,2.656,SDR,128,0.7,0,0.0,0,0,0,0,0,0,0,0,0,0.0,0,0.0,0,0,0,0,0,0,0,0,0,0,0,0,0,0,0,0.0,0,0.0,0,0,0,0,0,0,0,0.0,0.0,0,0,0.0,0,0,0,0.0,0.0,0,0,0,0,0.0,0,0.0,0.0,0,0.0,0.0,0,0.0,0,0,0,0,0,0,0,0,0,0.0,0.0,0.0,0.0,0.0,0.0,0,0,0,0.0,0.0,0,0,0,0,0,0,0,0,0,0,0,0,0,0,0,0,0,0.0,0,0,0,0,0,0,0,0,0,0,0,0,0,0,0,0,0,0,0,0,0,0,0,0,0,0,0,0,0,0,0,0
GeForce2 MX400,2001-03-03,NV1A (IGP) / NV11 (MX),TSMC180 nm,20,64,"AGP 4x, PCI",200,"166,200 (SDR)166 (DDR)",2:4:2,400,400,800,0,3264,1.328 3.200 2.656,SDRDDR,64/128 (SDR)64 (DDR),0.8,0,0.0,0,0,0,0,0,0,0,0,0,0.0,0,0.0,0,0,0,0,0,0,0,0,0,0,0,0,0,0,0,0.0,0,0.0,0,0,0,0,0,0,0,0.0,0.0,0,0,0.0,0,0,0,0.0,0.0,0,0,0,0,0.0,0,0.0,0.0,0,0.0,0.0,0,0.0,0,0,0,0,0,0,0,0,0,0.0,0.0,0.0,0.0,0.0,0.0,0,0,0,0.0,0.0,0,0,0,0,0,0,0,0,0,0,0,0,0,0,0,0,0,0.0,0,0,0,0,0,0,0,0,0,0,0,0,0,0,0,0,0,0,0,0,0,0,0,0,0,0,0,0,0,0,0,0
GeForce2 GTS,2000-04-26,NV15,TSMC180 nm,25,88,AGP 4x,200,166,4:8:4,800,800,1600,0,3264,5.312,DDR,128,1.6,0,0.0,0,0,0,0,0,0,0,0,0,0.0,0,0.0,0,0,0,0,0,0,0,0,0,0,0,0,0,0,0,0.0,0,0.0,0,0,0,0,0,0,0,0.0,0.0,0,0,0.0,0,0,0,0.0,0.0,0,0,0,0,0.0,0,0.0,0.0,0,0.0,0.0,0,0.0,0,0,0,0,0,0,0,0,0,0.0,0.0,0.0,0.0,0.0,0.0,0,0,0,0.0,0.0,0,0,0,0,0,0,0,0,0,0,0,0,0,0,0,0,0,0.0,0,0,0,0,0,0,0,0,0,0,0,0,0,0,0,0,0,0,0,0,0,0,0,0,0,0,0,0,0,0,0,0
GeForce2 Pro,2000-12-05,NV15,TSMC180 nm,25,88,AGP 4x,200,200,4:8:4,800,800,1600,0,3264,6.4,DDR,128,1.6,0,0.0,0,0,0,0,0,0,0,0,0,0.0,0,0.0,0,0,0,0,0,0,0,0,0,0,0,0,0,0,0,0.0,0,0.0,0,0,0,0,0,0,0,0.0,0.0,0,0,0.0,0,0,0,0.0,0.0,0,0,0,0,0.0,0,0.0,0.0,0,0.0,0.0,0,0.0,0,0,0,0,0,0,0,0,0,0.0,0.0,0.0,0.0,0.0,0.0,0,0,0,0.0,0.0,0,0,0,0,0,0,0,0,0,0,0,0,0,0,0,0,0,0.0,0,0,0,0,0,0,0,0,0,0,0,0,0,0,0,0,0,0,0,0,0,0,0,0,0,0,0,0,0,0,0,0
GeForce2 Ti,2001-10-01,NV15,TSMC150 nm,25,88,AGP 4x,250,200,4:8:4,1000,1000,2000,0,3264,6.4,DDR,128,2.0,0,0.0,0,0,0,0,0,0,0,0,0,0.0,0,0.0,0,0,0,0,0,0,0,0,0,0,0,0,0,0,0,0.0,0,0.0,0,0,0,0,0,0,0,0.0,0.0,0,0,0.0,0,0,0,0.0,0.0,0,0,0,0,0.0,0,0.0,0.0,0,0.0,0.0,0,0.0,0,0,0,0,0,0,0,0,0,0.0,0.0,0.0,0.0,0.0,0.0,0,0,0,0.0,0.0,0,0,0,0,0,0,0,0,0,0,0,0,0,0,0,0,0,0.0,0,0,0,0,0,0,0,0,0,0,0,0,0,0,0,0,0,0,0,0,0,0,0,0,0,0,0,0,0,0,0,0
GeForce2 Ultra,2000-08-14,NV15,TSMC180 nm,25,88,AGP 4x,250,230,4:8:4,1000,1000,2000,0,64,7.36,DDR,128,2.0,0,0.0,0,0,0,0,0,0,0,0,0,0.0,0,0.0,0,0,0,0,0,0,0,0,0,0,0,0,0,0,0,0.0,0,0.0,0,0,0,0,0,0,0,0.0,0.0,0,0,0.0,0,0,0,0.0,0.0,0,0,0,0,0.0,0,0.0,0.0,0,0.0,0.0,0,0.0,0,0,0,0,0,0,0,0,0,0.0,0.0,0.0,0.0,0.0,0.0,0,0,0,0.0,0.0,0,0,0,0,0,0,0,0,0,0,0,0,0,0,0,0,0,0.0,0,0,0,0,0,0,0,0,0,0,0,0,0,0,0,0,0,0,0,0,0,0,0,0,0,0,0,0,0,0,0,0
GeForce3 Ti200,2001-10-01,NV20,0,57,128,"AGP 4x, PCI",175,200,4:1:8:4,700,700,1400,43.75,64128,6.4,DDR,128,8.75,0,0.0,0,0,0,0,0,0,0,0,0,0.0,0,0.0,0,0,0,0,0,0,0,0,0,0,0,0,0,0,0,0.0,0,0.0,0,0,0,0,0,0,0,0.0,0.0,0,0,0.0,0,0,0,0.0,0.0,0,0,0,0,0.0,0,0.0,0.0,0,0.0,0.0,0,0.0,0,0,0,0,0,0,0,0,0,0.0,0.0,0.0,0.0,0.0,0.0,0,0,0,0.0,0.0,0,0,0,0,0,0,0,0,0,0,0,0,0,0,0,0,0,0.0,0,0,0,0,0,0,0,0,0,0,0,0,0,0,0,0,0,0,0,0,0,0,0,0,0,0,0,0,0,0,0,0
GeForce3,2001-02-27,NV20,0,57,128,"AGP 4x, PCI",200,230,4:1:8:4,800,800,1600,50.0,64,7.36,DDR,128,10.0,0,0.0,0,0,0,0,0,0,0,0,0,0.0,0,0.0,0,0,0,0,0,0,0,0,0,0,0,0,0,0,0,0.0,0,0.0,0,0,0,0,0,0,0,0.0,0.0,0,0,0.0,0,0,0,0.0,0.0,0,0,0,0,0.0,0,0.0,0.0,0,0.0,0.0,0,0.0,0,0,0,0,0,0,0,0,0,0.0,0.0,0.0,0.0,0.0,0.0,0,0,0,0.0,0.0,0,0,0,0,0,0,0,0,0,0,0,0,0,0,0,0,0,0.0,0,0,0,0,0,0,0,0,0,0,0,0,0,0,0,0,0,0,0,0,0,0,0,0,0,0,0,0,0,0,0,0
GeForce3 Ti500,2001-10-01,NV20,0,57,128,"AGP 4x, PCI",240,250,4:1:8:4,960,960,1920,60.0,64128,8.0,DDR,128,12.0,0,0.0,0,0,0,0,0,0,0,0,0,0.0,0,0.0,0,0,0,0,0,0,0,0,0,0,0,0,0,0,0,0.0,0,0.0,0,0,0,0,0,0,0,0.0,0.0,0,0,0.0,0,0,0,0.0,0.0,0,0,0,0,0.0,0,0.0,0.0,0,0.0,0.0,0,0.0,0,0,0,0,0,0,0,0,0,0.0,0.0,0.0,0.0,0.0,0.0,0,0,0,0.0,0.0,0,0,0,0,0,0,0,0,0,0,0,0,0,0,0,0,0,0.0,0,0,0,0,0,0,0,0,0,0,0,0,0,0,0,0,0,0,0,0,0,0,0,0,0,0,0,0,0,0,0,0
GeForce4 MX IGP,2002-10-01,NV1F,0,?,?,FSB,250,133200,2:0:4:2,500,500,1000,125.0,Up to 128 system RAM,2.1286.4,DDR,64128,1.0,7.0,1.2,0,0,0,0,0,0,0,0,0,0.0,0,0.0,0,0,0,0,0,0,0,0,0,0,0,0,0,0,0,0.0,0,0.0,0,0,0,0,0,0,0,0.0,0.0,0,0,0.0,0,0,0,0.0,0.0,0,0,0,0,0.0,0,0.0,0.0,0,0.0,0.0,0,0.0,0,0,0,0,0,0,0,0,0,0.0,0.0,0.0,0.0,0.0,0.0,0,0,0,0.0,0.0,0,0,0,0,0,0,0,0,0,0,0,0,0,0,0,0,0,0.0,0,0,0,0,0,0,0,0,0,0,0,0,0,0,0,0,0,0,0,0,0,0,0,0,0,0,0,0,0,0,0,0
GeForce4 MX420,2002-02-06,NV17,0,29,65,AGP 4xPCI,250,166,2:0:4:2,500,500,1000,125.0,64,2.656,SDRDDR,128 (SDR)64 (DDR),1.0,7.0,1.2,0,0,0,0,0,0,0,0,0,0.0,0,0.0,0,0,0,0,0,0,0,0,0,0,0,0,0,0,0,0.0,0,0.0,0,0,0,0,0,0,0,0.0,0.0,0,0,0.0,0,0,0,0.0,0.0,0,0,0,0,0.0,0,0.0,0.0,0,0.0,0.0,0,0.0,0,0,0,0,0,0,0,0,0,0.0,0.0,0.0,0.0,0.0,0.0,0,0,0,0.0,0.0,0,0,0,Yes,0,0,0,0,0,0,0,0,0,0,0,0,0,0.0,0,0,0,0,0,0,0,0,0,0,0,0,0,0,0,0,0,0,0,0,0,0,0,0,0,0,0,0,0,0,0,0
GeForce4 MX440 SE,2002-01-01,NV17,0,29,65,AGP 4xPCI,250,133166,2:0:4:2,500,500,500,125.0,64128,2.128 5.312,DDR,64 128,1.0,7.0,1.2,0,0,0,0,0,0,0,0,0,0.0,0,0.0,0,0,0,0,0,0,0,0,0,0,0,0,0,0,0,0.0,0,0.0,0,0,0,0,0,0,0,0.0,0.0,0,0,0.0,0,0,0,0.0,0.0,0,0,0,0,0.0,0,0.0,0.0,0,0.0,0.0,0,0.0,0,0,0,0,0,0,0,0,0,0.0,0.0,0.0,0.0,0.0,0.0,0,0,0,0.0,0.0,0,0,0,Yes,0,0,0,0,0,0,0,0,0,0,0,0,0,0.0,0,0,0,0,0,0,0,0,0,0,0,0,0,0,0,0,0,0,0,0,0,0,0,0,0,0,0,0,0,0,0,0
GeForce MX4000,2003-12-14,NV18B,0,29,65,AGP 8xPCI,250,166,2:0:4:2,500,500,1000,125.0,64128,2.656,DDR,64,1.0,7.0,1.2,0,0,0,0,0,0,0,0,0,0.0,0,0.0,0,0,0,0,0,0,0,0,0,0,0,0,0,0,0,0.0,0,0.0,0,0,0,0,0,0,0,0.0,0.0,0,0,0.0,0,0,0,0.0,0.0,0,0,0,0,0.0,0,0.0,0.0,0,0.0,0.0,0,0.0,0,0,0,0,0,0,0,0,0,0.0,0.0,0.0,0.0,0.0,0.0,0,0,0,0.0,0.0,0,0,0,0,0,0,0,0,0,0,0,0,0,0,0,0,0,0.0,0,0,0,0,0,0,0,0,0,0,0,0,0,0,0,0,0,0,0,0,0,0,0,0,0,0,0,0,0,0,0,0
GeForce PCX4300,2004-02-19,NV18B,0,29,65,PCIe x16,250,166,2:0:4:2,500,500,1000,125.0,128,2.656,DDR,64,1.0,7.0,1.2,0,0,0,0,0,0,0,0,0,0.0,0,0.0,0,0,0,0,0,0,0,0,0,0,0,0,0,0,0,0.0,0,0.0,0,0,0,0,0,0,0,0.0,0.0,0,0,0.0,0,0,0,0.0,0.0,0,0,0,0,0.0,0,0.0,0.0,0,0.0,0.0,0,0.0,0,0,0,0,0,0,0,0,0,0.0,0.0,0.0,0.0,0.0,0.0,0,0,0,0.0,0.0,0,0,0,0,0,0,0,0,0,0,0,0,0,0,0,0,0,0.0,0,0,0,0,0,0,0,0,0,0,0,0,0,0,0,0,0,0,0,0,0,0,0,0,0,0,0,0,0,0,0,0
GeForce4 MX440,2002-02-06,NV17,0,29,65,AGP 4xPCI,275,200,2:0:4:2,550,550,1100,137.5,64128,6.4,DDR,128,1.1,7.0,1.2,0,0,0,0,0,0,0,0,0,0.0,0,0.0,0,0,0,0,0,0,0,0,0,0,0,0,0,0,0,0.0,0,0.0,0,0,0,0,0,0,0,0.0,0.0,0,0,0.0,0,0,0,0.0,0.0,0,0,0,0,0.0,0,0.0,0.0,0,0.0,0.0,0,0.0,0,0,0,0,0,0,0,0,0,0.0,0.0,0.0,0.0,0.0,0.0,0,0,0,0.0,0.0,0,0,0,Yes,0,0,0,0,0,0,0,0,0,0,0,0,0,0.0,0,0,0,0,0,0,0,0,0,0,0,0,0,0,0,0,0,0,0,0,0,0,0,0,0,0,0,0,0,0,0,0
GeForce4 MX440 8x,2002-09-25,NV18,0,29,65,AGP 8xPCI,275,166250,2:0:4:2,550,550,1100,137.5,64128,2.656,DDR,64128,1.1,7.0,1.2,0,0,0,0,0,0,0,0,0,0.0,0,0.0,0,0,0,0,0,0,0,0,0,0,0,0,0,0,0,0.0,0,0.0,0,0,0,0,0,0,0,0.0,0.0,0,0,0.0,0,0,0,0.0,0.0,0,0,0,0,0.0,0,0.0,0.0,0,0.0,0.0,0,0.0,0,0,0,0,0,0,0,0,0,0.0,0.0,0.0,0.0,0.0,0.0,0,0,0,0.0,0.0,0,0,0,0,0,0,0,0,0,0,0,0,0,0,0,0,0,0.0,0,0,0,0,0,0,0,0,0,0,0,0,0,0,0,0,0,0,0,0,0,0,0,0,0,0,0,0,0,0,0,0
GeForce4 MX460,2002-02-06,NV17,0,29,65,AGP 4xPCI,300,275,2:0:4:2,600,600,1200,150.0,64128,8.8,DDR,128,1.2,7.0,1.2,0,0,0,0,0,0,0,0,0,0.0,0,0.0,0,0,0,0,0,0,0,0,0,0,0,0,0,0,0,0.0,0,0.0,0,0,0,0,0,0,0,0.0,0.0,0,0,0.0,0,0,0,0.0,0.0,0,0,0,0,0.0,0,0.0,0.0,0,0.0,0.0,0,0.0,0,0,0,0,0,0,0,0,0,0.0,0.0,0.0,0.0,0.0,0.0,0,0,0,0.0,0.0,0,0,0,Yes,0,0,0,0,0,0,0,0,0,0,0,0,0,0.0,0,0,0,0,0,0,0,0,0,0,0,0,0,0,0,0,0,0,0,0,0,0,0,0,0,0,0,0,0,0,0,0
GeForce4 Ti4200,2002-04-16,NV25,0,63,142,AGP 4x,250,222 (128 MB)250 (64 MB),4:2:8:4,1000,1000,2000,125.0,64128,7.104 (128 MB)8.0 (64 MB),DDR,128,15.0,8.0a,1.3,0,0,0,0,0,0,0,0,0,0.0,0,0.0,0,0,0,0,0,0,0,0,0,0,0,0,0,0,0,0.0,0,0.0,0,0,0,0,0,0,0,0.0,0.0,0,0,0.0,0,0,0,0.0,0.0,0,0,0,0,0.0,0,0.0,0.0,0,0.0,0.0,0,0.0,0,0,0,0,0,0,0,0,0,0.0,0.0,0.0,0.0,0.0,0.0,0,0,0,0.0,0.0,0,0,0,No,0,0,0,0,0,0,0,0,0,0,0,0,0,0.0,0,0,0,0,0,0,0,0,0,0,0,0,0,0,0,0,0,0,0,0,0,0,0,0,0,0,0,0,0,0,0,0
GeForce4 Ti4200 8x,2002-09-25,NV28,0,63,142,AGP 8x,250,250,4:2:8:4,1000,1000,2000,125.0,64128,8.0,DDR,128,15.0,8.0a,1.3,0,0,0,0,0,0,0,0,0,0.0,0,0.0,0,0,0,0,0,0,0,0,0,0,0,0,0,0,0,0.0,0,0.0,0,0,0,0,0,0,0,0.0,0.0,0,0,0.0,0,0,0,0.0,0.0,0,0,0,0,0.0,0,0.0,0.0,0,0.0,0.0,0,0.0,0,0,0,0,0,0,0,0,0,0.0,0.0,0.0,0.0,0.0,0.0,0,0,0,0.0,0.0,0,0,0,No,0,0,0,0,0,0,0,0,0,0,0,0,0,0.0,0,0,0,0,0,0,0,0,0,0,0,0,0,0,0,0,0,0,0,0,0,0,0,0,0,0,0,0,0,0,0,0
GeForce4 Ti4400,2002-02-06,NV25,0,63,142,AGP 4x,275,275,4:2:8:4,1100,1100,2200,137.5,128,8.8,DDR,128,16.5,8.0a,1.3,0,0,0,0,0,0,0,0,0,0.0,0,0.0,0,0,0,0,0,0,0,0,0,0,0,0,0,0,0,0.0,0,0.0,0,0,0,0,0,0,0,0.0,0.0,0,0,0.0,0,0,0,0.0,0.0,0,0,0,0,0.0,0,0.0,0.0,0,0.0,0.0,0,0.0,0,0,0,0,0,0,0,0,0,0.0,0.0,0.0,0.0,0.0,0.0,0,0,0,0.0,0.0,0,0,0,No,0,0,0,0,0,0,0,0,0,0,0,0,0,0.0,0,0,0,0,0,0,0,0,0,0,0,0,0,0,0,0,0,0,0,0,0,0,0,0,0,0,0,0,0,0,0,0
GeForce4 Ti4400 8x,2003-01-20,NV28,0,63,101,AGP 8x,275,275,4:2:8:4,1100,1100,2200,137.5,128,8.8,DDR,128,16.5,8.0a,1.3,0,0,0,0,0,0,0,0,0,0.0,0,0.0,0,0,0,0,0,0,0,0,0,0,0,0,0,0,0,0.0,0,0.0,0,0,0,0,0,0,0,0.0,0.0,0,0,0.0,0,0,0,0.0,0.0,0,0,0,0,0.0,0,0.0,0.0,0,0.0,0.0,0,0.0,0,0,0,0,0,0,0,0,0,0.0,0.0,0.0,0.0,0.0,0.0,0,0,0,0.0,0.0,0,0,0,No,0,0,0,0,0,0,0,0,0,0,0,0,0,0.0,0,0,0,0,0,0,0,0,0,0,0,0,0,0,0,0,0,0,0,0,0,0,0,0,0,0,0,0,0,0,0,0
GeForce4 Ti4600,2002-02-06,NV25,0,63,142,AGP 4x,300,325,4:2:8:4,1200,1200,2400,150.0,128,10.4,DDR,128,18.0,8.0a,1.3,0,0,0,0,0,0,0,0,0,0.0,0,0.0,0,0,0,0,0,0,0,0,0,0,0,0,0,0,0,0.0,0,0.0,0,0,0,0,0,0,0,0.0,0.0,0,0,0.0,0,0,0,0.0,0.0,0,0,0,0,0.0,0,0.0,0.0,0,0.0,0.0,0,0.0,0,0,0,0,0,0,0,0,0,0.0,0.0,0.0,0.0,0.0,0.0,0,0,0,0.0,0.0,0,0,0,No,0,0,0,0,0,0,0,0,0,0,0,0,0,0.0,0,0,0,0,0,0,0,0,0,0,0,0,0,0,0,0,0,0,0,0,0,0,0,0,0,0,0,0,0,0,0,0
GeForce4 Ti4600 8x,2003-01-20,NV28,0,63,101,AGP 8x,300,325,4:2:8:4,1200,1200,2400,150.0,128,10.4,DDR,128,18.0,8.0a,1.3,0,0,0,0,0,0,0,0,0,0.0,0,0.0,0,0,0,0,0,0,0,0,0,0,0,0,0,0,0,0.0,0,0.0,0,0,0,0,0,0,0,0.0,0.0,0,0,0.0,0,0,0,0.0,0.0,0,0,0,0,0.0,0,0.0,0.0,0,0.0,0.0,0,0.0,0,0,0,0,0,0,0,0,0,0.0,0.0,0.0,0.0,0.0,0.0,0,0,0,0.0,0.0,0,0,0,No,0,0,0,0,0,0,0,0,0,0,0,0,0,0.0,0,0,0,0,0,0,0,0,0,0,0,0,0,0,0,0,0,0,0,0,0,0,0,0,0,0,0,0,0,0,0,0
GeForce FX 5100,2003-03-01,NV34,TSMC 150 nm,45,124,AGP 8x,200,166,4:2:4:4,800,800,800,100.0,64 128,2.6,DDR,64,12.0,0,0.0,0,0,0,0,0,0,0,0,0,0.0,0,0.0,0,0,0,0,0,0,0,0,0,0,0,0,0,0,0,0.0,0,0.0,0,0,0,0,0,0,0,0.0,0.0,0,0,0.0,0,0,0,0.0,0.0,0,0,0,0,0.0,0,0.0,0.0,0,0.0,0.0,0,0.0,0,0,0,0,0,0,0,0,0,0.0,0.0,0.0,0.0,0.0,0.0,0,0,0,0.0,0.0,0,0,0,0,0,0,0,0,0,0,0,0,0,0,0,0,0,0.0,0,0,0,0,0,0,0,0,0,0,0,0,0,0,0,0,0,0,0,0,0,0,0,0,0,0,0,0,0,0,0,0
GeForce FX 5200 LE,2003-03-01,NV34,TSMC 150 nm,45,124,AGP 8x,250,166,4:2:4:4,1000,1000,1000,125.0,64128256,2.65.3,DDR,64128,15.0,0,0.0,0,0,0,0,0,0,0,0,0,0.0,0,0.0,0,0,0,0,0,0,0,0,0,0,0,0,0,0,0,0.0,0,0.0,0,0,0,0,0,0,0,0.0,0.0,0,0,0.0,0,0,0,0.0,0.0,0,0,0,0,0.0,0,0.0,0.0,0,0.0,0.0,0,0.0,0,0,0,0,0,0,0,0,0,0.0,0.0,0.0,0.0,0.0,0.0,0,0,0,0.0,0.0,0,0,0,0,0,0,0,0,0,0,0,0,0,0,0,0,0,0.0,0,0,0,0,0,0,0,0,0,0,0,0,0,0,0,0,0,0,0,0,0,0,0,0,0,0,0,0,0,0,0,0
GeForce FX 5200,2003-03-01,NV34,TSMC 150 nm,45,124,AGP 8xPCI,250,200,4:2:4:4,1000,1000,1000,125.0,64128256,3.26.4,DDR,64128,15.0,0,0.0,0,0,0,0,0,0,0,0,0,0.0,0,0.0,0,0,0,0,0,0,0,0,0,0,0,0,0,0,0,0.0,0,0.0,0,0,0,0,0,0,0,0.0,0.0,0,0,0.0,0,0,0,0.0,0.0,0,0,0,0,0.0,0,0.0,0.0,0,0.0,0.0,0,0.0,0,0,0,0,0,0,0,0,0,0.0,0.0,0.0,0.0,0.0,0.0,0,0,0,0.0,0.0,0,0,0,0,0,0,0,0,0,0,0,0,0,0,0,0,0,0.0,0,0,0,0,0,0,0,0,0,0,0,0,0,0,0,0,0,0,0,0,0,0,0,0,0,0,0,0,0,0,0,0
GeForce FX 5200 Ultra,2003-03-06,NV34,TSMC 150 nm,45,124,AGP 8x,325,325,4:2:4:4,1300,1300,1300,162.5,64128256,10.4,DDR,128,19.5,0,0.0,0,0,0,0,0,0,0,0,0,0.0,0,0.0,0,0,0,0,0,0,0,0,0,0,0,0,0,0,0,0.0,0,0.0,0,0,0,0,0,0,0,0.0,0.0,0,0,0.0,0,0,0,0.0,0.0,0,0,0,0,0.0,0,0.0,0.0,0,0.0,0.0,0,0.0,0,0,0,0,0,0,0,0,0,0.0,0.0,0.0,0.0,0.0,0.0,0,0,0,0.0,0.0,0,0,0,0,0,0,0,0,0,0,0,0,0,0,0,0,0,0.0,0,0,0,0,0,0,0,0,0,0,0,0,0,0,0,0,0,0,0,0,0,0,0,0,0,0,0,0,0,0,0,0
GeForce PCX 5300,2004-03-17,NV34,TSMC 150 nm,45,124,PCIe x16,250,166,4:2:4:4,1000,1000,1000,125.0,128256,2.6,DDR,64,15.0,0,0.0,0,0,0,0,0,0,0,0,0,0.0,0,0.0,0,0,0,0,0,0,0,0,0,0,0,0,0,0,0,0.0,0,0.0,0,0,0,0,0,0,0,0.0,0.0,0,0,0.0,0,0,0,0.0,0.0,0,0,0,0,0.0,0,0.0,0.0,0,0.0,0.0,0,0.0,0,0,0,0,0,0,0,0,0,0.0,0.0,0.0,0.0,0.0,0.0,0,0,0,0.0,0.0,0,0,0,0,0,0,0,0,0,0,0,0,0,0,0,0,0,0.0,0,0,0,0,0,0,0,0,0,0,0,0,0,0,0,0,0,0,0,0,0,0,0,0,0,0,0,0,0,0,0,0
GeForce FX 5500,2004-03-01,NV34B,TSMC 150 nm,45,91,AGP 8xAGP 4xPCI,270,166200,4:2:4:4,1080,1080,1080,135.0,64128256,5.36.4,DDR,128,16.2,0,0.0,0,0,0,0,0,0,0,0,0,0.0,0,0.0,0,0,0,0,0,0,0,0,0,0,0,0,0,0,0,0.0,0,0.0,0,0,0,0,0,0,0,0.0,0.0,0,0,0.0,0,0,0,0.0,0.0,0,0,0,0,0.0,0,0.0,0.0,0,0.0,0.0,0,0.0,0,0,0,0,0,0,0,0,0,0.0,0.0,0.0,0.0,0.0,0.0,0,0,0,0.0,0.0,0,0,0,0,0,0,0,0,0,0,0,0,0,0,0,0,0,0.0,0,0,0,0,0,0,0,0,0,0,0,0,0,0,0,0,0,0,0,0,0,0,0,0,0,0,0,0,0,0,0,0
GeForce FX 5600 XT,2003-10-01,NV31,TSMC 130 nm,80,121,AGP 8x,235,200,4:2:4:4,940,940,940,117.5,64128,3.26.4,DDR,64128,14.1,0,0.0,0,0,0,0,0,0,0,0,0,0.0,0,0.0,0,0,0,0,0,0,0,0,0,0,0,0,0,0,0,0.0,0,0.0,0,0,0,0,0,0,0,0.0,0.0,0,0,0.0,0,0,0,0.0,0.0,0,0,0,0,0.0,0,0.0,0.0,0,0.0,0.0,0,0.0,0,0,0,0,0,0,0,0,0,0.0,0.0,0.0,0.0,0.0,0.0,0,0,0,0.0,0.0,0,0,0,0,0,0,0,0,0,0,0,0,0,0,0,0,0,0.0,0,0,0,0,0,0,0,0,0,0,0,0,0,0,0,0,0,0,0,0,0,0,0,0,0,0,0,0,0,0,0,0
GeForce FX 5600,2003-03-01,NV31,TSMC 130 nm,80,121,AGP 8xPCI,325,275,4:2:4:4,1300,1300,1300,162.5,64128256,8.8,DDR,128,19.5,0,0.0,0,0,0,0,0,0,0,0,0,0.0,0,0.0,0,0,0,0,0,0,0,0,0,0,0,0,0,0,0,0.0,0,0.0,0,0,0,0,0,0,0,0.0,0.0,0,0,0.0,0,0,0,0.0,0.0,0,0,0,0,0.0,0,0.0,0.0,0,0.0,0.0,0,0.0,0,0,0,0,0,0,0,0,0,0.0,0.0,0.0,0.0,0.0,0.0,0,0,0,0.0,0.0,0,0,0,0,0,0,0,0,0,0,0,0,0,0,0,0,0,0.0,0,0,0,0,0,0,0,0,0,0,0,0,0,0,0,0,0,0,0,0,0,0,0,0,0,0,0,0,0,0,0,0
GeForce FX 5600 Ultra,2003-03-06,NV31,TSMC 130 nm,80,121,AGP 8x,350,350,4:2:4:4,1400,1400,1400,175.0,64128,11.2,DDR,128,21.0,0,0.0,0,0,0,0,0,0,0,0,0,0.0,0,0.0,0,0,0,0,0,0,0,0,0,0,0,0,0,0,0,0.0,0,0.0,0,0,0,0,0,0,0,0.0,0.0,0,0,0.0,0,0,0,0.0,0.0,0,0,0,0,0.0,0,0.0,0.0,0,0.0,0.0,0,0.0,0,0,0,0,0,0,0,0,0,0.0,0.0,0.0,0.0,0.0,0.0,0,0,0,0.0,0.0,0,0,0,0,0,0,0,0,0,0,0,0,0,0,0,0,0,0.0,0,0,0,0,0,0,0,0,0,0,0,0,0,0,0,0,0,0,0,0,0,0,0,0,0,0,0,0,0,0,0,0
GeForce FX 5600 Ultra Rev.2,2003-03-06,NV31,TSMC 130 nm,80,121,AGP 8x,400,400,4:2:4:4,1600,1600,1600,200.0,64128,12.8,DDR,128,24.0,0,0.0,0,0,0,0,0,0,0,0,0,0.0,0,0.0,0,0,0,0,0,0,0,0,0,0,0,0,0,0,0,0.0,0,0.0,0,0,0,0,0,0,0,0.0,0.0,0,0,0.0,0,0,0,0.0,0.0,0,0,0,0,0.0,0,0.0,0.0,0,0.0,0.0,0,0.0,0,0,0,0,0,0,0,0,0,0.0,0.0,0.0,0.0,0.0,0.0,0,0,0,0.0,0.0,0,0,0,0,0,0,0,0,0,0,0,0,0,0,0,0,0,0.0,0,0,0,0,0,0,0,0,0,0,0,0,0,0,0,0,0,0,0,0,0,0,0,0,0,0,0,0,0,0,0,0
GeForce FX 5700 VE,2004-09-01,NV36,TSMC 130 nm,82,133,AGP 8x,250,200,4:3:4:4,1500,1500,1500,187.5,128256,3.26.4,DDR,64128,17.5,0,0.0,0,0,0,0,0,0,0,0,0,0.0,0,0.0,0,0,0,0,0,0,0,0,0,0,0,0,0,0,0,0.0,0,0.0,0,0,0,0,0,0,0,0.0,0.0,0,0,0.0,0,0,0,0.0,0.0,0,0,0,0,0.0,0,0.0,0.0,0,0.0,0.0,0,0.0,0,0,0,0,0,0,0,0,0,0.0,0.0,0.0,0.0,0.0,0.0,0,0,0,0.0,0.0,0,0,0,0,0,0,0,0,0,0,0,0,0,0,0,0,0,0.0,0,0,0,0,0,0,0,0,0,0,0,0,0,0,0,0,0,0,0,0,0,0,0,0,0,0,0,0,0,0,0,0
GeForce FX 5700 LE,2004-03-01,NV36,TSMC 130 nm,82,133,AGP 8xPCI,250,200,4:3:4:4,1500,1500,1500,187.5,128256,3.26.4,DDR,64128,17.5,0,0.0,0,0,0,0,0,0,0,0,0,0.0,0,0.0,0,0,0,0,0,0,0,0,0,0,0,0,0,0,0,0.0,0,0.0,0,0,0,0,0,0,0,0.0,0.0,0,0,0.0,0,0,0,0.0,0.0,0,0,0,0,0.0,0,0.0,0.0,0,0.0,0.0,0,0.0,0,0,0,0,0,0,0,0,0,0.0,0.0,0.0,0.0,0.0,0.0,0,0,0,0.0,0.0,0,0,0,0,0,0,0,0,0,0,0,0,0,0,0,0,0,0.0,0,0,0,0,0,0,0,0,0,0,0,0,0,0,0,0,0,0,0,0,0,0,0,0,0,0,0,0,0,0,0,0
GeForce FX 5700,2003-01-01,NV36,TSMC 130 nm,82,133,AGP 8x,425,250,4:3:4:4,1700,1700,1700,318.7,128256,8.0,DDR,128,29.7,0,0.0,0,0,0,0,0,0,0,0,0,0.0,0,0.0,0,0,0,0,0,0,0,0,0,0,0,0,0,0,0,0.0,0,0.0,0,0,0,0,0,0,0,0.0,0.0,0,0,0.0,0,0,0,0.0,0.0,0,0,0,0,0.0,0,0.0,0.0,0,0.0,0.0,0,0.0,0,0,0,0,0,0,0,0,0,0.0,0.0,0.0,0.0,0.0,0.0,0,0,0,0.0,0.0,0,0,0,0,0,0,0,0,0,0,0,0,0,0,0,0,0,0.0,0,0,0,0,0,0,0,0,0,0,0,0,0,0,0,0,0,0,0,0,0,0,0,0,0,0,0,0,0,0,0,0
GeForce PCX 5750,2004-03-17,NV36,TSMC 130 nm,82,133,PCIe x16,425,250,4:3:4:4,1700,1700,1700,318.7,128,8.0,DDR,128,29.7,0,0.0,0,0,0,0,0,0,0,0,0,0.0,0,0.0,0,0,0,0,0,0,0,0,0,0,0,0,0,0,0,0.0,0,0.0,0,0,0,0,0,0,0,0.0,0.0,0,0,0.0,0,0,0,0.0,0.0,0,0,0,0,0.0,0,0.0,0.0,0,0.0,0.0,0,0.0,0,0,0,0,0,0,0,0,0,0.0,0.0,0.0,0.0,0.0,0.0,0,0,0,0.0,0.0,0,0,0,0,0,0,0,0,0,0,0,0,0,0,0,0,0,0.0,0,0,0,0,0,0,0,0,0,0,0,0,0,0,0,0,0,0,0,0,0,0,0,0,0,0,0,0,0,0,0,0
GeForce FX 5700 Ultra,2003-10-23,NV36,TSMC 130 nm,82,133,AGP 8x,475,453,4:3:4:4,1900,1900,1900,356.2,128256,14.4,GDDR2,128,33.2,0,0.0,0,0,0,0,0,0,0,0,0,0.0,0,0.0,0,0,0,0,0,0,0,0,0,0,0,0,0,0,0,0.0,0,0.0,0,0,0,0,0,0,0,0.0,0.0,0,0,0.0,0,0,0,0.0,0.0,0,0,0,0,0.0,0,0.0,0.0,0,0.0,0.0,0,0.0,0,0,0,0,0,0,0,0,0,0.0,0.0,0.0,0.0,0.0,0.0,0,0,0,0.0,0.0,0,0,0,0,0,0,0,0,0,0,0,0,0,0,0,0,0,0.0,0,0,0,0,0,0,0,0,0,0,0,0,0,0,0,0,0,0,0,0,0,0,0,0,0,0,0,0,0,0,0,0
GeForce FX 5700 Ultra GDDR3,2004-03-15,NV36,TSMC 130 nm,82,133,AGP 8x,475,475,4:3:4:4,1900,1900,1900,356.2,128256,15.2,GDDR3,128,33.2,0,0.0,0,0,0,0,0,0,0,0,0,0.0,0,0.0,0,0,0,0,0,0,0,0,0,0,0,0,0,0,0,0.0,0,0.0,0,0,0,0,0,0,0,0.0,0.0,0,0,0.0,0,0,0,0.0,0.0,0,0,0,0,0.0,0,0.0,0.0,0,0.0,0.0,0,0.0,0,0,0,0,0,0,0,0,0,0.0,0.0,0.0,0.0,0.0,0.0,0,0,0,0.0,0.0,0,0,0,0,0,0,0,0,0,0,0,0,0,0,0,0,0,0.0,0,0,0,0,0,0,0,0,0,0,0,0,0,0,0,0,0,0,0,0,0,0,0,0,0,0,0,0,0,0,0,0
GeForce FX 5800,2003-01-27,NV30,TSMC 130 nm,125,199,AGP 8x,400,400,4:2:8:4,1600,1600,3200,300.0,128,12.8,GDDR2,128,24.0,0,0.0,0,0,0,0,0,0,0,0,0,0.0,0,0.0,0,0,0,0,0,0,0,0,0,0,0,0,0,0,0,0.0,0,0.0,0,0,0,0,0,0,0,0.0,0.0,0,0,0.0,0,0,0,0.0,0.0,0,0,0,0,0.0,0,0.0,0.0,0,0.0,0.0,0,0.0,0,0,0,0,0,0,0,0,0,0.0,0.0,0.0,0.0,0.0,0.0,0,0,0,0.0,0.0,0,0,0,0,0,0,0,0,0,0,0,0,0,0,0,0,0,0.0,0,0,0,0,0,0,0,0,0,0,0,0,0,0,0,0,0,0,0,0,0,0,0,0,0,0,0,0,0,0,0,0
GeForce FX 5800 Ultra,2003-01-27,NV30,TSMC 130 nm,125,199,AGP 8x,500,500,4:2:8:4,2000,2000,4000,375.0,128,16.0,GDDR2,128,30.0,0,0.0,0,0,0,0,0,0,0,0,0,0.0,0,0.0,0,0,0,0,0,0,0,0,0,0,0,0,0,0,0,0.0,0,0.0,0,0,0,0,0,0,0,0.0,0.0,0,0,0.0,0,0,0,0.0,0.0,0,0,0,0,0.0,0,0.0,0.0,0,0.0,0.0,0,0.0,0,0,0,0,0,0,0,0,0,0.0,0.0,0.0,0.0,0.0,0.0,0,0,0,0.0,0.0,0,0,0,0,0,0,0,0,0,0,0,0,0,0,0,0,0,0.0,0,0,0,0,0,0,0,0,0,0,0,0,0,0,0,0,0,0,0,0,0,0,0,0,0,0,0,0,0,0,0,0
GeForce FX 5900 ZT,2003-12-15,NV35,TSMC 130 nm,135,207,AGP 8x,325,350,4:3:8:4,1300,1300,2600,243.7,128,22.4,DDR,256,22.7,0,0.0,0,0,0,0,0,0,0,0,0,0.0,0,0.0,0,0,0,0,0,0,0,0,0,0,0,0,0,0,0,0.0,0,0.0,0,0,0,0,0,0,0,0.0,0.0,0,0,0.0,0,0,0,0.0,0.0,0,0,0,0,0.0,0,0.0,0.0,0,0.0,0.0,0,0.0,0,0,0,0,0,0,0,0,0,0.0,0.0,0.0,0.0,0.0,0.0,0,0,0,0.0,0.0,0,0,0,0,0,0,0,0,0,0,0,0,0,0,0,0,0,0.0,0,0,0,0,0,0,0,0,0,0,0,0,0,0,0,0,0,0,0,0,0,0,0,0,0,0,0,0,0,0,0,0
GeForce FX 5900 XT,2003-12-15,NV35,TSMC 130 nm,135,207,AGP 8x,400,350,4:3:8:4,1600,1600,3200,300.0,128,22.4,DDR,256,27.3,0,0.0,0,0,0,0,0,0,0,0,0,0.0,0,0.0,0,0,0,0,0,0,0,0,0,0,0,0,0,0,0,0.0,0,0.0,0,0,0,0,0,0,0,0.0,0.0,0,0,0.0,0,0,0,0.0,0.0,0,0,0,0,0.0,0,0.0,0.0,0,0.0,0.0,0,0.0,0,0,0,0,0,0,0,0,0,0.0,0.0,0.0,0.0,0.0,0.0,0,0,0,0.0,0.0,0,0,0,0,0,0,0,0,0,0,0,0,0,0,0,0,0,0.0,0,0,0,0,0,0,0,0,0,0,0,0,0,0,0,0,0,0,0,0,0,0,0,0,0,0,0,0,0,0,0,0
GeForce FX 5900,2003-05-01,NV35,TSMC 130 nm,135,207,AGP 8x,400,425,4:3:8:4,1600,1600,3200,300.0,128,27.2,DDR,256,28.0,0,0.0,0,0,0,0,0,0,0,0,0,0.0,0,0.0,0,0,0,0,0,0,0,0,0,0,0,0,0,0,0,0.0,0,0.0,0,0,0,0,0,0,0,0.0,0.0,0,0,0.0,0,0,0,0.0,0.0,0,0,0,0,0.0,0,0.0,0.0,0,0.0,0.0,0,0.0,0,0,0,0,0,0,0,0,0,0.0,0.0,0.0,0.0,0.0,0.0,0,0,0,0.0,0.0,0,0,0,0,0,0,0,0,0,0,0,0,0,0,0,0,0,0.0,0,0,0,0,0,0,0,0,0,0,0,0,0,0,0,0,0,0,0,0,0,0,0,0,0,0,0,0,0,0,0,0
GeForce FX 5900 Ultra,2003-05-12,NV35,TSMC 130 nm,135,207,AGP 8x,450,425,4:3:8:4,1800,1800,3600,337.5,128256,27.2,DDR,256,31.5,0,0.0,0,0,0,0,0,0,0,0,0,0.0,0,0.0,0,0,0,0,0,0,0,0,0,0,0,0,0,0,0,0.0,0,0.0,0,0,0,0,0,0,0,0.0,0.0,0,0,0.0,0,0,0,0.0,0.0,0,0,0,0,0.0,0,0.0,0.0,0,0.0,0.0,0,0.0,0,0,0,0,0,0,0,0,0,0.0,0.0,0.0,0.0,0.0,0.0,0,0,0,0.0,0.0,0,0,0,0,0,0,0,0,0,0,0,0,0,0,0,0,0,0.0,0,0,0,0,0,0,0,0,0,0,0,0,0,0,0,0,0,0,0,0,0,0,0,0,0,0,0,0,0,0,0,0
GeForce PCX 5900,2004-03-17,NV35,TSMC 130 nm,135,207,PCIe x16,350,275,4:3:8:4,1400,1400,2800,262.5,128256,17.6,DDR,256,24.5,0,0.0,0,0,0,0,0,0,0,0,0,0.0,0,0.0,0,0,0,0,0,0,0,0,0,0,0,0,0,0,0,0.0,0,0.0,0,0,0,0,0,0,0,0.0,0.0,0,0,0.0,0,0,0,0.0,0.0,0,0,0,0,0.0,0,0.0,0.0,0,0.0,0.0,0,0.0,0,0,0,0,0,0,0,0,0,0.0,0.0,0.0,0.0,0.0,0.0,0,0,0,0.0,0.0,0,0,0,0,0,0,0,0,0,0,0,0,0,0,0,0,0,0.0,0,0,0,0,0,0,0,0,0,0,0,0,0,0,0,0,0,0,0,0,0,0,0,0,0,0,0,0,0,0,0,0
GeForce FX 5950 Ultra,2003-10-23,NV38,TSMC 130 nm,135,207,AGP 8x,475,475,4:3:8:4,1900,1900,3800,356.2,256,30.4,DDR,256,33.2,0,0.0,0,0,0,0,0,0,0,0,0,0.0,0,0.0,0,0,0,0,0,0,0,0,0,0,0,0,0,0,0,0.0,0,0.0,0,0,0,0,0,0,0,0.0,0.0,0,0,0.0,0,0,0,0.0,0.0,0,0,0,0,0.0,0,0.0,0.0,0,0.0,0.0,0,0.0,0,0,0,0,0,0,0,0,0,0.0,0.0,0.0,0.0,0.0,0.0,0,0,0,0.0,0.0,0,0,0,0,0,0,0,0,0,0,0,0,0,0,0,0,0,0.0,0,0,0,0,0,0,0,0,0,0,0,0,0,0,0,0,0,0,0,0,0,0,0,0,0,0,0,0,0,0,0,0
GeForce PCX 5950,2004-02-17,NV38,TSMC 130 nm,135,207,PCIe x16,475,425,4:3:8:4,1900,1900,3800,356.2,256,27.2,GDDR3,256,33.2,0,0.0,0,0,0,0,0,0,0,0,0,0.0,0,0.0,0,0,0,0,0,0,0,0,0,0,0,0,0,0,0,0.0,0,0.0,0,0,0,0,0,0,0,0.0,0.0,0,0,0.0,0,0,0,0.0,0.0,0,0,0,0,0.0,0,0.0,0.0,0,0.0,0.0,0,0.0,0,0,0,0,0,0,0,0,0,0.0,0.0,0.0,0.0,0.0,0.0,0,0,0,0.0,0.0,0,0,0,0,0,0,0,0,0,0,0,0,0,0,0,0,0,0.0,0,0,0,0,0,0,0,0,0,0,0,0,0,0,0,0,0,0,0,0,0,0,0,0,0,0,0,0,0,0,0,0
GeForce 6100,2005-10-20,MCP51,TSMC 90 nm,0,0,HyperTransport,425,100–200 (DDR)200–533 (DDR2),2:1:2:1,850,425,850,106.25,Up to 256 system RAM,1.6–6.4 (DDR)3.2–17.056 (DDR2),DDRDDR2,64128,0,0,0.0,0,0,0,0,0,0,0,0,0,0.0,0,0.0,0,0,0,0,0,0,0,0,0,0,0,0,0,0,0,0.0,0,0.0,0,0,0,0,0,0,0,0.0,0.0,0,0,0.0,0,0,0,0.0,0.0,0,0,0,0,0.0,0,0.0,0.0,0,0.0,0.0,0,0.0,0,0,0,0,0,0,0,0,0,0.0,0.0,0.0,0.0,0.0,0.0,0,0,0,0.0,0.0,0,0,0,0,No,No,No,Limited,0,0,0,0,0,0,0,0,0,0.0,0,0,0,0,0,0,0,0,0,0,0,0,0,0,0,0,0,0,0,0,0,0,0,0,0,0,0,0,0,0,0,0
GeForce 6150 SE,2006-06-01,MCP61,TSMC 90 nm,0,0,HyperTransport,425,200400,2:1:2:1,850,425,850,106.25,Up to 256 system RAM,3.216.0,DDR2,64128,0,0,0.0,0,0,0,0,0,0,0,0,0,0.0,0,0.0,0,0,0,0,0,0,0,0,0,0,0,0,0,0,0,0.0,0,0.0,0,0,0,0,0,0,0,0.0,0.0,0,0,0.0,0,0,0,0.0,0.0,0,0,0,0,0.0,0,0.0,0.0,0,0.0,0.0,0,0.0,0,0,0,0,0,0,0,0,0,0.0,0.0,0.0,0.0,0.0,0.0,0,0,0,0.0,0.0,0,0,0,0,No,No,Driver-Side Only,Limited,0,0,0,0,0,0,0,0,0,0.0,0,0,0,0,0,0,0,0,0,0,0,0,0,0,0,0,0,0,0,0,0,0,0,0,0,0,0,0,0,0,0,0
GeForce 6150 LE,2006-06-01,MCP61,TSMC 90 nm,0,0,HyperTransport,425,100–200 (DDR)200–533 (DDR2),2:1:2:1,850,425,850,106.25,Up to 256 system RAM,1.6–6.4 (DDR)3.2–17.056 (DDR2),DDRDDR2,64128,0,0,0.0,0,0,0,0,0,0,0,0,0,0.0,0,0.0,0,0,0,0,0,0,0,0,0,0,0,0,0,0,0,0.0,0,0.0,0,0,0,0,0,0,0,0.0,0.0,0,0,0.0,0,0,0,0.0,0.0,0,0,0,0,0.0,0,0.0,0.0,0,0.0,0.0,0,0.0,0,0,0,0,0,0,0,0,0,0.0,0.0,0.0,0.0,0.0,0.0,0,0,0,0.0,0.0,0,0,0,0,No,No,Driver-Side Only,Yes,0,0,0,0,0,0,0,0,0,0.0,0,0,0,0,0,0,0,0,0,0,0,0,0,0,0,0,0,0,0,0,0,0,0,0,0,0,0,0,0,0,0,0
GeForce 6150,2005-10-20,MCP51,TSMC 90 nm,0,0,HyperTransport,475,100–200 (DDR)200–533 (DDR2),2:1:2:1,950,475,950,118.75,Up to 256 system RAM,1.6–6.4 (DDR)3.2–17.056 (DDR2),DDRDDR2,64128,0,0,0.0,0,0,0,0,0,0,0,0,0,0.0,0,0.0,0,0,0,0,0,0,0,0,0,0,0,0,0,0,0,0.0,0,0.0,0,0,0,0,0,0,0,0.0,0.0,0,0,0.0,0,0,0,0.0,0.0,0,0,0,0,0.0,0,0.0,0.0,0,0.0,0.0,0,0.0,0,0,0,0,0,0,0,0,0,0.0,0.0,0.0,0.0,0.0,0.0,0,0,0,0.0,0.0,0,0,0,0,No,No,No,Yes,0,0,0,0,0,0,0,0,0,0.0,0,0,0,0,0,0,0,0,0,0,0,0,0,0,0,0,0,0,0,0,0,0,0,0,0,0,0,0,0,0,0,0
GeForce 6200 LE,2005-04-04,NV44,TSMC 110 nm,75110,0,AGP 8xPCIe x16,350,266,2:1:2:1,700,700,700,87.5,128256,4.256,DDR,64,0,0,0.0,0,0,0,0,0,0,0,0,0,0.0,0,0.0,0,0,0,0,0,0,0,0,0,0,0,0,0,0,0,0.0,0,0.0,0,0,0,0,0,0,0,0.0,0.0,0,0,0.0,0,0,0,0.0,0.0,0,0,0,0,0.0,0,0.0,0.0,0,0.0,0.0,0,0.0,0,0,0,0,0,0,0,0,0,0.0,0.0,0.0,0.0,0.0,0.0,0,0,0,0.0,0.0,0,0,0,0,0,0,0,0,0,0,0,0,0,0,0,0,0,0.0,0,0,0,0,0,0,0,0,0,0,0,0,0,0,0,0,0,0,0,0,0,0,0,0,0,0,0,0,0,0,0,0
GeForce 6200A,2005-04-04,NV44A,TSMC 110 nm,75110,0,AGP 8x,350,250 (DDR)250-333 (DDR2),4:3:4:2,"1,400",700,1400,175225 (DDR2),128256,44-5.34 (DDR2),DDRDDR2,64,0,0,0.0,0,0,0,0,0,0,0,0,0,0.0,0,0.0,0,0,0,0,0,0,0,0,0,0,0,0,0,0,0,0.0,0,0.0,0,0,0,0,0,0,0,0.0,0.0,0,0,0.0,0,0,0,0.0,0.0,0,0,0,0,0.0,0,0.0,0.0,0,0.0,0.0,0,0.0,0,0,0,0,0,0,0,0,0,0.0,0.0,0.0,0.0,0.0,0.0,0,0,0,0.0,0.0,0,0,0,0,0,0,0,0,0,0,0,0,0,0,0,0,0,0.0,0,0,0,0,0,0,0,0,0,0,0,0,0,0,0,0,0,0,0,0,0,0,0,0,0,0,0,0,0,0,0,0
GeForce 6200,2004-10-12,NV43,TSMC 110 nm,146154,0,AGP 8xPCIPCIe x16,300,275,4:3:4:4,1200,1200,1200,225,128256,8.8,DDR,128,0,0,0.0,0,0,0,0,0,0,0,0,0,0.0,0,0.0,0,0,0,0,0,0,0,0,0,0,0,0,0,0,0,0.0,0,0.0,0,0,0,0,0,0,0,0.0,0.0,0,0,0.0,0,0,0,0.0,0.0,0,0,0,0,0.0,0,0.0,0.0,0,0.0,0.0,0,0.0,0,0,0,0,0,0,0,0,0,0.0,0.0,0.0,0.0,0.0,0.0,0,0,0,0.0,0.0,0,0,0,0,No,No,Yes (PCIe only),Yes,0,0,0,0,0,0,0,0,0,0.0,0,0,0,0,0,0,0,0,0,0,0,0,0,0,0,0,0,0,0,0,0,0,0,0,0,0,0,0,0,0,0,0
GeForce 6200 TurboCache,2004-12-15,NV44,TSMC 110 nm,75110,0,PCIe x16,350,200275350,4:3:4:2,1400,700,1400,262.5,128–256 System RAM incl.16/32–64/128 onboard,3.24.45.6,DDR,64,0,0,0.0,0,0,0,0,0,0,0,0,0,0.0,0,0.0,0,0,0,0,0,0,0,0,0,0,0,0,0,0,0,0.0,0,0.0,0,0,0,0,0,0,0,0.0,0.0,0,0,0.0,0,0,0,0.0,0.0,0,0,0,0,0.0,0,0.0,0.0,0,0.0,0.0,0,0.0,0,0,0,0,0,0,0,0,0,0.0,0.0,0.0,0.0,0.0,0.0,0,0,0,0.0,0.0,0,0,0,0,0,0,0,0,0,0,0,0,0,0,0,0,0,0.0,0,0,0,0,0,0,0,0,0,0,0,0,0,0,0,0,0,0,0,0,0,0,0,0,0,0,0,0,0,0,0,0
GeForce 6500,2005-10-01,NV44,TSMC 110 nm,75110,0,PCIe x16,400,333,4:3:4:2,1600,800,1600,300,128256,5.328,DDR,64,0,0,0.0,0,0,0,0,0,0,0,0,0,0.0,0,0.0,0,0,0,0,0,0,0,0,0,0,0,0,0,0,0,0.0,0,0.0,0,0,0,0,0,0,0,0.0,0.0,0,0,0.0,0,0,0,0.0,0.0,0,0,0,0,0.0,0,0.0,0.0,0,0.0,0.0,0,0.0,0,0,0,0,0,0,0,0,0,0.0,0.0,0.0,0.0,0.0,0.0,0,0,0,0.0,0.0,0,0,0,0,No,Yes,Yes,Yes,0,0,0,0,0,0,0,0,0,0.0,0,0,0,0,0,0,0,0,0,0,0,0,0,0,0,0,0,0,0,0,0,0,0,0,0,0,0,0,0,0,0,0
GeForce 6600 LE,2005-01-01,NV43,TSMC 110 nm,146154,0,AGP 8xPCIe x16,300,200,4:3:4:4,1200,1200,1200,225,128256,6.4,DDR,128,0,0,0.0,0,0,0,0,0,0,0,0,0,0.0,0,0.0,0,0,0,0,0,0,0,0,0,0,0,0,0,0,0,0.0,0,0.0,0,0,0,0,0,0,0,0.0,0.0,0,0,0.0,0,0,0,0.0,0.0,0,0,0,0,0.0,0,0.0,0.0,0,0.0,0.0,0,0.0,0,0,0,0,0,0,0,0,0,0.0,0.0,0.0,0.0,0.0,0.0,0,0,0,0.0,0.0,0,0,0,0,Yes,Yes (No SLI Connector),No,Yes,0,0,0,0,0,0,0,0,0,0.0,0,0,0,0,0,0,0,0,0,0,0,0,0,0,0,0,0,0,0,0,0,0,0,0,0,0,0,0,0,0,0,0
GeForce 6600,2004-08-12,NV43,TSMC 110 nm,146154,0,AGP 8xPCIe x16,300,275400,8:3:8:4,2400,1200,2400,225,128256,8.812.8,DDRDDR2,128,0,0,0.0,0,0,0,0,0,0,0,0,0,0.0,0,0.0,0,0,0,0,0,0,0,0,0,0,0,0,0,0,0,0.0,0,0.0,0,0,0,0,0,0,0,0.0,0.0,0,0,0.0,0,0,0,0.0,0.0,0,0,0,0,0.0,0,0.0,0.0,0,0.0,0.0,0,0.0,0,0,0,0,0,0,0,0,0,0.0,0.0,0.0,0.0,0.0,0.0,0,0,0,0.0,0.0,0,0,0,0,Yes,Yes (SLI Connector or PCIe Interface),No,Yes,0,0,0,0,0,0,0,0,0,0.0,0,0,0,0,0,0,0,0,0,0,0,0,0,0,0,0,0,0,0,0,0,0,0,0,0,0,0,0,0,0,0,0
GeForce 6600 GT,2004-08-12,NV43,TSMC 110 nm,146154,0,AGP 8xPCIe x16,500,475 (AGP)500 (PCIe),8:3:8:4,4000,2000,4000,375,128256,15.2 (AGP),GDDR3,128,0,0,0.0,0,0,0,0,0,0,0,0,0,0.0,0,0.0,0,0,0,0,0,0,0,0,0,0,0,0,0,0,0,0.0,0,0.0,0,0,0,0,0,0,0,0.0,0.0,0,0,0.0,0,0,0,0.0,0.0,0,0,0,0,0.0,0,0.0,0.0,0,0.0,0.0,0,0.0,0,0,0,0,0,0,0,0,0,0.0,0.0,0.0,0.0,0.0,0.0,0,0,0,0.0,0.0,0,0,0,0,Yes,Yes,No,Yes,0,0,0,0,0,0,0,0,0,0.0,0,0,0,0,0,0,0,0,0,0,0,0,0,0,0,0,0,0,0,0,0,0,0,0,0,0,0,0,0,0,0,0
GeForce 6800 LE,2004-07-22,"NV40 (AGP)NV41, NV42 (PCIe)",IBM 130 nm,222287 (NV40),0,AGP 8xPCIe x16,320 (AGP)325 (PCIe),350,8:4:8:8,"2,560 (AGP)2,600 (PCIe)","2,560 (AGP)2,600 (PCIe)","2,560 (AGP)2,600 (PCIe)",320 (AGP)325 (PCIe),128,22.4,DDR,256,0,0,0.0,0,0,0,0,0,0,0,0,0,0.0,0,0.0,0,0,0,0,0,0,0,0,0,0,0,0,0,0,0,0.0,0,0.0,0,0,0,0,0,0,0,0.0,0.0,0,0,0.0,0,0,0,0.0,0.0,0,0,0,0,0.0,0,0.0,0.0,0,0.0,0.0,0,0.0,0,0,0,0,0,0,0,0,0,0.0,0.0,0.0,0.0,0.0,0.0,0,0,0,0.0,0.0,0,0,0,0,Yes,No,No,No,0,0,0,0,0,0,0,0,0,0.0,0,0,0,0,0,0,0,0,0,0,0,0,0,0,0,0,0,0,0,0,0,0,0,0,0,0,0,0,0,0,0,0
GeForce 6800 XT,2005-09-30,"NV40 (AGP)NV41, NV42 (PCIe)",IBM 130 nm,222287 (NV40),0,AGP 8xPCIe x16,300 (64 Bit)325,266 (64 Bit)350500 (GDDR3),8:4:8:8,24002600,24002600,24002600,300325,256,4.25611.222.432 (GDDR3),DDRDDR2GDDR3,64,0,0,0.0,0,0,0,0,0,0,0,0,0,0.0,0,0.0,0,0,0,0,0,0,0,0,0,0,0,0,0,0,0,0.0,0,0.0,0,0,0,0,0,0,0,0.0,0.0,0,0,0.0,0,0,0,0.0,0.0,0,0,0,0,0.0,0,0.0,0.0,0,0.0,0.0,0,0.0,0,0,0,0,0,0,0,0,0,0.0,0.0,0.0,0.0,0.0,0.0,0,0,0,0.0,0.0,0,0,0,0,Yes,Yes (PCIe only),No,Yes (NV42 only),0,0,0,0,0,0,0,0,0,0.0,0,0,0,0,0,0,0,0,0,0,0,0,0,0,0,0,0,0,0,0,0,0,0,0,0,0,0,0,0,0,0,0
GeForce 6800,2004-04-14,"NV40 (AGP)NV41, NV42 (PCIe)",IBM 130 nm,222287 (NV40),0,AGP 8xPCIe x16,325,350,12:5:12:12,3900,3900,3900,406.25,128256,22.4,DDR,256,0,0,0.0,0,0,0,0,0,0,0,0,0,0.0,0,0.0,0,0,0,0,0,0,0,0,0,0,0,0,0,0,0,0.0,0,0.0,0,0,0,0,0,0,0,0.0,0.0,0,0,0.0,0,0,0,0.0,0.0,0,0,0,0,0.0,0,0.0,0.0,0,0.0,0.0,0,0.0,0,0,0,0,0,0,0,0,0,0.0,0.0,0.0,0.0,0.0,0.0,0,0,0,0.0,0.0,0,0,0,0,Yes,Yes (PCIe only),No,"Yes (NV41, NV42 only)",0,0,0,0,0,0,0,0,0,0.0,0,0,0,0,0,0,0,0,0,0,0,0,0,0,0,0,0,0,0,0,0,0,0,0,0,0,0,0,0,0,0,0
GeForce 6800 GTO,2004-04-14,NV45,IBM 130 nm,222287 (NV45),0,PCIe x16,0,450,12:5:12:12,4200,4200,4200,437.5,256,28.8,GDDR3,256,0,0,0.0,0,0,0,0,0,0,0,0,0,0.0,0,0.0,0,0,0,0,0,0,0,0,0,0,0,0,0,0,0,0.0,0,0.0,0,0,0,0,0,0,0,0.0,0.0,0,0,0.0,0,0,0,0.0,0.0,0,0,0,0,0.0,0,0.0,0.0,0,0.0,0.0,0,0.0,0,0,0,0,0,0,0,0,0,0.0,0.0,0.0,0.0,0.0,0.0,0,0,0,0.0,0.0,0,0,0,0,Yes,Yes,No,No,0,0,0,0,0,0,0,0,0,0.0,0,0,0,0,0,0,0,0,0,0,0,0,0,0,0,0,0,0,0,0,0,0,0,0,0,0,0,0,0,0,0,0
GeForce 6800 GS,2005-11-07,NV42 (PCIe)NV40 (AGP),TSMC 110 nm,222287 (NV40),0,AGP 8xPCIe x16,425 (PCIe)350 (AGP),500,12:5:12:12,5100,5100,5100,531.25,128256,32,GDDR3,256,0,0,0.0,0,0,0,0,0,0,0,0,0,0.0,0,0.0,0,0,0,0,0,0,0,0,0,0,0,0,0,0,0,0.0,0,0.0,0,0,0,0,0,0,0,0.0,0.0,0,0,0.0,0,0,0,0.0,0.0,0,0,0,0,0.0,0,0.0,0.0,0,0.0,0.0,0,0.0,0,0,0,0,0,0,0,0,0,0.0,0.0,0.0,0.0,0.0,0.0,0,0,0,0.0,0.0,0,0,0,0,Yes,Yes (PCIe only),No,Yes (NV42 only),0,0,0,0,0,0,0,0,0,0.0,0,0,0,0,0,0,0,0,0,0,0,0,0,0,0,0,0,0,0,0,0,0,0,0,0,0,0,0,0,0,0,0
GeForce 6800 GT,2004-05-04,NV40 (AGP)NV45 (PCIe),IBM 130 nm,222287 (NV40),0,AGP 8xPCIe x16,350,500,16:6:16:16,5600,5600,5600,525,128256,32,GDDR3,256,0,0,0.0,0,0,0,0,0,0,0,0,0,0.0,0,0.0,0,0,0,0,0,0,0,0,0,0,0,0,0,0,0,0.0,0,0.0,0,0,0,0,0,0,0,0.0,0.0,0,0,0.0,0,0,0,0.0,0.0,0,0,0,0,0.0,0,0.0,0.0,0,0.0,0.0,0,0.0,0,0,0,0,0,0,0,0,0,0.0,0.0,0.0,0.0,0.0,0.0,0,0,0,0.0,0.0,0,0,0,0,Yes,Yes (PCIe only),No,No,0,0,0,0,0,0,0,0,0,0.0,0,0,0,0,0,0,0,0,0,0,0,0,0,0,0,0,0,0,0,0,0,0,0,0,0,0,0,0,0,0,0,0
GeForce 6800 Ultra,2004-05-04,NV40 (AGP)NV45 (PCIe),IBM 130 nm,222287 (NV40),0,AGP 8xPCIe x16,400,525 (512 MB)550 (256 MB),16:6:16:16,6400,6400,6400,600,256512,33.6 (512 MB)35.2 (256 MB),GDDR3,256,0,0,0.0,0,0,0,0,0,0,0,0,0,0.0,0,0.0,0,0,0,0,0,0,0,0,0,0,0,0,0,0,0,0.0,0,0.0,0,0,0,0,0,0,0,0.0,0.0,0,0,0.0,0,0,0,0.0,0.0,0,0,0,0,0.0,0,0.0,0.0,0,0.0,0.0,0,0.0,0,0,0,0,0,0,0,0,0,0.0,0.0,0.0,0.0,0.0,0.0,0,0,0,0.0,0.0,0,0,0,0,Yes,Yes (PCIe only),No,No,0,0,0,0,0,0,0,0,0,0.0,0,0,0,0,0,0,0,0,0,0,0,0,0,0,0,0,0,0,0,0,0,0,0,0,0,0,0,0,0,0,0,0
GeForce 6800 Ultra Extreme Edition,2004-05-04,NV40,IBM 130 nm,222287 (NV40),0,AGP 8x,450,600,16:6:16:16,7200,7200,7200,675,256,35.2,GDDR3,256,0,0,0.0,0,0,0,0,0,0,0,0,0,0.0,0,0.0,0,0,0,0,0,0,0,0,0,0,0,0,0,0,0,0.0,0,0.0,0,0,0,0,0,0,0,0.0,0.0,0,0,0.0,0,0,0,0.0,0.0,0,0,0,0,0.0,0,0.0,0.0,0,0.0,0.0,0,0.0,0,0,0,0,0,0,0,0,0,0.0,0.0,0.0,0.0,0.0,0.0,0,0,0,0.0,0.0,0,0,0,0,0,0,0,0,0,0,0,0,0,0,0,0,0,0.0,0,0,0,0,0,0,0,0,0,0,0,0,0,0,0,0,0,0,0,0,0,0,0,0,0,0,0,0,0,0,0,0
GeForce 7025,2007-07-01,MCP68S,TSMC 110 nm,0,0,HyperTransport,425,200 (DDR)400 (DDR2)933 (DDR3),2:1:2:2,850,850,850,106.25,Up to 256 system RAM,6.412.834,DDRDDR2DDR3,64128,0,0,0.0,0,0,0,0,0,0,0,0,0,0.0,0,0.0,0,0,0,0,0,0,0,0,0,0,0,0,0,0,0,0.0,0,0.0,0,0,0,0,0,0,0,0.0,0.0,0,0,0.0,0,0,0,0.0,0.0,0,0,0,0,0.0,0,0.0,0.0,0,0.0,0.0,0,0.0,0,0,0,0,0,0,0,0,0,0.0,0.0,0.0,0.0,0.0,0.0,0,0,0,0.0,0.0,0,0,0,0,0,0,0,0,0,0,0,0,0,0,0,0,0,0.0,0,0,0,0,0,0,0,0,0,0,0,0,0,0,0,0,0,0,0,0,0,0,0,0,0,0,0,0,0,0,0,0
GeForce 7050PV,2007-07-01,MCP67QV,TSMC 110 nm,0,0,HyperTransport,425,200 (DDR)400 (DDR2)933 (DDR3),2:1:2:2,850,850,850,106.25,Up to 256 system RAM,6.412.834,DDRDDR2DDR3,64128,0,0,0.0,0,0,0,0,0,0,0,0,0,0.0,0,0.0,0,0,0,0,0,0,0,0,0,0,0,0,0,0,0,0.0,0,0.0,0,0,0,0,0,0,0,0.0,0.0,0,0,0.0,0,0,0,0.0,0.0,0,0,0,0,0.0,0,0.0,0.0,0,0.0,0.0,0,0.0,0,0,0,0,0,0,0,0,0,0.0,0.0,0.0,0.0,0.0,0.0,0,0,0,0.0,0.0,0,0,0,0,0,0,0,0,0,0,0,0,0,0,0,0,0,0.0,0,0,0,0,0,0,0,0,0,0,0,0,0,0,0,0,0,0,0,0,0,0,0,0,0,0,0,0,0,0,0,0
GeForce 7050,2007-07-01,MCP73,TSMC 90 nm,0,0,HyperTransport/FSB,500,333,2:1:2:2,1000,1000,1000,125,Up to 256 system RAM,5.336,DDR2,64,0,0,0.0,0,0,0,0,0,0,0,0,0,0.0,0,0.0,0,0,0,0,0,0,0,0,0,0,0,0,0,0,0,0.0,0,0.0,0,0,0,0,0,0,0,0.0,0.0,0,0,0.0,0,0,0,0.0,0.0,0,0,0,0,0.0,0,0.0,0.0,0,0.0,0.0,0,0.0,0,0,0,0,0,0,0,0,0,0.0,0.0,0.0,0.0,0.0,0.0,0,0,0,0.0,0.0,0,0,0,0,0,0,0,0,0,0,0,0,0,0,0,0,0,0.0,0,0,0,0,0,0,0,0,0,0,0,0,0,0,0,0,0,0,0,0,0,0,0,0,0,0,0,0,0,0,0,0
GeForce 7100,2007-07-01,MCP76,TSMC 90 nm,0,0,FSB,600,400,2:1:2:2,1200,1200,1200,150,Up to 256 system RAM,6.4,DDR2,64,0,0,0.0,0,0,0,0,0,0,0,0,0,0.0,0,0.0,0,0,0,0,0,0,0,0,0,0,0,0,0,0,0,0.0,0,0.0,0,0,0,0,0,0,0,0.0,0.0,0,0,0.0,0,0,0,0.0,0.0,0,0,0,0,0.0,0,0.0,0.0,0,0.0,0.0,0,0.0,0,0,0,0,0,0,0,0,0,0.0,0.0,0.0,0.0,0.0,0.0,0,0,0,0.0,0.0,0,0,0,0,0,0,0,0,0,0,0,0,0,0,0,0,0,0.0,0,0,0,0,0,0,0,0,0,0,0,0,0,0,0,0,0,0,0,0,0,0,0,0,0,0,0,0,0,0,0,0
GeForce 7150,2007-07-01,MCP76,TSMC 90 nm,0,0,FSB,630,400,2:1:2:2,1260,1260,1260,157.5,Up to 256 system RAM,6.4,DDR2,64,0,0,0.0,0,0,0,0,0,0,0,0,0,0.0,0,0.0,0,0,0,0,0,0,0,0,0,0,0,0,0,0,0,0.0,0,0.0,0,0,0,0,0,0,0,0.0,0.0,0,0,0.0,0,0,0,0.0,0.0,0,0,0,0,0.0,0,0.0,0.0,0,0.0,0.0,0,0.0,0,0,0,0,0,0,0,0,0,0.0,0.0,0.0,0.0,0.0,0.0,0,0,0,0.0,0.0,0,0,0,0,0,0,0,0,0,0,0,0,0,0,0,0,0,0.0,0,0,0,0,0,0,0,0,0,0,0,0,0,0,0,0,0,0,0,0,0,0,0,0,0,0,0,0,0,0,0,0
GeForce 7100 GS,2006-08-08,NV44,TSMC 110 nm,75,110,PCIe x16,350,266333,4:3:4:2,1400,700,1400,262.5,128256,2.44.8,DDR2,3264,0,0,0.0,0,0,0,0,0,0,0,0,0,0.0,0,0.0,0,0,0,0,0,0,0,0,0,0,0,0,0,0,0,0.0,0,0.0,0,0,0,0,0,0,0,0.0,0.0,0,0,0.0,0,0,0,0.0,0.0,0,0,0,0,0.0,0,0.0,0.0,0,0.0,0.0,0,0.0,0,0,0,0,0,0,0,0,0,0.0,0.0,0.0,0.0,0.0,0.0,0,0,0,0.0,0.0,0,0,0,0,0,"Yes (PCIe only, No SLI bridge)",Yes,0,No,No,No,0,0,0,0,0,0,0.0,0,0,0,0,0,0,0,0,0,0,0,0,0,0,0,0,0,0,0,0,0,0,0,0,0,0,0,0,0,0,0,0
GeForce 7200 GS,2006-01-18,G72,TSMC 90 nm,112,81,PCIe x16,450,400,2:2:4:2,1800,900,1800,337.5,128256,3.26.4,DDR2,3264,0,0,0.0,0,0,0,0,0,0,0,0,0,0.0,0,0.0,0,0,0,0,0,0,0,0,0,0,0,0,0,0,0,0.0,0,0.0,0,0,0,0,0,0,0,0.0,0.0,0,0,0.0,0,0,0,0.0,0.0,0,0,0,0,0.0,0,0.0,0.0,0,0.0,0.0,0,0.0,0,0,0,0,0,0,0,0,0,0.0,0.0,0.0,0.0,0.0,0.0,0,0,0,0.0,0.0,0,0,0,0,0,No,Yes,0,Yes,Yes,No,0,0,0,0,0,0,0.0,0,0,0,0,0,0,0,0,0,0,0,0,0,0,0,0,0,0,0,0,0,0,0,0,0,0,0,0,0,0,0,0
GeForce 7300 SE,2006-03-22,G72,TSMC 90 nm,112,81,PCIe x16,350,333,4:3:4:2,1800,900,1800,337.5,128,2.6565.328,DDR2,3264,0,0,0.0,0,0,0,0,0,0,0,0,0,0.0,0,0.0,0,0,0,0,0,0,0,0,0,0,0,0,0,0,0,0.0,0,0.0,0,0,0,0,0,0,0,0.0,0.0,0,0,0.0,0,0,0,0.0,0.0,0,0,0,0,0.0,0,0.0,0.0,0,0.0,0.0,0,0.0,0,0,0,0,0,0,0,0,0,0.0,0.0,0.0,0.0,0.0,0.0,0,0,0,0.0,0.0,0,0,0,0,0,No,Yes,0,Yes,Yes,No,0,0,0,0,0,0,0.0,0,0,0,0,0,0,0,0,0,0,0,0,0,0,0,0,0,0,0,0,0,0,0,0,0,0,0,0,0,0,0,0
GeForce 7300 LE,2006-03-22,G72,TSMC 90 nm,112,81,PCIe x16,350,333,4:3:4:2,1800,900,1800,337.5,128,2.6565.328,DDR2,3264,0,0,0.0,0,0,0,0,0,0,0,0,0,0.0,0,0.0,0,0,0,0,0,0,0,0,0,0,0,0,0,0,0,0.0,0,0.0,0,0,0,0,0,0,0,0.0,0.0,0,0,0.0,0,0,0,0.0,0.0,0,0,0,0,0.0,0,0.0,0.0,0,0.0,0.0,0,0.0,0,0,0,0,0,0,0,0,0,0.0,0.0,0.0,0.0,0.0,0.0,0,0,0,0.0,0.0,0,0,0,0,0,No,Yes,0,Yes,Yes,No,0,0,0,0,0,0,0.0,0,0,0,0,0,0,0,0,0,0,0,0,0,0,0,0,0,0,0,0,0,0,0,0,0,0,0,0,0,0,0,0
GeForce 7300 GS,2006-01-18,G72,TSMC 90 nm,112,81,PCIe x16,550,400,4:3:4:2,2200,1100,2200,412.5,128256,6.4,DDR2,64,0,0,0.0,0,0,0,0,0,0,0,0,0,0.0,0,0.0,0,0,0,0,0,0,0,0,0,0,0,0,0,0,0,0.0,0,0.0,0,0,0,0,0,0,0,0.0,0.0,0,0,0.0,0,0,0,0.0,0.0,0,0,0,0,0.0,0,0.0,0.0,0,0.0,0.0,0,0.0,0,0,0,0,0,0,0,0,0,0.0,0.0,0.0,0.0,0.0,0.0,0,0,0,0.0,0.0,0,0,0,0,0,Yes (PCIe only),Yes,0,Yes,Yes,No,0,0,0,0,0,0,0.0,0,0,0,0,0,0,0,0,0,0,0,0,0,0,0,0,0,0,0,0,0,0,0,0,0,0,0,0,0,0,0,0
GeForce 7300 GT,2006-05-15,G73,TSMC 90 nm,177,125,AGP 8xPCIe x16,350,325 (DDR2)700 (GDDR3),8:5:8:4,2800,1400,2800,437.5,128256,10.422.4,DDR2GDDR3,128,0,0,0.0,0,0,0,0,0,0,0,0,0,0.0,0,0.0,0,0,0,0,0,0,0,0,0,0,0,0,0,0,0,0.0,0,0.0,0,0,0,0,0,0,0,0.0,0.0,0,0,0.0,0,0,0,0.0,0.0,0,0,0,0,0.0,0,0.0,0.0,0,0.0,0.0,0,0.0,0,0,0,0,0,0,0,0,0,0.0,0.0,0.0,0.0,0.0,0.0,0,0,0,0.0,0.0,0,0,0,0,0,"Yes (PCIe only, No SLI bridge)",No,0,Yes,Yes,One port,0,0,0,0,0,0,0.0,0,0,0,0,0,0,0,0,0,0,0,0,0,0,0,0,0,0,0,0,0,0,0,0,0,0,0,0,0,0,0,0
GeForce 7500 LE,2006-01-01,G72,TSMC 90 nm,112,81,PCIe x16,475550,405324,4:3:4:2,2200,1100,2200,593.8,64128256,6.4805.2,DDR2,64,0,0,0.0,0,0,0,0,0,0,0,0,0,0.0,0,0.0,0,0,0,0,0,0,0,0,0,0,0,0,0,0,0,0.0,0,0.0,0,0,0,0,0,0,0,0.0,0.0,0,0,0.0,0,0,0,0.0,0.0,0,0,0,0,0.0,0,0.0,0.0,0,0.0,0.0,0,0.0,0,0,0,0,0,0,0,0,0,0.0,0.0,0.0,0.0,0.0,0.0,0,0,0,0.0,0.0,0,0,0,0,0,0,0,0,0,0,0,0,0,0,0,0,0,0.0,0,0,0,0,0,0,0,0,0,0,0,0,0,0,0,0,0,0,0,0,0,0,0,0,0,0,0,0,0,0,0,0
GeForce 7600 GS,2006-03-22,G73,TSMC 90 nm,177,125,AGP 8xPCIe x16,400,400 (DDR2)700 (GDDR3),12:5:12:8,4800,3200,4800,500,256,12.822.4,DDR2GDDR3,128,0,0,0.0,0,0,0,0,0,0,0,0,0,0.0,0,0.0,0,0,0,0,0,0,0,0,0,0,0,0,0,0,0,0.0,0,0.0,0,0,0,0,0,0,0,0.0,0.0,0,0,0.0,0,0,0,0.0,0.0,0,0,0,0,0.0,0,0.0,0.0,0,0.0,0.0,0,0.0,0,0,0,0,0,0,0,0,0,0.0,0.0,0.0,0.0,0.0,0.0,0,0,0,0.0,0.0,0,0,0,0,0,Yes (PCIe only),No,0,Yes,Yes,One port,0,0,0,0,0,0,0.0,0,0,0,0,0,0,0,0,0,0,0,0,0,0,0,0,0,0,0,0,0,0,0,0,0,0,0,0,0,0,0,0
GeForce 7600 GT,2006-03-09,G73,TSMC 90 nm,177,125,AGP 8xPCIe x16,560,400 (DDR2)700 (GDDR3),12:5:12:8,6720,4480,6720,700,256,12.822.4,DDR2GDDR3,128,0,0,0.0,0,0,0,0,0,0,0,0,0,0.0,0,0.0,0,0,0,0,0,0,0,0,0,0,0,0,0,0,0,0.0,0,0.0,0,0,0,0,0,0,0,0.0,0.0,0,0,0.0,0,0,0,0.0,0.0,0,0,0,0,0.0,0,0.0,0.0,0,0.0,0.0,0,0.0,0,0,0,0,0,0,0,0,0,0.0,0.0,0.0,0.0,0.0,0.0,0,0,0,0.0,0.0,0,0,0,0,0,Yes (PCIe only),No,0,Yes,Yes,One port,0,0,0,0,0,0,0.0,0,0,0,0,0,0,0,0,0,0,0,0,0,0,0,0,0,0,0,0,0,0,0,0,0,0,0,0,0,0,0,0
GeForce 7600 GT 80 nm,2007-01-08,G73-B1,TSMC 80 nm,177,125,AGP 8xPCIe x16,560,400 (DDR2)700 (GDDR3),12:5:12:8,6720,4480,6720,700,256,12.822.4,DDR2GDDR3,128,0,0,0.0,0,0,0,0,0,0,0,0,0,0.0,0,0.0,0,0,0,0,0,0,0,0,0,0,0,0,0,0,0,0.0,0,0.0,0,0,0,0,0,0,0,0.0,0.0,0,0,0.0,0,0,0,0.0,0.0,0,0,0,0,0.0,0,0.0,0.0,0,0.0,0.0,0,0.0,0,0,0,0,0,0,0,0,0,0.0,0.0,0.0,0.0,0.0,0.0,0,0,0,0.0,0.0,0,0,0,0,0,0,0,0,0,0,0,0,0,0,0,0,0,0.0,0,0,0,0,0,0,0,0,0,0,0,0,0,0,0,0,0,0,0,0,0,0,0,0,0,0,0,0,0,0,0,0
GeForce 7650 GS,2006-03-22,G73,TSMC 80 nm,177,125,PCIe x16,450,400,12:5:12:8,5400,3600,5400,562.5,256,12.7,DDR2,128,0,0,0.0,0,0,0,0,0,0,0,0,0,0.0,0,0.0,0,0,0,0,0,0,0,0,0,0,0,0,0,0,0,0.0,0,0.0,0,0,0,0,0,0,0,0.0,0.0,0,0,0.0,0,0,0,0.0,0.0,0,0,0,0,0.0,0,0.0,0.0,0,0.0,0.0,0,0.0,0,0,0,0,0,0,0,0,0,0.0,0.0,0.0,0.0,0.0,0.0,0,0,0,0.0,0.0,0,0,0,0,0,0,0,0,0,0,0,0,0,0,0,0,0,0.0,0,0,0,0,0,0,0,0,0,0,0,0,0,0,0,0,0,0,0,0,0,0,0,0,0,0,0,0,0,0,0,0
GeForce 7800 GS,2006-02-02,G70,TSMC 110 nm,302,333,AGP 8x,375,600,16:8:16:8,6000,3000,6000,750,256,38.4,GDDR3,256,0,0,0.0,0,0,0,0,0,0,0,0,0,0.0,0,0.0,0,0,0,0,0,0,0,0,0,0,0,0,0,0,0,0.0,0,0.0,0,0,0,0,0,0,0,0.0,0.0,0,0,0.0,0,0,0,0.0,0.0,0,0,0,0,0.0,0,0.0,0.0,0,0.0,0.0,0,0.0,0,0,0,0,0,0,0,0,0,0.0,0.0,0.0,0.0,0.0,0.0,0,0,0,0.0,0.0,0,0,0,0,0,No,No,0,Yes,Yes,One port,0,0,0,0,0,0,0.0,0,0,0,0,0,0,0,0,0,0,0,0,0,0,0,0,0,0,0,0,0,0,0,0,0,0,0,0,0,0,0,0
GeForce 7800 GT,2005-08-11,G70,TSMC 110 nm,302,333,PCIe x16,400,500,20:7:20:16,8000,6400,8000,700,256,32,GDDR3,256,0,0,0.0,0,0,0,0,0,0,0,0,0,0.0,0,0.0,0,0,0,0,0,0,0,0,0,0,0,0,0,0,0,0.0,0,0.0,0,0,0,0,0,0,0,0.0,0.0,0,0,0.0,0,0,0,0.0,0.0,0,0,0,0,0.0,0,0.0,0.0,0,0.0,0.0,0,0.0,0,0,0,0,0,0,0,0,0,0.0,0.0,0.0,0.0,0.0,0.0,0,0,0,0.0,0.0,0,0,0,0,0,Yes,No,0,Yes,Yes,One port,0,0,0,0,0,0,0.0,0,0,0,0,0,0,0,0,0,0,0,0,0,0,0,0,0,0,0,0,0,0,0,0,0,0,0,0,0,0,0,0
GeForce 7800 GTX,2005-06-22,G70,TSMC 110 nm,302,333,PCIe x16,430 (256 MB)550 (512 MB),600 (256 MB)850 (512 MB),24:8:24:16,"10,320 (256 MB)13,200 (512 MB)","6,880 (256 MB)8800 (512 MB)","10,320 (256 MB)13,200 (512 MB)","860 (256 MB)1,100 (512 MB)",256512,38.4 (256 MB) 54.4 (512 MB),GDDR3,256,0,0,0.0,0,0,0,0,0,0,0,0,0,0.0,0,0.0,0,0,0,0,0,0,0,0,0,0,0,0,0,0,0,0.0,0,0.0,0,0,0,0,0,0,0,0.0,0.0,0,0,0.0,0,0,0,0.0,0.0,0,0,0,0,0.0,0,0.0,0.0,0,0.0,0.0,0,0.0,0,0,0,0,0,0,0,0,0,0.0,0.0,0.0,0.0,0.0,0.0,0,0,0,0.0,0.0,0,0,0,0,0,Yes,No,0,Yes,Yes,One port,0,0,0,0,0,0,0.0,0,0,0,0,0,0,0,0,0,0,0,0,0,0,0,0,0,0,0,0,0,0,0,0,0,0,0,0,0,0,0,0
GeForce 7900 GS,2006-05-01,G71,TSMC 90 nm,278,196,AGP 8xPCIe x16,450,660,20:7:20:16,9000,7200,9000,787.5,256,42.24,GDDR3,256,0,0,0.0,0,0,0,0,0,0,0,0,0,0.0,0,0.0,0,0,0,0,0,0,0,0,0,0,0,0,0,0,0,0.0,0,0.0,0,0,0,0,0,0,0,0.0,0.0,0,0,0.0,0,0,0,0.0,0.0,0,0,0,0,0.0,0,0.0,0.0,0,0.0,0.0,0,0.0,0,0,0,0,0,0,0,0,0,0.0,0.0,0.0,0.0,0.0,0.0,0,0,0,0.0,0.0,0,0,0,0,0,Yes (PCIe only),No,0,Yes,Yes,Two ports,0,0,0,0,0,0,0.0,0,0,0,0,0,0,0,0,0,0,0,0,0,0,0,0,0,0,0,0,0,0,0,0,0,0,0,0,0,0,0,0
GeForce 7900 GT,2006-03-09,G71,TSMC 90 nm,278,196,PCIe x16,450,660,24:8:24:16,10800,7200,10800,900,256,42.24,GDDR3,256,0,0,0.0,0,0,0,0,0,0,0,0,0,0.0,0,0.0,0,0,0,0,0,0,0,0,0,0,0,0,0,0,0,0.0,0,0.0,0,0,0,0,0,0,0,0.0,0.0,0,0,0.0,0,0,0,0.0,0.0,0,0,0,0,0.0,0,0.0,0.0,0,0.0,0.0,0,0.0,0,0,0,0,0,0,0,0,0,0.0,0.0,0.0,0.0,0.0,0.0,0,0,0,0.0,0.0,0,0,0,0,0,Yes,No,0,Yes,Yes,Two ports,0,0,0,0,0,0,0.0,0,0,0,0,0,0,0,0,0,0,0,0,0,0,0,0,0,0,0,0,0,0,0,0,0,0,0,0,0,0,0,0
GeForce 7900 GTO,2006-10-01,G71,TSMC 90 nm,278,196,PCIe x16,650,660,24:8:24:16,15600,10400,15600,1300,512,42.24,GDDR3,256,0,0,0.0,0,0,0,0,0,0,0,0,0,0.0,0,0.0,0,0,0,0,0,0,0,0,0,0,0,0,0,0,0,0.0,0,0.0,0,0,0,0,0,0,0,0.0,0.0,0,0,0.0,0,0,0,0.0,0.0,0,0,0,0,0.0,0,0.0,0.0,0,0.0,0.0,0,0.0,0,0,0,0,0,0,0,0,0,0.0,0.0,0.0,0.0,0.0,0.0,0,0,0,0.0,0.0,0,0,0,0,0,Yes,No,0,Yes,Yes,Two ports,0,0,0,0,0,0,0.0,0,0,0,0,0,0,0,0,0,0,0,0,0,0,0,0,0,0,0,0,0,0,0,0,0,0,0,0,0,0,0,0
GeForce 7900 GTX,2006-03-09,G71,TSMC 90 nm,278,196,PCIe x16,650,800,24:8:24:16,15600,10400,15600,1300,512,51.2,GDDR3,256,0,0,0.0,0,0,0,0,0,0,0,0,0,0.0,0,0.0,0,0,0,0,0,0,0,0,0,0,0,0,0,0,0,0.0,0,0.0,0,0,0,0,0,0,0,0.0,0.0,0,0,0.0,0,0,0,0.0,0.0,0,0,0,0,0.0,0,0.0,0.0,0,0.0,0.0,0,0.0,0,0,0,0,0,0,0,0,0,0.0,0.0,0.0,0.0,0.0,0.0,0,0,0,0.0,0.0,0,0,0,0,0,Yes,No,0,Yes,Yes,Two ports,0,0,0,0,0,0,0.0,0,0,0,0,0,0,0,0,0,0,0,0,0,0,0,0,0,0,0,0,0,0,0,0,0,0,0,0,0,0,0,0
GeForce 7900 GX2,2006-03-09,G71,TSMC 90 nm,278,196,PCIe x16,500,600,2x 24:8:24:16,24000,16000,24000,2000,2x 512,2x 38.4,GDDR3,256,0,0,0.0,0,0,0,0,0,0,0,0,0,0.0,0,0.0,0,0,0,0,0,0,0,0,0,0,0,0,0,0,0,0.0,0,0.0,0,0,0,0,0,0,0,0.0,0.0,0,0,0.0,0,0,0,0.0,0.0,0,0,0,0,0.0,0,0.0,0.0,0,0.0,0.0,0,0.0,0,0,0,0,0,0,0,0,0,0.0,0.0,0.0,0.0,0.0,0.0,0,0,0,0.0,0.0,0,0,0,0,0,0,0,0,0,0,0,0,0,0,0,0,0,0.0,0,0,0,0,0,0,0,0,0,0,0,0,0,0,0,0,0,0,0,0,0,0,0,0,0,0,0,0,0,0,0,0
GeForce 7950 GT,2006-09-06,G71,TSMC 90 nm,278,196,AGP 8xPCIe x16,550,700,24:8:24:16,13200,8800,13200,1100,512,44.8,GDDR3,256,0,0,0.0,0,0,0,0,0,0,0,0,0,0.0,0,0.0,0,0,0,0,0,0,0,0,0,0,0,0,0,0,0,0.0,0,0.0,0,0,0,0,0,0,0,0.0,0.0,0,0,0.0,0,0,0,0.0,0.0,0,0,0,0,0.0,0,0.0,0.0,0,0.0,0.0,0,0.0,0,0,0,0,0,0,0,0,0,0.0,0.0,0.0,0.0,0.0,0.0,0,0,0,0.0,0.0,0,0,0,0,0,Yes (PCIe only),No,0,Yes,Yes,Two ports,0,0,0,0,0,0,0.0,0,0,0,0,0,0,0,0,0,0,0,0,0,0,0,0,0,0,0,0,0,0,0,0,0,0,0,0,0,0,0,0
GeForce 7950 GX2,2006-06-05,G71,TSMC 90 nm,278,196,PCIe x16,500,600,2x 24:8:24:16,24000,16000,24000,2000,2x 512,2x 38.4,GDDR3,256,0,0,0.0,0,0,0,0,0,0,0,0,0,0.0,0,0.0,0,0,0,0,0,0,0,0,0,0,0,0,0,0,0,0.0,0,0.0,0,0,0,0,0,0,0,0.0,0.0,0,0,0.0,0,0,0,0.0,0.0,0,0,0,0,0.0,0,0.0,0.0,0,0.0,0.0,0,0.0,0,0,0,0,0,0,0,0,0,0.0,0.0,0.0,0.0,0.0,0.0,0,0,0,0.0,0.0,0,0,0,0,0,Yes,No,0,Yes,Yes,Two ports,0,0,0,0,0,0,0.0,0,0,0,0,0,0,0,0,0,0,0,0,0,0,0,0,0,0,0,0,0,0,0,0,0,0,0,0,0,0,0,0
GeForce 8100 mGPU,2008-01-01,MCP78,TSMC 80 nm,Un­known,Un­known,PCIe 2.0 x16,0,0,8:8:4,0,0,0,0,Up to 512 from system memory,6.412.8,DDR2,64128,0,10.0,3.3,500,1200,400(system memory),2,4,28.8,Un­known,The block of decoding of HD-video PureVideo HD is disconnected,0,0.0,0,0.0,0,0,0,0,0,0,0,0,0,0,0,0,0,0,0,0.0,0,0.0,0,0,0,0,0,0,0,0.0,0.0,0,0,0.0,0,0,0,0.0,0.0,0,0,0,0,0.0,0,0.0,0.0,0,0.0,0.0,0,0.0,0,0,0,0,0,0,0,0,0,0.0,0.0,0.0,0.0,0.0,0.0,0,0,0,0.0,0.0,0,0,0,0,0,0,0,0,0,0,0,0,0,0,0,0,0,0.0,0,0,0,0,0,0,0,0,0,0,0,0,0,0,0,0,0,0,0,0,0,0,0,0,0,0,0,0,0,0,0,0
GeForce 8200 mGPU,2008-01-01,MCP78,TSMC 80 nm,Un­known,Un­known,PCIe 2.0 x16,0,0,8:8:4,0,0,0,0,gt,6.412.8,DDR2,64128,0,10.0,3.3,500,1200,400(system memory),2,4,28.8,Un­known,PureVideo 3 with VP3,0,0.0,0,0.0,0,0,0,0,0,0,0,0,0,0,0,0,0,0,0,0.0,0,0.0,0,0,0,0,0,0,0,0.0,0.0,0,0,0.0,0,0,0,0.0,0.0,0,0,0,0,0.0,0,0.0,0.0,0,0.0,0.0,0,0.0,0,0,0,0,0,0,0,0,0,0.0,0.0,0.0,0.0,0.0,0.0,0,0,0,0.0,0.0,0,0,0,0,0,0,0,0,0,0,0,0,0,0,0,0,0,0.0,0,0,0,0,0,0,0,0,0,0,0,0,0,0,0,0,0,0,0,0,0,0,0,0,0,0,0,0,0,0,0,0
GeForce 8300 mGPU,2008-01-01,MCP78,TSMC 80 nm,Un­known,Un­known,PCIe 2.0 x16,0,0,8:8:4,0,0,0,0,Up to 512 from system memory,6.412.8,DDR2,64128,0,10.0,3.3,500,1500,400(system memory),2,4,36,Un­known,PureVideo 3 with VP3,0,0.0,0,0.0,0,0,0,0,0,0,0,0,0,0,0,0,0,0,0,0.0,0,0.0,0,0,0,0,0,0,0,0.0,0.0,0,0,0.0,0,0,0,0.0,0.0,0,0,0,0,0.0,0,0.0,0.0,0,0.0,0.0,0,0.0,0,0,0,0,0,0,0,0,0,0.0,0.0,0.0,0.0,0.0,0.0,0,0,0,0.0,0.0,0,0,0,0,0,0,0,0,0,0,0,0,0,0,0,0,0,0.0,0,0,0,0,0,0,0,0,0,0,0,0,0,0,0,0,0,0,0,0,0,0,0,0,0,0,0,0,0,0,0,0
GeForce 8300 GS,2007-07-01,G86,TSMC 80 nm,210,127,PCIe 1.0 x16,0,0,8:8:4,0,0,0,0,128512,6.4,DDR2,64,0,10.0,3.3,450,900,400,1.8,3.6,14.4,40,OEM only,0,0.0,0,0.0,0,0,0,0,0,0,0,0,0,0,0,0,0,0,0,0.0,0,0.0,0,0,0,0,0,0,0,0.0,0.0,0,0,0.0,0,0,0,0.0,0.0,0,0,0,0,0.0,0,0.0,0.0,0,0.0,0.0,0,0.0,0,0,0,0,0,0,0,0,0,0.0,0.0,0.0,0.0,0.0,0.0,0,0,0,0.0,0.0,0,0,0,0,0,0,0,0,0,0,0,0,0,0,0,0,0,0.0,0,0,0,0,0,0,0,0,0,0,0,0,0,0,0,0,0,0,0,0,0,0,0,0,0,0,0,0,0,0,0,0
GeForce 8400 GS,2007-06-15,G86,TSMC 80 nm,210,127,PCIe 1.0 x16PCI,0,0,16:8:4,0,0,0,0,128256512,6.4,DDR2,64,0,10.0,3.3,450,900,400,1.8,3.6,28.8,40,0,0,0.0,0,0.0,0,0,0,0,0,0,0,0,0,0,0,0,0,0,0,0.0,0,0.0,0,0,0,0,0,0,0,0.0,0.0,0,0,0.0,0,0,0,0.0,0.0,0,0,0,0,0.0,0,0.0,0.0,0,0.0,0.0,0,0.0,0,0,0,0,0,0,0,0,0,0.0,0.0,0.0,0.0,0.0,0.0,0,0,0,0.0,0.0,0,0,0,0,0,0,0,0,0,0,0,0,0,0,0,0,0,0.0,0,0,0,0,0,0,0,0,0,0,0,0,0,0,0,0,0,0,0,0,0,0,0,0,0,0,0,0,0,0,0,0
GeForce 8400 GS rev.2,2007-12-10,G98,TSMC 65 nm,210,86,PCIe 2.0 x16PCIe x1PCI,0,0,8:8:4,0,0,0,0,128256512,6.4,DDR2,64,0,10.0,3.3,567,1400,400,2.268,4.536,22.4,25,0,0,0.0,0,0.0,0,0,0,0,0,0,0,0,0,0,0,0,0,0,0,0.0,0,0.0,0,0,0,0,0,0,0,0.0,0.0,0,0,0.0,0,0,0,0.0,0.0,0,0,0,0,0.0,0,0.0,0.0,0,0.0,0.0,0,0.0,0,0,0,0,0,0,0,0,0,0.0,0.0,0.0,0.0,0.0,0.0,0,0,0,0.0,0.0,0,0,0,0,0,0,0,0,0,0,0,0,0,0,0,0,0,0.0,0,0,0,0,0,0,0,0,0,0,0,0,0,0,0,0,0,0,0,0,0,0,0,0,0,0,0,0,0,0,0,0
GeForce 8400 GS rev.3,2010-07-12,GT218,TSMC 40 nm,260,57,PCIe 2.0 x16,0,0,8:4:4,0,0,0,0,5121024,4.86.49.6,DDR2DDR3,3264,0,10.1,3.3,520589,1230,400 (DDR2)600 (DDR3),2.082.356,2.082.356,19.7,25,0,0,0.0,0,0.0,0,0,0,0,0,0,0,0,0,0,0,0,0,0,0,0.0,0,0.0,0,0,0,0,0,0,0,0.0,0.0,0,0,0.0,0,0,0,0.0,0.0,0,0,0,0,0.0,0,0.0,0.0,0,0.0,0.0,0,0.0,0,0,0,0,0,0,0,0,0,0.0,0.0,0.0,0.0,0.0,0.0,0,0,0,0.0,0.0,0,0,0,0,0,0,0,0,0,0,0,0,0,0,0,0,0,0.0,0,0,0,0,0,0,0,0,0,0,0,0,0,0,0,0,0,0,0,0,0,0,0,0,0,0,0,0,0,0,0,0
GeForce 8500 GT,2007-04-17,G86,TSMC 80 nm,210,127,PCIe 1.0 x16PCI,0,0,16:8:4,0,0,0,0,2565121024,12.8,DDR2,128,0,10.0,3.3,450,900,400,1.8,3.6,28.8,45,0,0,0.0,0,0.0,0,0,0,0,0,0,0,0,0,0,0,0,0,0,0,0.0,0,0.0,0,0,0,0,0,0,0,0.0,0.0,0,0,0.0,0,0,0,0.0,0.0,0,0,0,0,0.0,0,0.0,0.0,0,0.0,0.0,0,0.0,0,0,0,0,0,0,0,0,0,0.0,0.0,0.0,0.0,0.0,0.0,0,0,0,0.0,0.0,0,0,0,0,0,0,0,0,0,0,0,Yes,No,No,Yes,No,No,1.1,0,0,0,0,0,0,0,0,0,0,0,0,0,0,0,0,0,0,0,0,0,0,0,0,0,0,0,0,0,0,0,0
GeForce 8600 GS,2007-04-01,G84,TSMC 80 nm,289,169,PCIe 1.0 x16,0,0,16:8:8,0,0,0,0,256512,12.8,DDR2,128,0,10.0,3.3,540,1180,400,4.32,4.32,75.5,47,OEM only,0,0.0,0,0.0,0,0,0,0,0,0,0,0,0,0,0,0,0,0,0,0.0,0,0.0,0,0,0,0,0,0,0,0.0,0.0,0,0,0.0,0,0,0,0.0,0.0,0,0,0,0,0.0,0,0.0,0.0,0,0.0,0.0,0,0.0,0,0,0,0,0,0,0,0,0,0.0,0.0,0.0,0.0,0.0,0.0,0,0,0,0.0,0.0,0,0,0,0,0,0,0,0,0,0,0,0,0,0,0,0,0,0.0,0,0,0,0,0,0,0,0,0,0,0,0,0,0,0,0,0,0,0,0,0,0,0,0,0,0,0,0,0,0,0,0
GeForce 8600 GT,2007-04-17,G84,TSMC 80 nm,289,169,PCIe 1.0 x16PCI,0,0,32:16:8,0,0,0,0,2565121024,12.822.4,DDR2GDDR3,128,0,10.0,3.3,540,1188,400700,4.32,8.64,76,47,0,0,0.0,0,0.0,0,0,0,0,0,0,0,0,0,0,0,0,0,0,0,0.0,0,0.0,0,0,0,0,0,0,0,0.0,0.0,0,0,0.0,0,0,0,0.0,0.0,0,0,0,0,0.0,0,0.0,0.0,0,0.0,0.0,0,0.0,0,0,0,0,0,0,0,0,0,0.0,0.0,0.0,0.0,0.0,0.0,0,0,0,0.0,0.0,0,0,0,0,0,0,0,0,0,0,0,Yes,No,No,Yes,No,No,1.1,0,0,0,0,0,0,0,0,0,0,0,0,0,0,0,0,0,0,0,0,0,0,0,0,0,0,0,0,0,0,0,0
GeForce 8600 GTS,2007-04-17,G84,TSMC 80 nm,289,169,PCIe 1.0 x16,0,0,32:16:8,0,0,0,0,256512,32,GDDR3,128,0,10.0,3.3,675,1450,1000,5.4,10.8,92.8,71,0,0,0.0,0,0.0,0,0,0,0,0,0,0,0,0,0,0,0,0,0,0,0.0,0,0.0,0,0,0,0,0,0,0,0.0,0.0,0,0,0.0,0,0,0,0.0,0.0,0,0,0,0,0.0,0,0.0,0.0,0,0.0,0.0,0,0.0,0,0,0,0,0,0,0,0,0,0.0,0.0,0.0,0.0,0.0,0.0,0,0,0,0.0,0.0,0,0,0,0,0,0,0,0,0,0,0,Yes,No,No,Yes,No,No,1.1,0,0,0,0,0,0,0,0,0,0,0,0,0,0,0,0,0,0,0,0,0,0,0,0,0,0,0,0,0,0,0,0
GeForce 8800 GS,2008-01-01,G92,TSMC 65 nm,754,324,PCIe 2.0 x16,0,0,96:48:12,0,0,0,0,384768,38.4,GDDR3,192,0,10.0,3.3,550,1375,800,6.6,26.4,264,105,0,0,0.0,0,0.0,0,0,0,0,0,0,0,0,0,0,0,0,0,0,0,0.0,0,0.0,0,0,0,0,0,0,0,0.0,0.0,0,0,0.0,0,0,0,0.0,0.0,0,0,0,0,0.0,0,0.0,0.0,0,0.0,0.0,0,0.0,0,0,0,0,0,0,0,0,0,0.0,0.0,0.0,0.0,0.0,0.0,0,0,0,0.0,0.0,0,0,0,0,0,0,0,0,0,0,0,0,0,0,0,0,0,0.0,0,0,0,0,0,0,0,0,0,0,0,0,0,0,0,0,0,0,0,0,0,0,0,0,0,0,0,0,0,0,0,0
GeForce 8800 GTS,2007-02-12,G80,TSMC 90 nm,681,484,PCIe 1.0 x16,0,0,96:24:20,0,0,0,0,320640,64,GDDR3,320,0,10.0,3.3,513,1188,800,10.3,12.3,228,146,0,0,0.0,0,0.0,0,0,0,0,0,0,0,0,0,0,0,0,0,0,0,0.0,0,0.0,0,0,0,0,0,0,0,0.0,0.0,0,0,0.0,0,0,0,0.0,0.0,0,0,0,0,0.0,0,0.0,0.0,0,0.0,0.0,0,0.0,0,0,0,0,0,0,0,0,0,0.0,0.0,0.0,0.0,0.0,0.0,0,0,0,0.0,0.0,0,0,0,0,0,0,0,0,0,0,0,0,0,0,0,0,0,0.0,0,0,Tesla,0,0,0,0,0.0,0,0,0,0.0,0,0,0.0,0,0,345.6,No,0,0,0,0,1× G80,0,128,1350,—,No,1.0,0,G80
GeForce 8800 GTS,2007-02-12,G80,TSMC 90 nm,681,484,PCIe 1.0 x16,0,0,96:24:20,0,0,0,0,320640,64,GDDR3,320,0,10.0,3.3,513,1188,800,10.3,12.3,228,146,0,0,0.0,0,0.0,0,0,0,0,0,0,0,0,0,0,0,0,0,0,0,0.0,0,0.0,0,0,0,0,0,0,0,0.0,0.0,0,0,0.0,0,0,0,0.0,0.0,0,0,0,0,0.0,0,0.0,0.0,0,0.0,0.0,0,0.0,0,0,0,0,0,0,0,0,0,0.0,0.0,0.0,0.0,0.0,0.0,0,0,0,0.0,0.0,0,0,0,0,0,0,0,0,0,0,0,0,0,0,0,0,0,0.0,0,0,Tesla,0,0,0,0,0.0,0,0,0,0.0,0,0,0.0,0,0,691.2,No,0,0,0,0,2× G80,0,256,1350,—,No,1.0,0,G80
GeForce 8800 GTS,2007-02-12,G80,TSMC 90 nm,681,484,PCIe 1.0 x16,0,0,96:24:20,0,0,0,0,320640,64,GDDR3,320,0,10.0,3.3,513,1188,800,10.3,12.3,228,146,0,0,0.0,0,0.0,0,0,0,0,0,0,0,0,0,0,0,0,0,0,0,0.0,0,0.0,0,0,0,0,0,0,0,0.0,0.0,0,0,0.0,0,0,0,0.0,0.0,0,0,0,0,0.0,0,0.0,0.0,0,0.0,0.0,0,0.0,0,0,0,0,0,0,0,0,0,0.0,0.0,0.0,0.0,0.0,0.0,0,0,0,0.0,0.0,0,0,0,0,0,0,0,0,0,0,0,0,0,0,0,0,0,0.0,0,0,Tesla,0,0,0,0,0.0,0,0,0,0.0,0,0,0.0,0,0,1382.4,No,0,0,0,0,4× G80,0,512,1350,—,No,1.0,0,G80
GeForce 8800 GTS 112,2007-11-19,G80,TSMC 90 nm,681,484,PCIe 1.0 x16,0,0,112:28:,0,0,0,0,640,64,GDDR3,320,0,10.0,3.3,500,1200,800,10,14,268.8,150,"only XFX, EVGA and BFG models, very short-lived",0,0.0,0,0.0,0,0,0,0,0,0,0,0,0,0,0,0,0,0,0,0.0,0,0.0,0,0,0,0,0,0,0,0.0,0.0,0,0,0.0,0,0,0,0.0,0.0,0,0,0,0,0.0,0,0.0,0.0,0,0.0,0.0,0,0.0,0,0,0,0,0,0,0,0,0,0.0,0.0,0.0,0.0,0.0,0.0,0,0,0,0.0,0.0,0,0,0,0,0,0,0,0,0,0,0,0,0,0,0,0,0,0.0,0,0,Tesla,0,0,0,0,0.0,0,0,0,0.0,0,0,0.0,0,0,345.6,No,0,0,0,0,1× G80,0,128,1350,—,No,1.0,0,G80
GeForce 8800 GTS 112,2007-11-19,G80,TSMC 90 nm,681,484,PCIe 1.0 x16,0,0,112:28:,0,0,0,0,640,64,GDDR3,320,0,10.0,3.3,500,1200,800,10,14,268.8,150,"only XFX, EVGA and BFG models, very short-lived",0,0.0,0,0.0,0,0,0,0,0,0,0,0,0,0,0,0,0,0,0,0.0,0,0.0,0,0,0,0,0,0,0,0.0,0.0,0,0,0.0,0,0,0,0.0,0.0,0,0,0,0,0.0,0,0.0,0.0,0,0.0,0.0,0,0.0,0,0,0,0,0,0,0,0,0,0.0,0.0,0.0,0.0,0.0,0.0,0,0,0,0.0,0.0,0,0,0,0,0,0,0,0,0,0,0,0,0,0,0,0,0,0.0,0,0,Tesla,0,0,0,0,0.0,0,0,0,0.0,0,0,0.0,0,0,691.2,No,0,0,0,0,2× G80,0,256,1350,—,No,1.0,0,G80
GeForce 8800 GTS 112,2007-11-19,G80,TSMC 90 nm,681,484,PCIe 1.0 x16,0,0,112:28:,0,0,0,0,640,64,GDDR3,320,0,10.0,3.3,500,1200,800,10,14,268.8,150,"only XFX, EVGA and BFG models, very short-lived",0,0.0,0,0.0,0,0,0,0,0,0,0,0,0,0,0,0,0,0,0,0.0,0,0.0,0,0,0,0,0,0,0,0.0,0.0,0,0,0.0,0,0,0,0.0,0.0,0,0,0,0,0.0,0,0.0,0.0,0,0.0,0.0,0,0.0,0,0,0,0,0,0,0,0,0,0.0,0.0,0.0,0.0,0.0,0.0,0,0,0,0.0,0.0,0,0,0,0,0,0,0,0,0,0,0,0,0,0,0,0,0,0.0,0,0,Tesla,0,0,0,0,0.0,0,0,0,0.0,0,0,0.0,0,0,1382.4,No,0,0,0,0,4× G80,0,512,1350,—,No,1.0,0,G80
GeForce 8800 GT,2007-10-29,G92,TSMC 65 nm,754,324,PCIe 2.0 x16,0,0,112:56:16,0,0,0,0,2565121024,57.6,GDDR3,256,0,10.0,3.3,600,1500,"700 (256)900 (512, 1024)",9.6,33.6,336,125,0,0,0.0,0,0.0,0,0,0,0,0,0,0,0,0,0,0,0,0,0,0,0.0,0,0.0,0,0,0,0,0,0,0,0.0,0.0,0,0,0.0,0,0,0,0.0,0.0,0,0,0,0,0.0,0,0.0,0.0,0,0.0,0.0,0,0.0,0,0,0,0,0,0,0,0,0,0.0,0.0,0.0,0.0,0.0,0.0,0,0,0,0.0,0.0,0,0,0,0,0,0,0,0,0,0,0,0,0,0,0,0,0,0.0,0,0,0,0,0,0,0,0,0,0,0,0,0,0,0,0,0,0,0,0,0,0,0,0,0,0,0,0,0,0,0,0
GeForce 8800 GTS,2007-12-11,G92,TSMC 65 nm,754,324,PCIe 2.0 x16,0,0,128:64:16,0,0,0,0,512,62.1,GDDR3,256,0,10.0,3.3,650,1625,970,10.4,41.6,416,135,0,0,0.0,0,0.0,0,0,0,0,0,0,0,0,0,0,0,0,0,0,0,0.0,0,0.0,0,0,0,0,0,0,0,0.0,0.0,0,0,0.0,0,0,0,0.0,0.0,0,0,0,0,0.0,0,0.0,0.0,0,0.0,0.0,0,0.0,0,0,0,0,0,0,0,0,0,0.0,0.0,0.0,0.0,0.0,0.0,0,0,0,0.0,0.0,0,0,0,0,0,0,0,0,0,0,0,0,0,0,0,0,0,0.0,0,0,0,0,0,0,0,0,0,0,0,0,0,0,0,0,0,0,0,0,0,0,0,0,0,0,0,0,0,0,0,0
GeForce 8800 GTX,2006-11-08,G80,TSMC 90 nm,681,484,PCIe 1.0 x16,0,0,128:32:,0,0,0,0,768,86.4,GDDR3,384,0,10.0,3.3,575,1350,900,13.8,18.4,345.6,145,0,0,0.0,0,0.0,0,0,0,0,0,0,0,0,0,0,0,0,0,0,0,0.0,0,0.0,0,0,0,0,0,0,0,0.0,0.0,0,0,0.0,0,0,0,0.0,0.0,0,0,0,0,0.0,0,0.0,0.0,0,0.0,0.0,0,0.0,0,0,0,0,0,0,0,0,0,0.0,0.0,0.0,0.0,0.0,0.0,0,0,0,0.0,0.0,0,0,0,0,0,0,0,0,0,0,0,Yes,Yes,Yes,No,No,No,1.0,0,0,Tesla,0,0,0,0,0.0,0,0,0,0.0,0,0,0.0,0,0,345.6,No,0,0,0,0,1× G80,0,128,1350,—,No,1.0,0,G80
GeForce 8800 GTX,2006-11-08,G80,TSMC 90 nm,681,484,PCIe 1.0 x16,0,0,128:32:,0,0,0,0,768,86.4,GDDR3,384,0,10.0,3.3,575,1350,900,13.8,18.4,345.6,145,0,0,0.0,0,0.0,0,0,0,0,0,0,0,0,0,0,0,0,0,0,0,0.0,0,0.0,0,0,0,0,0,0,0,0.0,0.0,0,0,0.0,0,0,0,0.0,0.0,0,0,0,0,0.0,0,0.0,0.0,0,0.0,0.0,0,0.0,0,0,0,0,0,0,0,0,0,0.0,0.0,0.0,0.0,0.0,0.0,0,0,0,0.0,0.0,0,0,0,0,0,0,0,0,0,0,0,Yes,Yes,Yes,No,No,No,1.0,0,0,Tesla,0,0,0,0,0.0,0,0,0,0.0,0,0,0.0,0,0,691.2,No,0,0,0,0,2× G80,0,256,1350,—,No,1.0,0,G80
GeForce 8800 GTX,2006-11-08,G80,TSMC 90 nm,681,484,PCIe 1.0 x16,0,0,128:32:,0,0,0,0,768,86.4,GDDR3,384,0,10.0,3.3,575,1350,900,13.8,18.4,345.6,145,0,0,0.0,0,0.0,0,0,0,0,0,0,0,0,0,0,0,0,0,0,0,0.0,0,0.0,0,0,0,0,0,0,0,0.0,0.0,0,0,0.0,0,0,0,0.0,0.0,0,0,0,0,0.0,0,0.0,0.0,0,0.0,0.0,0,0.0,0,0,0,0,0,0,0,0,0,0.0,0.0,0.0,0.0,0.0,0.0,0,0,0,0.0,0.0,0,0,0,0,0,0,0,0,0,0,0,Yes,Yes,Yes,No,No,No,1.0,0,0,Tesla,0,0,0,0,0.0,0,0,0,0.0,0,0,0.0,0,0,1382.4,No,0,0,0,0,4× G80,0,512,1350,—,No,1.0,0,G80
GeForce 8800 Ultra,2007-05-02,G80,TSMC 90 nm,681,484,PCIe 1.0 x16,0,0,128:32:,0,0,0,0,768,103.7,GDDR3,384,0,10.0,3.3,612,1500,1080,14.7,19.6,384,175,0,0,0.0,0,0.0,0,0,0,0,0,0,0,0,0,0,0,0,0,0,0,0.0,0,0.0,0,0,0,0,0,0,0,0.0,0.0,0,0,0.0,0,0,0,0.0,0.0,0,0,0,0,0.0,0,0.0,0.0,0,0.0,0.0,0,0.0,0,0,0,0,0,0,0,0,0,0.0,0.0,0.0,0.0,0.0,0.0,0,0,0,0.0,0.0,0,0,0,0,0,0,0,0,0,0,0,Yes,Yes,Yes,No,No,No,1.0,0,0,Tesla,0,0,0,0,0.0,0,0,0,0.0,0,0,0.0,0,0,345.6,No,0,0,0,0,1× G80,0,128,1350,—,No,1.0,0,G80
GeForce 8800 Ultra,2007-05-02,G80,TSMC 90 nm,681,484,PCIe 1.0 x16,0,0,128:32:,0,0,0,0,768,103.7,GDDR3,384,0,10.0,3.3,612,1500,1080,14.7,19.6,384,175,0,0,0.0,0,0.0,0,0,0,0,0,0,0,0,0,0,0,0,0,0,0,0.0,0,0.0,0,0,0,0,0,0,0,0.0,0.0,0,0,0.0,0,0,0,0.0,0.0,0,0,0,0,0.0,0,0.0,0.0,0,0.0,0.0,0,0.0,0,0,0,0,0,0,0,0,0,0.0,0.0,0.0,0.0,0.0,0.0,0,0,0,0.0,0.0,0,0,0,0,0,0,0,0,0,0,0,Yes,Yes,Yes,No,No,No,1.0,0,0,Tesla,0,0,0,0,0.0,0,0,0,0.0,0,0,0.0,0,0,691.2,No,0,0,0,0,2× G80,0,256,1350,—,No,1.0,0,G80
GeForce 8800 Ultra,2007-05-02,G80,TSMC 90 nm,681,484,PCIe 1.0 x16,0,0,128:32:,0,0,0,0,768,103.7,GDDR3,384,0,10.0,3.3,612,1500,1080,14.7,19.6,384,175,0,0,0.0,0,0.0,0,0,0,0,0,0,0,0,0,0,0,0,0,0,0,0.0,0,0.0,0,0,0,0,0,0,0,0.0,0.0,0,0,0.0,0,0,0,0.0,0.0,0,0,0,0,0.0,0,0.0,0.0,0,0.0,0.0,0,0.0,0,0,0,0,0,0,0,0,0,0.0,0.0,0.0,0.0,0.0,0.0,0,0,0,0.0,0.0,0,0,0,0,0,0,0,0,0,0,0,Yes,Yes,Yes,No,No,No,1.0,0,0,Tesla,0,0,0,0,0.0,0,0,0,0.0,0,0,0.0,0,0,1382.4,No,0,0,0,0,4× G80,0,512,1350,—,No,1.0,0,G80
GeForce 9300 mGPU,2008-10-01,MCP7A-S,65 nm,282,162,PCIe 2.0 x16,0,0,16:8:4,0,0,0,0,Up to 512 from system memory,6.4/12.810.664/21.328,DDR2DDR3,64128,0,10.0,3.3,450,1200,400666,1.8,3.6,57.6,Un­known,based on 8400 GS,0,0.0,0,0.0,0,0,0,0,0,0,0,0,0,0,0,0,0,0,0,0.0,0,0.0,0,0,0,0,0,0,0,0.0,0.0,0,0,0.0,0,0,0,0.0,0.0,0,0,0,0,0.0,0,0.0,0.0,0,0.0,0.0,0,0.0,0,0,0,0,0,0,0,0,0,0.0,0.0,0.0,0.0,0.0,0.0,0,0,0,0.0,0.0,0,0,0,0,0,0,0,0,0,0,0,0,0,0,0,0,0,0.0,0,0,0,0,0,0,0,0,0,0,0,0,0,0,0,0,0,0,0,0,0,0,0,0,0,0,0,0,0,0,0,0
GeForce 9400 mGPU,2008-10-01,MCP7A-U,65 nm,282,162,PCIe 2.0 x16,0,0,16:8:4,0,0,0,0,Up to 512 from system memory,6.4/12.810.664/21.328,DDR2DDR3,64128,0,10.0,3.3,580,1400,400666,2.32,4.64,67.2,12,based on 8400 GS,0,0.0,0,0.0,0,0,0,0,0,0,0,0,0,0,0,0,0,0,0,0.0,0,0.0,0,0,0,0,0,0,0,0.0,0.0,0,0,0.0,0,0,0,0.0,0.0,0,0,0,0,0.0,0,0.0,0.0,0,0.0,0.0,0,0.0,0,0,0,0,0,0,0,0,0,0.0,0.0,0.0,0.0,0.0,0.0,0,0,0,0.0,0.0,0,0,0,0,0,0,0,0,0,0,0,0,0,0,0,0,0,0.0,0,0,0,0,0,0,0,0,0,0,0,0,0,0,0,0,0,0,0,0,0,0,0,0,0,0,0,0,0,0,0,0
GeForce 9300 GE,2008-06-01,G98,TSMC 65 nm,210,86,PCIe 2.0 x16,0,0,8:8:4,0,0,0,0,256,6.4,DDR2,64,0,10.0,3.3,540,1300,500,2.16,4.32,20.8,25,0,0,0.0,0,0.0,0,0,0,0,0,0,0,0,0,0,0,0,0,0,0,0.0,0,0.0,0,0,0,0,0,0,0,0.0,0.0,0,0,0.0,0,0,0,0.0,0.0,0,0,0,0,0.0,0,0.0,0.0,0,0.0,0.0,0,0.0,0,0,0,0,0,0,0,0,0,0.0,0.0,0.0,0.0,0.0,0.0,0,0,0,0.0,0.0,0,0,0,0,0,0,0,0,0,0,0,0,0,0,0,0,0,0.0,0,0,0,0,0,0,0,0,0,0,0,0,0,0,0,0,0,0,0,0,0,0,0,0,0,0,0,0,0,0,0,0
GeForce 9300 GS,2008-06-01,G98,TSMC 65 nm,210,86,PCIe 2.0 x16,0,0,8:8:4,0,0,0,0,256,6.4,DDR2,64,0,10.0,3.3,567,1400,500,2.268,4.536,22.4,25,0,0,0.0,0,0.0,0,0,0,0,0,0,0,0,0,0,0,0,0,0,0,0.0,0,0.0,0,0,0,0,0,0,0,0.0,0.0,0,0,0.0,0,0,0,0.0,0.0,0,0,0,0,0.0,0,0.0,0.0,0,0.0,0.0,0,0.0,0,0,0,0,0,0,0,0,0,0.0,0.0,0.0,0.0,0.0,0.0,0,0,0,0.0,0.0,0,0,0,0,0,0,0,0,0,0,0,0,0,0,0,0,0,0.0,0,0,0,0,0,0,0,0,0,0,0,0,0,0,0,0,0,0,0,0,0,0,0,0,0,0,0,0,0,0,0,0
GeForce 9400 GT,2008-08-27,G96-200-c1G96aG96b,TSMC 55 nm,314,144,PCIe 2.0 x16PCI,0,0,16:8:4,0,0,0,0,2565121024,12.825.6,DDR2GDDR3,128,0,10.0,3.3,550,1400,400800,2.2,4.4,44.8,50,0,0,0.0,0,0.0,0,0,0,0,0,0,0,0,0,0,0,0,0,0,0,0.0,0,0.0,0,0,0,0,0,0,0,0.0,0.0,0,0,0.0,0,0,0,0.0,0.0,0,0,0,0,0.0,0,0.0,0.0,0,0.0,0.0,0,0.0,0,0,0,0,0,0,0,0,0,0.0,0.0,0.0,0.0,0.0,0.0,0,0,0,0.0,0.0,0,0,0,0,0,Yes,0,0,0,0,0,0,0,0,Yes,No,0,0.0,0,0,0,0,0,0,0,0,0,0,0,0,0,0,0,0,0,0,0,0,0,0,0,0,0,0,0,0,0,0,0,0
GeForce 9500 GS,1995-01-01,0,0,314,144,PCIe 2.0 x16PCI,0,0,24:12:4,0,0,0,0,2565121024,16.0,DDR2,128,0,10.0,3.3,550,1400,500,0,0,60,50,OEM,0,0.0,0,0.0,0,0,0,0,0,0,0,0,0,0,0,0,0,0,0,0.0,0,0.0,0,0,0,0,0,0,0,0.0,0.0,0,0,0.0,0,0,0,0.0,0.0,0,0,0,0,0.0,0,0.0,0.0,0,0.0,0.0,0,0.0,0,0,0,0,0,0,0,0,0,0.0,0.0,0.0,0.0,0.0,0.0,0,0,0,0.0,0.0,0,0,0,0,0,0,0,0,0,0,0,0,0,0,0,0,0,0.0,0,0,0,0,0,0,0,0,0,0,0,0,0,0,0,0,0,0,0,0,0,0,0,0,0,0,0,0,0,0,0,0
GeForce 9500 GT,2008-07-29,G96-300-C1,UMC 65 nm,314,144,PCIe 2.0 x16PCI,0,0,32:16:8,0,0,0,0,2565121024,16.025.6,DDR2GDDR3,128,0,10.0,3.3,550,1400,500800,4.4,8.8,89.6,50,0,0,0.0,0,0.0,0,0,0,0,0,0,0,0,0,0,0,0,0,0,0,0.0,0,0.0,0,0,0,0,0,0,0,0.0,0.0,0,0,0.0,0,0,0,0.0,0.0,0,0,0,0,0.0,0,0.0,0.0,0,0.0,0.0,0,0.0,0,0,0,0,0,0,0,0,0,0.0,0.0,0.0,0.0,0.0,0.0,0,0,0,0.0,0.0,0,0,0,0,0,Yes,0,0,0,0,0,0,0,0,Yes,No,0,0.0,0,0,0,0,0,0,0,0,0,0,0,0,0,0,0,0,0,0,0,0,0,0,0,0,0,0,0,0,0,0,0,0
GeForce 9600 GS,2008-07-29,G94a,TSMC 65 nm,505,240,PCIe 2.0 x16,0,0,48:24:12,0,0,0,0,768,24.0,DDR2,192,0,10.0,3.3,500,1250,500,6,12,120,Un­known,OEM,0,0.0,0,0.0,0,0,0,0,0,0,0,0,0,0,0,0,0,0,0,0.0,0,0.0,0,0,0,0,0,0,0,0.0,0.0,0,0,0.0,0,0,0,0.0,0.0,0,0,0,0,0.0,0,0.0,0.0,0,0.0,0.0,0,0.0,0,0,0,0,0,0,0,0,0,0.0,0.0,0.0,0.0,0.0,0.0,0,0,0,0.0,0.0,0,0,0,0,0,0,0,0,0,0,0,0,0,0,0,0,0,0.0,0,0,0,0,0,0,0,0,0,0,0,0,0,0,0,0,0,0,0,0,0,0,0,0,0,0,0,0,0,0,0,0
GeForce 9600 GSO,2008-05-01,G92-150-A2,TSMC 65 nm,754,324,PCIe 2.0 x16,0,0,96:48:12,0,0,0,0,3847681536,38.4,GDDR3,192,0,10.0,3.3,550,1375,800,6.6,26.4,264,84,0,0,0.0,0,0.0,0,0,0,0,0,0,0,0,0,0,0,0,0,0,0,0.0,0,0.0,0,0,0,0,0,0,0,0.0,0.0,0,0,0.0,0,0,0,0.0,0.0,0,0,0,0,0.0,0,0.0,0.0,0,0.0,0.0,0,0.0,0,0,0,0,0,0,0,0,0,0.0,0.0,0.0,0.0,0.0,0.0,0,0,0,0.0,0.0,0,0,0,0,0,Yes,0,0,0,0,0,0,0,0,Yes,No,0,0.0,0,0,0,0,0,0,0,0,0,0,0,0,0,0,0,0,0,0,0,0,0,0,0,0,0,0,0,0,0,0,0,0
GeForce 9600 GSO 512,2008-10-01,G94aG94b,TSMC 65 nmTSMC 55 nm,505,240196?,PCIe 2.0 x16,0,0,48:24:16,0,0,0,0,512,57.6,GDDR3,256,0,10.0,3.3,650,1625,900,10.4,15.6,156,90,0,0,0.0,0,0.0,0,0,0,0,0,0,0,0,0,0,0,0,0,0,0,0.0,0,0.0,0,0,0,0,0,0,0,0.0,0.0,0,0,0.0,0,0,0,0.0,0.0,0,0,0,0,0.0,0,0.0,0.0,0,0.0,0.0,0,0.0,0,0,0,0,0,0,0,0,0,0.0,0.0,0.0,0.0,0.0,0.0,0,0,0,0.0,0.0,0,0,0,0,0,0,0,0,0,0,0,0,0,0,0,0,0,0.0,0,0,0,0,0,0,0,0,0,0,0,0,0,0,0,0,0,0,0,0,0,0,0,0,0,0,0,0,0,0,0,0
GeForce 9600 GT Green Edition,2009-01-01,G94b,TSMC 55 nm,505,196?,PCIe 2.0 x16,0,0,64:32:16,0,0,0,0,5121024,44.8/57.657.6,GDDR3,256,0,10.0,3.3,600625,15001625,700/900900,9.610.0,19.220.0,192208,59,Core Voltage = 1.00v,0,0.0,0,0.0,0,0,0,0,0,0,0,0,0,0,0,0,0,0,0,0.0,0,0.0,0,0,0,0,0,0,0,0.0,0.0,0,0,0.0,0,0,0,0.0,0.0,0,0,0,0,0.0,0,0.0,0.0,0,0.0,0.0,0,0.0,0,0,0,0,0,0,0,0,0,0.0,0.0,0.0,0.0,0.0,0.0,0,0,0,0.0,0.0,0,0,0,0,0,0,0,0,0,0,0,0,0,0,0,0,0,0.0,0,0,0,0,0,0,0,0,0,0,0,0,0,0,0,0,0,0,0,0,0,0,0,0,0,0,0,0,0,0,0,0
GeForce 9600 GT,2008-02-21,G94-300-A1,TSMC 65 nm,505,240,PCIe 2.0 x16,0,0,64:32:16,0,0,0,0,5121024,57.6,GDDR3,256,0,10.0,3.3,650,1625,900,10.4,20.8,208,95,0,0,0.0,0,0.0,0,0,0,0,0,0,0,0,0,0,0,0,0,0,0,0.0,0,0.0,0,0,0,0,0,0,0,0.0,0.0,0,0,0.0,0,0,0,0.0,0.0,0,0,0,0,0.0,0,0.0,0.0,0,0.0,0.0,0,0.0,0,0,0,0,0,0,0,0,0,0.0,0.0,0.0,0.0,0.0,0.0,0,0,0,0.0,0.0,0,0,0,0,0,Yes,0,0,0,0,0,0,0,0,Yes,No,0,0.0,0,0,0,0,0,0,0,0,0,0,0,0,0,0,0,0,0,0,0,0,0,0,0,0,0,0,0,0,0,0,0,0
GeForce 9800 GT Green Edition,2009-01-01,G92a2G92b,TSMC/UMC 65 nmTSMC/UMC 55 nm,754,324260,PCIe 2.0 x16,0,0,112:56:16,0,0,0,0,5121024,44.851.257.6,GDDR3,256,0,10.0,3.3,550,1375,700800900,8.8,30.8,308,75,Core Voltage = 1.00v,0,0.0,0,0.0,0,0,0,0,0,0,0,0,0,0,0,0,0,0,0,0.0,0,0.0,0,0,0,0,0,0,0,0.0,0.0,0,0,0.0,0,0,0,0.0,0.0,0,0,0,0,0.0,0,0.0,0.0,0,0.0,0.0,0,0.0,0,0,0,0,0,0,0,0,0,0.0,0.0,0.0,0.0,0.0,0.0,0,0,0,0.0,0.0,0,0,0,0,0,0,0,0,0,0,0,0,0,0,0,0,0,0.0,0,0,0,0,0,0,0,0,0,0,0,0,0,0,0,0,0,0,0,0,0,0,0,0,0,0,0,0,0,0,0,0
GeForce 9800 GT,2008-07-01,G92aG92b,65 nm UMC 55 nm,754,324260,PCIe 2.0 x16,0,0,112:56:16,0,0,0,0,5121024,57.6,GDDR3,256,0,10.0,3.3,600,1500,900,9.6,33.6,336,125105,0,0,0.0,0,0.0,0,0,0,0,0,0,0,0,0,0,0,0,0,0,0,0.0,0,0.0,0,0,0,0,0,0,0,0.0,0.0,0,0,0.0,0,0,0,0.0,0.0,0,0,0,0,0.0,0,0.0,0.0,0,0.0,0.0,0,0.0,0,0,0,0,0,0,0,0,0,0.0,0.0,0.0,0.0,0.0,0.0,0,0,0,0.0,0.0,0,0,0,0,0,Yes,0,0,0,0,0,0,0,0,Yes,No,0,0.0,0,0,0,0,0,0,0,0,0,0,0,0,0,0,0,0,0,0,0,0,0,0,0,0,0,0,0,0,0,0,0,0
GeForce 9800 GTX,2008-04-01,G92-420-A2,TSMC 65 nm,754,324,PCIe 2.0 x16,0,0,128:64:16,0,0,0,0,512,70.4,GDDR3,256,0,10.0,3.3,675,1688,1100,10.8,43.2,432,140,0,0,0.0,0,0.0,0,0,0,0,0,0,0,0,0,0,0,0,0,0,0,0.0,0,0.0,0,0,0,0,0,0,0,0.0,0.0,0,0,0.0,0,0,0,0.0,0.0,0,0,0,0,0.0,0,0.0,0.0,0,0.0,0.0,0,0.0,0,0,0,0,0,0,0,0,0,0.0,0.0,0.0,0.0,0.0,0.0,0,0,0,0.0,0.0,0,0,0,0,0,Yes3-way,0,0,0,0,0,0,0,0,Yes,No,0,0.0,0,0,0,0,0,0,0,0,0,0,0,0,0,0,0,0,0,0,0,0,0,0,0,0,0,0,0,0,0,0,0,0
GeForce 9800 GTX,2008-07-16,G92b,TSMC 55 nm,754,260,PCIe 2.0 x16,0,0,128:64:16,0,0,0,0,5121024,70.4,GDDR3,256,0,10.0,3.3,738,1836,1100,11.808,47.232,470,141,0,0,0.0,0,0.0,0,0,0,0,0,0,0,0,0,0,0,0,0,0,0,0.0,0,0.0,0,0,0,0,0,0,0,0.0,0.0,0,0,0.0,0,0,0,0.0,0.0,0,0,0,0,0.0,0,0.0,0.0,0,0.0,0.0,0,0.0,0,0,0,0,0,0,0,0,0,0.0,0.0,0.0,0.0,0.0,0.0,0,0,0,0.0,0.0,0,0,0,0,0,Yes3-way,0,0,0,0,0,0,0,0,Yes,No,0,0.0,0,0,0,0,0,0,0,0,0,0,0,0,0,0,0,0,0,0,0,0,0,0,0,0,0,0,0,0,0,0,0,0
GeForce 9800 GX2,2008-03-18,G92,TSMC/UMC 65 nm,2x 754,2x 324,PCIe 2.0 x16,0,0,2x 128:64:16,0,0,0,0,2x 512,2x 64.0,GDDR3,2x 256,0,10.0,3.3,600,1500,1000,2x 9.6,2x 38.4,2x 384,197,0,0,0.0,0,0.0,0,0,0,0,0,0,0,0,0,0,0,0,0,0,0,0.0,0,0.0,0,0,0,0,0,0,0,0.0,0.0,0,0,0.0,0,0,0,0.0,0.0,0,0,0,0,0.0,0,0.0,0.0,0,0.0,0.0,0,0.0,0,0,0,0,0,0,0,0,0,0.0,0.0,0.0,0.0,0.0,0.0,0,0,0,0.0,0.0,0,0,0,0,0,Yes,0,0,0,0,0,0,0,0,Yes,No,0,0.0,0,0,0,0,0,0,0,0,0,0,0,0,0,0,0,0,0,0,0,0,0,0,0,0,0,0,0,0,0,0,0,0
GeForce G 100,2009-03-10,G98,TSMC 65 nm,210,86,PCIe 2.0 x16,0,0,8:8:4,0,0,0,0,0,0,0,0,0,10.0,3.3,567,1400,500,2.15,4.3,22.4,35,OEM products,512,8.0,DDR2,64.0,0,0,0,0,0,0,0,0,0,0,0,0,0,0,0,0.0,0,0.0,0,0,0,0,0,0,0,0.0,0.0,0,0,0.0,0,0,0,0.0,0.0,0,0,0,0,0.0,0,0.0,0.0,0,0.0,0.0,0,0.0,0,0,0,0,0,0,0,0,0,0.0,0.0,0.0,0.0,0.0,0.0,0,0,0,0.0,0.0,0,0,0,0,0,0,0,0,0,0,0,0,0,0,0,0,0,0.0,0,0,0,0,0,0,0,0,0,0,0,0,0,0,0,0,0,0,0,0,0,0,0,0,0,0,0,0,0,0,0,0
GeForce GT 120,2009-03-10,G96b,TSMC 55 nm,314,121,PCIe 2.0 x16,0,0,32:16:8,0,0,0,0,0,0,0,0,0,10.0,3.3,500,1400,800,4.4,8.8,89.6,50,OEM products,512,16.0,DDR2,128.0,0,0,0,0,0,0,0,0,0,0,0,0,0,0,0,0.0,0,0.0,0,0,0,0,0,0,0,0.0,0.0,0,0,0.0,0,0,0,0.0,0.0,0,0,0,0,0.0,0,0.0,0.0,0,0.0,0.0,0,0.0,0,0,0,0,0,0,0,0,0,0.0,0.0,0.0,0.0,0.0,0.0,0,0,0,0.0,0.0,0,0,0,0,0,0,0,0,0,0,0,0,0,0,0,0,0,0.0,0,0,0,0,0,0,0,0,0,0,0,0,0,0,0,0,0,0,0,0,0,0,0,0,0,0,0,0,0,0,0,0
GeForce GT 130,2009-03-10,G94b,TSMC 55 nm,505,196,PCIe 2.0 x16,0,0,48:24:12,0,0,0,0,0,0,0,0,0,10.0,3.3,500,1250,500,6.0,12.0,120.0,75,OEM products,1536,24.0,DDR2,192.0,0,0,0,0,0,0,0,0,0,0,0,0,0,0,0,0.0,0,0.0,0,0,0,0,0,0,0,0.0,0.0,0,0,0.0,0,0,0,0.0,0.0,0,0,0,0,0.0,0,0.0,0.0,0,0.0,0.0,0,0.0,0,0,0,0,0,0,0,0,0,0.0,0.0,0.0,0.0,0.0,0.0,0,0,0,0.0,0.0,0,0,0,0,0,0,0,0,0,0,0,0,0,0,0,0,0,0.0,0,0,0,0,0,0,0,0,0,0,0,0,0,0,0,0,0,0,0,0,0,0,0,0,0,0,0,0,0,0,0,0
GeForce GT 140,2009-03-10,G94b,TSMC 55 nm,505,196,PCIe 2.0 x16,0,0,64:32:16,0,0,0,0,0,0,0,0,0,10.0,3.3,650,1625,1800,10.4,20.8,208.0,105,OEM products,512 1024,57.6,GDDR3,256.0,0,0,0,0,0,0,0,0,0,0,0,0,0,0,0,0.0,0,0.0,0,0,0,0,0,0,0,0.0,0.0,0,0,0.0,0,0,0,0.0,0.0,0,0,0,0,0.0,0,0.0,0.0,0,0.0,0.0,0,0.0,0,0,0,0,0,0,0,0,0,0.0,0.0,0.0,0.0,0.0,0.0,0,0,0,0.0,0.0,0,0,0,0,0,0,0,0,0,0,0,0,0,0,0,0,0,0.0,0,0,0,0,0,0,0,0,0,0,0,0,0,0,0,0,0,0,0,0,0,0,0,0,0,0,0,0,0,0,0,0
GeForce GTS 150,2009-03-10,G92b,TSMC 55 nm,754,260,PCIe 2.0 x16,0,0,128:64:16,0,0,0,0,0,0,0,0,0,10.0,3.3,738,1836,1000,11.808,47.232,470.0,141,OEM products,1024,64.0,GDDR3,256.0,0,0,0,0,0,0,0,0,0,0,0,0,0,0,0,0.0,0,0.0,0,0,0,0,0,0,0,0.0,0.0,0,0,0.0,0,0,0,0.0,0.0,0,0,0,0,0.0,0,0.0,0.0,0,0.0,0.0,0,0.0,0,0,0,0,0,0,0,0,0,0.0,0.0,0.0,0.0,0.0,0.0,0,0,0,0.0,0.0,0,0,0,0,0,0,0,0,0,0,0,0,0,0,0,0,0,0.0,0,0,0,0,0,0,0,0,0,0,0,0,0,0,0,0,0,0,0,0,0,0,0,0,0,0,0,0,0,0,0,0
GeForce 205,2009-11-26,GT218,TSMC 40 nm,260,57,PCIe 2.0 x16,0,0,8:4:4,0,0,0,0,0,0,0,0,0,10.1,3.3,589,1402,0,2.356,2.356,22.4,30.5,OEM only,512,8,DDR2,64,1000,0,0,0,0,0,0,0,0,0,0,0,0,0,0,0.0,0,0.0,0,0,0,0,0,0,0,0.0,0.0,0,0,0.0,0,0,0,0.0,0.0,0,0,0,0,0.0,0,0.0,0.0,0,0.0,0.0,0,0.0,0,0,0,0,0,0,0,0,0,0.0,0.0,0.0,0.0,0.0,0.0,0,0,0,0.0,0.0,0,0,0,0,0,0,0,0,0,0,0,0,0,0,0,0,0,0.0,0,0,0,0,0,0,0,0,0,0,0,0,0,0,0,0,0,0,0,0,0,0,0,0,0,0,0,0,0,0,0,0
GeForce 210,2009-10-12,GT218-325-B1,TSMC 40 nm,260,57,PCIe 2.0 x16PCIe x1PCI,0,0,16:8:4,0,0,0,0,0,0,0,0,0,10.1,3.3,520589,12301402,0,2.356,4.712,36.444.9,30.5,0,5121024,4.08.012.8,DDR2DDR3,3264,8001000–1600,0,0,0,0,0,0,0,0,0,0,0,0,0,0,0.0,0,0.0,0,0,0,0,0,0,0,0.0,0.0,0,0,0.0,0,0,0,0.0,0.0,0,0,0,0,0.0,0,0.0,0.0,0,0.0,0.0,0,0.0,0,0,0,0,0,0,0,0,0,0.0,0.0,0.0,0.0,0.0,0.0,0,0,0,0.0,0.0,0,0,0,0,0,No,0,0,0,0,0,0,0,0,0,0,0,0.0,No,Yes,0,0,0,0,0,0,0,0,0,0,0,0,0,0,0,0,0,0,0,0,0,0,0,0,0,0,0,0,0,0
GeForce GT 220,2009-10-12,GT216-300-A2,TSMC 40 nm,486,100,PCIe 2.0 x16,0,0,48:16:8,0,0,0,0,0,0,0,0,0,10.1,3.3,615(OEM)625,1335(OEM)1360,0,5,10,128.2(OEM)130.6,58,0,5121024,16.025.3,DDR2DDR3,64128,10001580,0,0,0,0,0,0,0,0,0,0,0,0,0,0,0.0,0,0.0,0,0,0,0,0,0,0,0.0,0.0,0,0,0.0,0,0,0,0.0,0.0,0,0,0,0,0.0,0,0.0,0.0,0,0.0,0.0,0,0.0,0,0,0,0,0,0,0,0,0,0.0,0.0,0.0,0.0,0.0,0.0,0,0,0,0.0,0.0,0,0,0,0,0,No,0,0,0,0,0,0,0,0,0,0,0,0.0,No,Yes,0,0,0,0,0,0,0,0,0,0,0,0,0,0,0,0,0,0,0,0,0,0,0,0,0,0,0,0,0,0
GeForce GT 230,2009-10-12,G94b,TSMC/UMC 55 nm,505,196?,PCIe 2.0 x16,0,0,48:24:16,0,0,0,0,0,0,0,0,0,10,3.3,650,1625,0,10.4,15.6,156,75,OEM only,5121024,57.6,GDDR3,256,1800,0,0,0,0,0,0,0,0,0,0,0,0,0,0,0.0,0,0.0,0,0,0,0,0,0,0,0.0,0.0,0,0,0.0,0,0,0,0.0,0.0,0,0,0,0,0.0,0,0.0,0.0,0,0.0,0.0,0,0.0,0,0,0,0,0,0,0,0,0,0.0,0.0,0.0,0.0,0.0,0.0,0,0,0,0.0,0.0,0,0,0,0,0,0,0,0,0,0,0,0,0,0,0,0,0,0.0,0,0,0,0,0,0,0,0,0,0,0,0,0,0,0,0,0,0,0,0,0,0,0,0,0,0,0,0,0,0,0,0
GeForce GT 230,2009-04-27,G92b,TSMC/UMC 55 nm,754,260,PCIe 2.0 x16,0,0,96:48:12,0,0,0,0,0,0,0,0,0,10,3.3,500,1242,0,6,24,238.5,75,OEM only,1536,24,DDR2,192,1000,0,0,0,0,0,0,0,0,0,0,0,0,0,0,0.0,0,0.0,0,0,0,0,0,0,0,0.0,0.0,0,0,0.0,0,0,0,0.0,0.0,0,0,0,0,0.0,0,0.0,0.0,0,0.0,0.0,0,0.0,0,0,0,0,0,0,0,0,0,0.0,0.0,0.0,0.0,0.0,0.0,0,0,0,0.0,0.0,0,0,0,0,0,0,0,0,0,0,0,0,0,0,0,0,0,0.0,0,0,0,0,0,0,0,0,0,0,0,0,0,0,0,0,0,0,0,0,0,0,0,0,0,0,0,0,0,0,0,0
GeForce GT 240,2009-11-17,GT215-450-A2,TSMC 40 nm,727,139,PCIe 2.0 x16,0,0,96:32:8,0,0,0,0,0,0,0,0,0,10.1,3.3,550,1340,0,4.4,17.6,257.3,69,0,5121024,28.8(OEM)3254.4(GDDR5),DDR3GDDR3GDDR5,128,180020003400(GDDR5),0,0,0,0,0,0,0,0,0,0,0,0,0,0,0.0,0,0.0,0,0,0,0,0,0,0,0.0,0.0,0,0,0.0,0,0,0,0.0,0.0,0,0,0,0,0.0,0,0.0,0.0,0,0.0,0.0,0,0.0,0,0,0,0,0,0,0,0,0,0.0,0.0,0.0,0.0,0.0,0.0,0,0,0,0.0,0.0,0,0,0,0,0,No,0,0,0,0,0,0,0,0,0,0,0,0.0,No,Yes,0,0,0,0,0,0,0,0,0,0,0,0,0,0,0,0,0,0,0,0,0,0,0,0,0,0,0,0,0,0
GeForce GTS 240,2009-07-01,G92aG92b,TSMC 65 nmTSMC/UMC 55 nm,754,324260,PCIe 2.0 x16,0,0,112:56:16,0,0,0,0,0,0,0,0,0,10.0,3.3,675,1620,0,10.8,37.8,362.9,120,OEM only,1024,70.4,GDDR3,256,2200,0,0,0,0,0,0,0,0,0,0,0,0,0,0,0.0,0,0.0,0,0,0,0,0,0,0,0.0,0.0,0,0,0.0,0,0,0,0.0,0.0,0,0,0,0,0.0,0,0.0,0.0,0,0.0,0.0,0,0.0,0,0,0,0,0,0,0,0,0,0.0,0.0,0.0,0.0,0.0,0.0,0,0,0,0.0,0.0,0,0,0,0,0,0,0,0,0,0,0,0,0,0,0,0,0,0.0,0,0,0,0,0,0,0,0,0,0,0,0,0,0,0,0,0,0,0,0,0,0,0,0,0,0,0,0,0,0,0,0
GeForce GTS 250,2009-01-01,G92b,TSMC/UMC 55 nm,754,260,PCIe 2.0 x16,0,0,128:64:16,0,0,0,0,0,0,0,0,0,10.0,3.3,702,1512,0,11.2,44.9,387,130,0,5121024,64.0,GDDR3,256,2000,0,0,0,0,0,0,0,0,0,0,0,0,0,0,0.0,0,0.0,0,0,0,0,0,0,0,0.0,0.0,0,0,0.0,0,0,0,0.0,0.0,0,0,0,0,0.0,0,0.0,0.0,0,0.0,0.0,0,0.0,0,0,0,0,0,0,0,0,0,0.0,0.0,0.0,0.0,0.0,0.0,0,0,0,0.0,0.0,0,0,0,0,0,Yes3-Way (4-way for EVGA 285 Classified),0,0,0,0,0,0,0,0,0,0,0,0.0,Yes,No,0,0,0,0,0,0,0,0,0,0,0,0,0,0,0,0,0,0,0,0,0,0,0,0,0,0,0,0,0,0
GeForce GTS 250,2009-03-03,G92-428-B1,TSMC 65 nmTSMC/UMC 55 nm,754,260,PCIe 2.0 x16,0,0,128:64:16,0,0,0,0,0,0,0,0,0,10.0,3.3,738,1836,0,11.808,47.232,470,150,Some cards are rebranded GeForce 9800 GTX+,5121024,64.070.4,GDDR3,256,20002200,$150($130 512MB),0,0,0,0,0,0,0,0,0,0,0,0,0,0.0,0,0.0,0,0,0,0,0,0,0,0.0,0.0,0,0,0.0,0,0,0,0.0,0.0,0,0,0,0,0.0,0,0.0,0.0,0,0.0,0.0,0,0.0,0,0,0,0,0,0,0,0,0,0.0,0.0,0.0,0.0,0.0,0.0,0,0,0,0.0,0.0,0,0,0,0,0,Yes3-Way (4-way for EVGA 285 Classified),0,0,0,0,0,0,0,0,0,0,0,0.0,Yes,No,0,0,0,0,0,0,0,0,0,0,0,0,0,0,0,0,0,0,0,0,0,0,0,0,0,0,0,0,0,0
GeForce GTX 260,2008-06-16,GT200-100-A2,65 nm,1400,576,PCIe 2.0 x16,0,0,192:64:28,0,0,0,0,0,0,0,0,0,10.0,3.3,576,1242,0,16.128,36.864,477,182,Replaced by GTX 260 Core 216,896,111.9,GDDR3,448,1998,$400 (dropped to $270 after 3 months,0,0,0,0,0,0,0,0,0,0,0,0,0,0.0,0,0.0,0,0,0,0,0,0,0,0.0,0.0,0,0,0.0,0,0,0,0.0,0.0,0,0,0,0,0.0,0,0.0,0.0,0,0.0,0.0,0,0.0,0,0,0,0,0,0,0,0,0,0.0,0.0,0.0,0.0,0.0,0.0,0,0,0,0.0,0.0,0,0,0,0,0,Yes3-Way (4-way for EVGA 285 Classified),0,0,0,0,0,0,0,0,0,0,0,0.0,Yes,No,0,0,0,0,0,0,0,0,0,0,0,0,0,0,0,0,0,0,0,0,0,0,0,0,0,0,0,0,0,0
GeForce GTX 260,2008-09-16,GT200-103-A2,65 nm55 nm,1400,576470,PCIe 2.0 x16,0,0,216:72:28,0,0,0,0,0,0,0,0,0,10.0,3.3,576,12421350,0,16.128,41.472,536.5583.2,182171,0,896 (1792),111.9,GDDR3,448,1998,$300,0,0,0,0,0,0,0,0,0,0,0,0,0,0.0,0,0.0,0,0,0,0,0,0,0,0.0,0.0,0,0,0.0,0,0,0,0.0,0.0,0,0,0,0,0.0,0,0.0,0.0,0,0.0,0.0,0,0.0,0,0,0,0,0,0,0,0,0,0.0,0.0,0.0,0.0,0.0,0.0,0,0,0,0.0,0.0,0,0,0,0,0,Yes3-Way (4-way for EVGA 285 Classified),0,0,0,0,0,0,0,0,0,0,0,0.0,Yes,No,0,0,0,0,0,0,0,0,0,0,0,0,0,0,0,0,0,0,0,0,0,0,0,0,0,0,0,0,0,0
GeForce GTX 275,2009-04-09,GT200-105-B3,TSMC/UMC 55 nm,1400,470,PCIe 2.0 x16,0,0,240:80:28,0,0,0,0,0,0,0,0,0,10.0,3.3,633,1404,0,17.724,50.6,674,219,Effectively one-half of the GTX 295,896 (1792),127.0,GDDR3,448,2268,$250,0,0,0,0,0,0,0,0,0,0,0,0,0,0.0,0,0.0,0,0,0,0,0,0,0,0.0,0.0,0,0,0.0,0,0,0,0.0,0.0,0,0,0,0,0.0,0,0.0,0.0,0,0.0,0.0,0,0.0,0,0,0,0,0,0,0,0,0,0.0,0.0,0.0,0.0,0.0,0.0,0,0,0,0.0,0.0,0,0,0,0,0,Yes3-Way (4-way for EVGA 285 Classified),0,0,0,0,0,0,0,0,0,0,0,0.0,Yes,No,0,0,0,0,0,0,0,0,0,0,0,0,0,0,0,0,0,0,0,0,0,0,0,0,0,0,0,0,0,0
GeForce GTX 280,2008-06-17,GT200-300-A2,65 nm,1400,576,PCIe 2.0 x16,0,0,240:80:32,0,0,0,0,0,0,0,0,0,10.0,3.3,602,1296,0,19.264,48.16,622,236,Replaced by GTX 285,1024,141.7,GDDR3,512,2214,$650 (dropped to $430 after 3 months,0,0,0,0,0,0,0,0,0,0,0,0,0,0.0,0,0.0,0,0,0,0,0,0,0,0.0,0.0,0,0,0.0,0,0,0,0.0,0.0,0,0,0,0,0.0,0,0.0,0.0,0,0.0,0.0,0,0.0,0,0,0,0,0,0,0,0,0,0.0,0.0,0.0,0.0,0.0,0.0,0,0,0,0.0,0.0,0,0,0,0,0,Yes3-Way (4-way for EVGA 285 Classified),0,0,0,0,0,0,0,0,0,0,0,0.0,Yes,No,0,0,0,0,0,0,0,0,0,0,0,0,0,0,0,0,0,0,0,0,0,0,0,0,0,0,0,0,0,0
GeForce GTX 285,2009-01-15,GT200-350-B3,TSMC/UMC 55 nm,1400,470,PCIe 2.0 x16,0,0,240:80:32,0,0,0,0,0,0,0,0,0,10.0,3.3,648,1476,0,20.736,51.84,708.48,204,EVGA GTX285 Classified supports 4-way SLI,1024 (2048),159.0,GDDR3,512,2484,$400,0,0,0,0,0,0,0,0,0,0,0,0,0,0.0,0,0.0,0,0,0,0,0,0,0,0.0,0.0,0,0,0.0,0,0,0,0.0,0.0,0,0,0,0,0.0,0,0.0,0.0,0,0.0,0.0,0,0.0,0,0,0,0,0,0,0,0,0,0.0,0.0,0.0,0.0,0.0,0.0,0,0,0,0.0,0.0,0,0,0,0,0,Yes3-Way (4-way for EVGA 285 Classified),0,0,0,0,0,0,0,0,0,0,0,0.0,Yes,No,0,0,0,0,0,0,0,0,0,0,0,0,0,0,0,0,0,0,0,0,0,0,0,0,0,0,0,0,0,0
GeForce GTX 295,2009-01-08,GT200-400-B3,TSMC/UMC 55 nm,2x 1400,2x 470,PCIe 2.0 x16,0,0,2x 240:80:28,0,0,0,0,0,0,0,0,0,10.0,3.3,576,1242,0,2x 16.128,2x 46.08,1192.3,289,Dual PCB models were replaced with a single PCB model with 2 GPUs,2x 896,2x 111.9,GDDR3,2x 448,1998,$500,0,0,0,0,0,0,0,0,0,0,0,0,0,0.0,0,0.0,0,0,0,0,0,0,0,0.0,0.0,0,0,0.0,0,0,0,0.0,0.0,0,0,0,0,0.0,0,0.0,0.0,0,0.0,0.0,0,0.0,0,0,0,0,0,0,0,0,0,0.0,0.0,0.0,0.0,0.0,0.0,0,0,0,0.0,0.0,0,0,0,0,0,Yes,0,0,0,0,0,0,0,0,0,0,0,0.0,Yes,No,0,0,0,0,0,0,0,0,0,0,0,0,0,0,0,0,0,0,0,0,0,0,0,0,0,0,0,0,0,0
GeForce 310,2009-11-27,GT218,TSMC 40 nm,260,57,PCIe 2.0 x16,0,0,16:8:4,0,0,0,0,0,0,0,0,0,0,0,589,1402,1000.0,2.356,4.712,44.8,30.5,"OEM Card, similar to Geforce 210",512,8.0,DDR2,64,0,0,0,0,0,0,0,0,0,0,0,0,0,0,0,0.0,0,0.0,0,0,0,0,0,0,0,0.0,0.0,0,0,0.0,0,0,0,0.0,0.0,0,0,0,0,0.0,0,0.0,0.0,0,0.0,0.0,0,0.0,0,0,0,0,0,0,0,0,0,0.0,0.0,0.0,0.0,0.0,0.0,0,0,0,0.0,0.0,0,0,0,0,0,0,0,0,0,0,0,0,0,0,0,0,0,0.0,0,0,0,0,0,0,0,0,0,0,0,0,0,0,0,0,0,0,0,0,0,0,0,0,0,0,0,0,0,0,0,0
GeForce 315,2010-02-01,GT216,TSMC 40 nm,486,100,PCIe 2.0 x16,0,0,48:16:4,0,0,0,0,0,0,0,0,0,0,0,475,1100,1580.0,3.8,7.6,105.6,33.0,"OEM Card, similar to Geforce GT220",512,12.6,DDR3,64,0,0,0,0,0,0,0,0,0,0,0,0,0,0,0,0.0,0,0.0,0,0,0,0,0,0,0,0.0,0.0,0,0,0.0,0,0,0,0.0,0.0,0,0,0,0,0.0,0,0.0,0.0,0,0.0,0.0,0,0.0,0,0,0,0,0,0,0,0,0,0.0,0.0,0.0,0.0,0.0,0.0,0,0,0,0.0,0.0,0,0,0,0,0,0,0,0,0,0,0,0,0,0,0,0,0,0.0,0,0,0,0,0,0,0,0,0,0,0,0,0,0,0,0,0,0,0,0,0,0,0,0,0,0,0,0,0,0,0,0
GeForce GT 320,2010-02-01,GT215,TSMC 40 nm,727,144,PCIe 2.0 x16,0,0,72:24:8,0,0,0,0,0,0,0,0,0,0,0,540,1302,1580.0,4.32,12.96,187.5,43.0,OEM Card,1024,25.3,GDDR3,128,0,0,0,0,0,0,0,0,0,0,0,0,0,0,0,0.0,0,0.0,0,0,0,0,0,0,0,0.0,0.0,0,0,0.0,0,0,0,0.0,0.0,0,0,0,0,0.0,0,0.0,0.0,0,0.0,0.0,0,0.0,0,0,0,0,0,0,0,0,0,0.0,0.0,0.0,0.0,0.0,0.0,0,0,0,0.0,0.0,0,0,0,0,0,0,0,0,0,0,0,0,0,0,0,0,0,0.0,0,0,0,0,0,0,0,0,0,0,0,0,0,0,0,0,0,0,0,0,0,0,0,0,0,0,0,0,0,0,0,0
GeForce GT 330,2010-02-01,GT215-301-A3,TSMC 40 nm,727,144,PCIe 2.0 x16,0,0,96:32:8,0,0,0,0,0,0,0,0,0,0,0,550,1350,0.0,4.4,17.6,257.3,75.0,"Specifications vary depending on OEM, similar to GT230 v2.",512,32.0,GDDR3,128,0,0,0,0,0,0,0,0,0,0,0,0,0,0,0,0.0,0,0.0,0,0,0,0,0,0,0,0.0,0.0,0,0,0.0,0,0,0,0.0,0.0,0,0,0,0,0.0,0,0.0,0.0,0,0.0,0.0,0,0.0,0,0,0,0,0,0,0,0,0,0.0,0.0,0.0,0.0,0.0,0.0,0,0,0,0.0,0.0,0,0,0,0,0,0,0,0,0,0,0,0,0,0,0,0,0,0.0,0,0,0,0,0,0,0,0,0,0,0,0,0,0,0,0,0,0,0,0,0,0,0,0,0,0,0,0,0,0,0,0
GeForce GT 330,2010-02-01,G92,TSMC 40 nm,727,144,PCIe 2.0 x16,0,0,96:32:8,0,0,0,0,0,0,0,0,0,0,0,500,1250,0.0,4.0,24.0,240.0,75.0,"Specifications vary depending on OEM, similar to GT230 v2.",256,51.2,GDDR3,256,0,0,0,0,0,0,0,0,0,0,0,0,0,0,0,0.0,0,0.0,0,0,0,0,0,0,0,0.0,0.0,0,0,0.0,0,0,0,0.0,0.0,0,0,0,0,0.0,0,0.0,0.0,0,0.0,0.0,0,0.0,0,0,0,0,0,0,0,0,0,0.0,0.0,0.0,0.0,0.0,0.0,0,0,0,0.0,0.0,0,0,0,0,0,0,0,0,0,0,0,0,0,0,0,0,0,0.0,0,0,0,0,0,0,0,0,0,0,0,0,0,0,0,0,0,0,0,0,0,0,0,0,0,0,0,0,0,0,0,0
GeForce GT 330,2010-02-01,G92B,TSMC 40 nm,727,144,PCIe 2.0 x16,0,0,96:32:16,0,0,0,0,0,0,0,0,0,0,0,500,1250,0.0,8.0,24.0,240.0,75.0,"Specifications vary depending on OEM, similar to GT230 v2.",1024,16.32,DDR2,128,0,0,0,0,0,0,0,0,0,0,0,0,0,0,0,0.0,0,0.0,0,0,0,0,0,0,0,0.0,0.0,0,0,0.0,0,0,0,0.0,0.0,0,0,0,0,0.0,0,0.0,0.0,0,0.0,0.0,0,0.0,0,0,0,0,0,0,0,0,0,0.0,0.0,0.0,0.0,0.0,0.0,0,0,0,0.0,0.0,0,0,0,0,0,0,0,0,0,0,0,0,0,0,0,0,0,0.0,0,0,0,0,0,0,0,0,0,0,0,0,0,0,0,0,0,0,0,0,0,0,0,0,0,0,0,0,0,0,0,0
GeForce GT 340,2010-02-01,GT215,TSMC 40 nm,727,144,PCIe 2.0 x16,0,0,96:32:8,0,0,0,0,0,0,0,0,0,0,0,550,1340,3400.0,0.0,0.0,257.3,69.0,"OEM Card, similar to GT240",5121024,54.4,GDDR5,128,0,0,0,0,0,0,0,0,0,0,0,0,0,0,0,0.0,0,0.0,0,0,0,0,0,0,0,0.0,0.0,0,0,0.0,0,0,0,0.0,0.0,0,0,0,0,0.0,0,0.0,0.0,0,0.0,0.0,0,0.0,0,0,0,0,0,0,0,0,0,0.0,0.0,0.0,0.0,0.0,0.0,0,0,0,0.0,0.0,0,0,0,0,0,0,0,0,0,0,0,0,0,0,0,0,0,0.0,0,0,0,0,0,0,0,0,0,0,0,0,0,0,0,0,0,0,0,0,0,0,0,0,0,0,0,0,0,0,0,0
GeForce 405,2011-09-16,GT216GT218,40 nm,486260,10057,0,0,0,48:16:816:8:4,0,0,0,0,0,0,0,0,0,10.1,3.3,475589,11001402,800790,3.82.36,7.64.71,105.644.86,30.5,0,5121024,12.6,DDR3,64,0,OEM,1,n/a,1.1,Un­known,0,0,0,0,0,0,0,0,0,0.0,0,0.0,0,0,0,0,0,0,0,0.0,0.0,0,0,0.0,0,0,0,0.0,0.0,0,0,0,0,0.0,0,0.0,0.0,0,0.0,0.0,0,0.0,0,0,0,0,0,0,0,0,0,0.0,0.0,0.0,0.0,0.0,0.0,0,0,0,0.0,0.0,0,0,0,0,0,0,0,0,0,0,0,0,0,0,0,0,0,0.0,0,0,0,0,0,0,0,0,0,0,0,0,0,0,0,0,0,0,0,0,0,0,0,0,0,0,0,0,0,0,0,0
GeForce GT 420,2010-09-03,GF108,TSMC 40 nm,585,116,0,0,0,48:4:4,0,0,0,0,0,0,0,0,0,12 FL 11_1,4.6,700,1400,1800,2.8,2.8,134.4,50,0,512,28.8,GDDR3,128,0,OEM,1,n/a,1.1,Un­known,0,0,0,0,0,0,0,0,0,0.0,0,0.0,0,0,0,0,0,0,0,0.0,0.0,0,0,0.0,0,0,0,0.0,0.0,0,0,0,0,0.0,0,0.0,0.0,0,0.0,0.0,0,0.0,0,0,0,0,0,0,0,0,0,0.0,0.0,0.0,0.0,0.0,0.0,0,0,0,0.0,0.0,0,0,0,0,0,0,0,0,0,0,0,0,0,0,0,0,0,0.0,0,0,0,0,0,0,0,0,0,0,0,0,0,0,0,0,0,0,0,0,0,0,0,0,0,0,0,0,0,0,0,0
GeForce GT 430,2010-10-11,GF108GF108-300-A1,TSMC 40 nm,585,116,0,0,0,96:16:4,0,0,0,0,0,0,0,0,0,12 FL 11_1,4.6,700,1400,16001800,2.8,11.2,268.8,60,0,512,25.628.8,GDDR3,128,0,OEM,2,n/a,1.2,Un­known,0,0,0,0,0,0,0,0,0,0.0,0,0.0,0,0,0,0,0,0,0,0.0,0.0,0,0,0.0,0,0,0,0.0,0.0,0,0,0,0,0.0,0,0.0,0.0,0,0.0,0.0,0,0.0,0,0,0,0,0,0,0,0,0,0.0,0.0,0.0,0.0,0.0,0.0,0,0,0,0.0,0.0,0,0,0,0,0,0,0,0,0,0,0,0,0,0,0,0,0,0.0,0,0,0,0,0,0,0,0,0,0,0,0,0,0,0,0,0,0,0,0,0,0,0,0,0,0,0,0,0,0,0,0
GeForce GT 430,2010-10-11,GF108GF108-300-A1,TSMC 40 nm,585,116,0,0,0,96:16:4,0,0,0,0,0,0,0,0,0,12 FL 11_1,4.6,700,1400,1800,2.8,11.2,268.8,49,0,51210242048,28.8,GDDR3,128,0,$79,2,n/a,1.1,Unknown,0,0,0,0,0,0,0,0,0,0.0,0,0.0,0,0,0,0,0,0,0,0.0,0.0,0,0,0.0,0,0,0,0.0,0.0,0,0,0,0,0.0,0,0.0,0.0,0,0.0,0.0,0,0.0,0,0,0,0,0,0,0,0,0,0.0,0.0,0.0,0.0,0.0,0.0,0,0,0,0.0,0.0,0,0,0,0,0,0,0,0,0,0,0,0,0,0,0,0,0,0.0,0,0,0,0,0,0,0,0,0,0,0,0,0,0,0,0,0,0,0,0,0,0,0,0,0,0,0,0,0,0,0,0
GeForce GT 430,2010-10-11,GF108GF108-300-A1,TSMC 40 nm,585,116,0,0,0,96:16:4,0,0,0,0,0,0,0,0,0,12 FL 11_1,4.6,700,1400,1300,2.8,11.2,268.8,49,0,51210242048,10.4,GDDR3,64,0,$79,2,n/a,1.1,Unknown,0,0,0,0,0,0,0,0,0,0.0,0,0.0,0,0,0,0,0,0,0,0.0,0.0,0,0,0.0,0,0,0,0.0,0.0,0,0,0,0,0.0,0,0.0,0.0,0,0.0,0.0,0,0.0,0,0,0,0,0,0,0,0,0,0.0,0.0,0.0,0.0,0.0,0.0,0,0,0,0.0,0.0,0,0,0,0,0,0,0,0,0,0,0,0,0,0,0,0,0,0.0,0,0,0,0,0,0,0,0,0,0,0,0,0,0,0,0,0,0,0,0,0,0,0,0,0,0,0,0,0,0,0,0
GeForce GT 440,2011-02-01,GF108,TSMC 40 nm,585,116,0,0,0,96:16:4,0,0,0,0,0,0,0,0,0,12 FL 11_1,4.6,810,1620,18003200,3.2,12.9,311.04,65,0,5121024,28.851.2,GDDR3GDDR5,128,0,$100,2,n/a,1.1,Un­known,0,0,0,0,0,0,0,0,0,0.0,0,0.0,0,0,0,0,0,0,0,0.0,0.0,0,0,0.0,0,0,0,0.0,0.0,0,0,0,0,0.0,0,0.0,0.0,0,0.0,0.0,0,0.0,0,0,0,0,0,0,0,0,0,0.0,0.0,0.0,0.0,0.0,0.0,0,0,0,0.0,0.0,0,0,0,0,0,0,0,0,0,0,0,0,0,0,0,0,0,0.0,0,0,0,0,0,0,0,0,0,0,0,0,0,0,0,0,0,0,0,0,0,0,0,0,0,0,0,0,0,0,0,0
GeForce GT 440,2010-10-11,GF106,TSMC 40 nm,1170,238,0,0,0,144:24:24,0,0,0,0,0,0,0,0,0,12 FL 11_1,4.6,594,1189,16001800,4.86,19.44,342.43,56,0,15363072,43.2,DDR3,192,0,OEM,3,n/a,1.1,Un­known,0,0,0,0,0,0,0,0,0,0.0,0,0.0,0,0,0,0,0,0,0,0.0,0.0,0,0,0.0,0,0,0,0.0,0.0,0,0,0,0,0.0,0,0.0,0.0,0,0.0,0.0,0,0.0,0,0,0,0,0,0,0,0,0,0.0,0.0,0.0,0.0,0.0,0.0,0,0,0,0.0,0.0,0,0,0,0,0,0,0,0,0,0,0,0,0,0,0,0,0,0.0,0,0,0,0,0,0,0,0,0,0,0,0,0,0,0,0,0,0,0,0,0,0,0,0,0,0,0,0,0,0,0,0
GeForce GTS 450,2010-10-11,GF106,TSMC 40 nm,1170,238,0,0,0,144:24:24,0,0,0,0,0,0,0,0,0,12 FL 11_1,4.6,790,1580,4000,4.7,18.9,455.04,106,0,1536,96.0,GDDR5,192,0,OEM,3,n/a,1.1,Un­known,0,0,0,0,0,0,0,0,0,0.0,0,0.0,0,0,0,0,0,0,0,0.0,0.0,0,0,0.0,0,0,0,0.0,0.0,0,0,0,0,0.0,0,0.0,0.0,0,0.0,0.0,0,0.0,0,0,0,0,0,0,0,0,0,0.0,0.0,0.0,0.0,0.0,0.0,0,0,0,0.0,0.0,0,0,0,0,0,0,0,0,0,0,0,0,0,0,0,0,0,0.0,0,0,0,0,0,0,0,0,0,0,0,0,0,0,0,0,0,0,0,0,0,0,0,0,0,0,0,0,0,0,0,0
GeForce GTS 450,2010-09-13,GF106-250GF116-200,TSMC 40 nm,1170,238,0,0,0,192:32:16,0,0,0,0,0,0,0,0,0,12 FL 11_1,4.6,783,1566,1200-1600 (GDDR3) 3608 (GDDR5),6.2,25.0,601.34,106,0,5121024,57.7,GDDR5,128,0,$129,4,n/a,1.1,Un­known,0,0,0,0,0,0,0,0,0,0.0,0,0.0,0,0,0,0,0,0,0,0.0,0.0,0,0,0.0,0,0,0,0.0,0.0,0,0,0,0,0.0,0,0.0,0.0,0,0.0,0.0,0,0.0,0,0,0,0,0,0,0,0,0,0.0,0.0,0.0,0.0,0.0,0.0,0,0,0,0.0,0.0,0,0,0,0,0,0,0,0,0,0,0,0,0,0,0,0,0,0.0,0,0,0,0,0,0,0,0,0,0,0,0,0,0,0,0,0,0,0,0,0,0,0,0,0,0,0,0,0,0,0,0
GeForce GTX 460 SE,2010-11-15,GF104-225-A1,TSMC 40 nm,1950,332,0,0,0,288:48:32,0,0,0,0,0,0,0,0,0,12 FL 11_1,4.6,650,1300,3400,7.8,31.2,748.8,150,0,1024,108.8,GDDR5,256,0,$160,6,n/a,1.1,Un­known,0,0,0,0,0,0,0,0,0,0.0,0,0.0,0,0,0,0,0,0,0,0.0,0.0,0,0,0.0,0,0,0,0.0,0.0,0,0,0,0,0.0,0,0.0,0.0,0,0.0,0.0,0,0.0,0,0,0,0,0,0,0,0,0,0.0,0.0,0.0,0.0,0.0,0.0,0,0,0,0.0,0.0,0,0,0,0,0,0,0,0,0,0,0,0,0,0,0,0,0,0.0,0,0,0,0,0,0,0,0,0,0,0,0,0,0,0,0,0,0,0,0,0,0,0,0,0,0,0,0,0,0,0,0
GeForce GTX 460,2010-10-11,GF104,TSMC 40 nm,1950,332,0,0,0,336:56:32,0,0,0,0,0,0,0,0,0,12 FL 11_1,4.6,650,1300,3400,9.1,36.4,873.6,150,0,1024,108.8,GDDR5,256,0,OEM,7,n/a,1.1,Un­known,0,0,0,0,0,0,0,0,0,0.0,0,0.0,0,0,0,0,0,0,0,0.0,0.0,0,0,0.0,0,0,0,0.0,0.0,0,0,0,0,0.0,0,0.0,0.0,0,0.0,0.0,0,0.0,0,0,0,0,0,0,0,0,0,0.0,0.0,0.0,0.0,0.0,0.0,0,0,0,0.0,0.0,0,0,0,0,0,0,0,0,0,0,0,0,0,0,0,0,0,0.0,0,0,0,0,0,0,0,0,0,0,0,0,0,0,0,0,0,0,0,0,0,0,0,0,0,0,0,0,0,0,0,0
GeForce GTX 460,2010-07-12,GF104-300-KB-A1,TSMC 40 nm,1950,332,0,0,0,336:56:24,0,0,0,0,0,0,0,0,0,12 FL 11_1,4.6,675,1350,3600,9.4,37.8,907.2,150,0,768,86.4,GDDR5,192,0,$199,7,n/a,1.1,Unknown,0,0,0,0,0,0,0,0,0,0.0,0,0.0,0,0,0,0,0,0,0,0.0,0.0,0,0,0.0,0,0,0,0.0,0.0,0,0,0,0,0.0,0,0.0,0.0,0,0.0,0.0,0,0.0,0,0,0,0,0,0,0,0,0,0.0,0.0,0.0,0.0,0.0,0.0,0,0,0,0.0,0.0,0,0,0,0,0,0,0,0,0,0,0,0,0,0,0,0,0,0.0,0,0,0,0,0,0,0,0,0,0,0,0,0,0,0,0,0,0,0,0,0,0,0,0,0,0,0,0,0,0,0,0
GeForce GTX 460,2010-07-12,GF104-300-KB-A1,TSMC 40 nm,1950,332,0,0,0,336:56:32,0,0,0,0,0,0,0,0,0,12 FL 11_1,4.6,675,1350,3600,9.4,37.8,907.2,160,0,10242048,115.2,GDDR5,256,0,$229,7,n/a,1.1,Unknown,0,0,0,0,0,0,0,0,0,0.0,0,0.0,0,0,0,0,0,0,0,0.0,0.0,0,0,0.0,0,0,0,0.0,0.0,0,0,0,0,0.0,0,0.0,0.0,0,0.0,0.0,0,0.0,0,0,0,0,0,0,0,0,0,0.0,0.0,0.0,0.0,0.0,0.0,0,0,0,0.0,0.0,0,0,0,0,0,0,0,0,0,0,0,0,0,0,0,0,0,0.0,0,0,0,0,0,0,0,0,0,0,0,0,0,0,0,0,0,0,0,0,0,0,0,0,0,0,0,0,0,0,0,0
GeForce GTX 460,2011-09-24,GF114,TSMC 40 nm,1950,332,0,0,0,336:56:24,0,0,0,0,0,0,0,0,0,12 FL 11_1,4.6,779,1557,4008,10.9,43.6,1045.6,160,0,1024,96.2,GDDR5,192,0,$199,7,n/a,1.1,Un­known,0,0,0,0,0,0,0,0,0,0.0,0,0.0,0,0,0,0,0,0,0,0.0,0.0,0,0,0.0,0,0,0,0.0,0.0,0,0,0,0,0.0,0,0.0,0.0,0,0.0,0.0,0,0.0,0,0,0,0,0,0,0,0,0,0.0,0.0,0.0,0.0,0.0,0.0,0,0,0,0.0,0.0,0,0,0,0,0,0,0,0,0,0,0,0,0,0,0,0,0,0.0,0,0,0,0,0,0,0,0,0,0,0,0,0,0,0,0,0,0,0,0,0,0,0,0,0,0,0,0,0,0,0,0
GeForce GTX 465,2010-05-31,GF100-030-A3,TSMC 40 nm,3000,529,0,0,0,352:44:32,0,0,0,0,0,0,0,0,0,12 FL 11_1,4.6,608,1215,3206,13.3,26.7,855.36,200,0,1024,102.7,GDDR5,256,0,$279,11,n/a,1.2,106.92,0,0,0,0,0,0,0,0,0,0.0,0,0.0,0,0,0,0,0,0,0,0.0,0.0,0,0,0.0,0,0,0,0.0,0.0,0,0,0,0,0.0,0,0.0,0.0,0,0.0,0.0,0,0.0,0,0,0,0,0,0,0,0,0,0.0,0.0,0.0,0.0,0.0,0.0,0,0,0,0.0,0.0,0,0,0,0,0,0,0,0,0,0,0,0,0,0,0,0,0,0.0,0,0,0,0,0,0,0,0,0,0,0,0,0,0,0,0,0,0,0,0,0,0,0,0,0,0,0,0,0,0,0,0
GeForce GTX 470,2010-03-26,GF100-275-A3,TSMC 40 nm,3000,529,0,0,0,448:56:40,0,0,0,0,0,0,0,0,0,12 FL 11_1,4.6,608,1215,3348,17.0,34.0,1088.64,215,0,1280,133.9,GDDR5,320,0,$349,14,n/a,1.2,136.08,0,0,0,0,0,0,0,0,0,0.0,0,0.0,0,0,0,0,0,0,0,0.0,0.0,0,0,0.0,0,0,0,0.0,0.0,0,0,0,0,0.0,0,0.0,0.0,0,0.0,0.0,0,0.0,0,0,0,0,0,0,0,0,0,0.0,0.0,0.0,0.0,0.0,0.0,0,0,0,0.0,0.0,0,0,0,0,0,0,0,0,0,0,0,0,0,0,0,0,0,0.0,0,0,0,0,0,0,0,0,0,0,0,0,0,0,0,0,0,0,0,0,0,0,0,0,0,0,0,0,0,0,0,0
GeForce GTX 480,2010-03-26,GF100-375-A3,TSMC 40 nm,3000,529,0,0,0,480:60:48,0,0,0,0,0,0,0,0,0,12 FL 11_1,4.6,701,1401,3696,21.0,42.0,1344.96,250,0,1536,177.4,GDDR5,384,0,$499,15,n/a,1.2,168.12,0,0,0,0,0,0,0,0,0,0.0,0,0.0,0,0,0,0,0,0,0,0.0,0.0,0,0,0.0,0,0,0,0.0,0.0,0,0,0,0,0.0,0,0.0,0.0,0,0.0,0.0,0,0.0,0,0,0,0,0,0,0,0,0,0.0,0.0,0.0,0.0,0.0,0.0,0,0,0,0.0,0.0,0,0,0,0,0,0,0,0,0,0,0,0,0,0,0,0,0,0.0,0,0,0,0,0,0,0,0,0,0,0,0,0,0,0,0,0,0,0,0,0,0,0,0,0,0,0,0,0,0,0,0
GeForce 510,2011-09-29,GF119,TSMC 40 nm,292,79,PCIe 2.0 x16,0,0,48:8:4,0,0,0,0,0,0,0,0,0,12 FL 11_1,4.6,523,1046,1800,2.1,4.5,100.4,25,0,10242048,14.4,DDR3,64,0,OEM,1,n/a,0,Un­known,1.1,0,0,0,0,0,0,0,0,0.0,0,0.0,0,0,0,0,0,0,0,0.0,0.0,0,0,0.0,0,0,0,0.0,0.0,0,0,0,0,0.0,0,0.0,0.0,0,0.0,0.0,0,0.0,0,0,0,0,0,0,0,0,0,0.0,0.0,0.0,0.0,0.0,0.0,0,0,0,0.0,0.0,0,0,0,0,0,0,0,0,0,0,0,0,0,0,0,0,0,0.0,0,0,0,0,0,0,0,0,0,0,0,0,0,0,0,0,0,0,0,0,0,0,0,0,0,0,0,0,0,0,0,0
GeForce GT 520,2011-04-12,GF119,TSMC 40 nm,292,79,PCIe 2.0 x16PCIe 2.0 x1PCI,0,0,48:8:4,0,0,0,0,0,0,0,0,0,12 FL 11_1,4.6,810,1620,1800,3.25,6.5,155.5,29,0,10242048,14.4,DDR3,64,0,$59,1,n/a,0,Un­known,1.1,0,0,0,0,0,0,0,0,0.0,0,0.0,0,0,0,0,0,0,0,0.0,0.0,0,0,0.0,0,0,0,0.0,0.0,0,0,0,0,0.0,0,0.0,0.0,0,0.0,0.0,0,0.0,0,0,0,0,0,0,0,0,0,0.0,0.0,0.0,0.0,0.0,0.0,0,0,0,0.0,0.0,0,0,0,0,0,0,0,0,0,0,0,0,0,0,0,0,0,0.0,0,0,0,0,0,0,0,0,0,0,0,0,0,0,0,0,0,0,0,0,0,0,0,0,0,0,0,0,0,0,0,0
GeForce GT 530,2011-05-14,GF108-220,TSMC 40 nm,585,116,PCIe 2.0 x16,0,0,96:16:4,0,0,0,0,0,0,0,0,0,12 FL 11_1,4.6,700,1400,1800,2.8,11.2,268.8,50,0,10242048,28.8,DDR3,128,0,OEM,2,n/a,0,22.40,1.1,0,0,0,0,0,0,0,0,0.0,0,0.0,0,0,0,0,0,0,0,0.0,0.0,0,0,0.0,0,0,0,0.0,0.0,0,0,0,0,0.0,0,0.0,0.0,0,0.0,0.0,0,0.0,0,0,0,0,0,0,0,0,0,0.0,0.0,0.0,0.0,0.0,0.0,0,0,0,0.0,0.0,0,0,0,0,0,0,0,0,0,0,0,0,0,0,0,0,0,0.0,0,0,0,0,0,0,0,0,0,0,0,0,0,0,0,0,0,0,0,0,0,0,0,0,0,0,0,0,0,0,0,0
GeForce GT 545,2011-05-14,GF116,TSMC 40 nm,~1170,~238,PCIe 2.0 x16,0,0,144:24:16,0,0,0,0,0,0,0,0,0,12 FL 11_1,4.6,720,1440,1800,11.52,17.28,415.07,70,0,15363072,43,DDR3,192,0,$149,3,n/a,0,Un­known,1.1,0,0,0,0,0,0,0,0,0.0,0,0.0,0,0,0,0,0,0,0,0.0,0.0,0,0,0.0,0,0,0,0.0,0.0,0,0,0,0,0.0,0,0.0,0.0,0,0.0,0.0,0,0.0,0,0,0,0,0,0,0,0,0,0.0,0.0,0.0,0.0,0.0,0.0,0,0,0,0.0,0.0,0,0,0,0,0,0,0,0,0,0,0,0,0,0,0,0,0,0.0,0,0,0,0,0,0,0,0,0,0,0,0,0,0,0,0,0,0,0,0,0,0,0,0,0,0,0,0,0,0,0,0
GeForce GT 545,2011-05-14,GF116,TSMC 40 nm,~1170,~238,PCIe 2.0 x16,0,0,144:24:16,0,0,0,0,0,0,0,0,0,12 FL 11_1,4.6,870,1740,3996,13.92,20.88,501.12,105,0,1024,64,GDDR5,128,0,OEM,3,n/a,0,Un­known,1.1,0,0,0,0,0,0,0,0,0.0,0,0.0,0,0,0,0,0,0,0,0.0,0.0,0,0,0.0,0,0,0,0.0,0.0,0,0,0,0,0.0,0,0.0,0.0,0,0.0,0.0,0,0.0,0,0,0,0,0,0,0,0,0,0.0,0.0,0.0,0.0,0.0,0.0,0,0,0,0.0,0.0,0,0,0,0,0,0,0,0,0,0,0,0,0,0,0,0,0,0.0,0,0,0,0,0,0,0,0,0,0,0,0,0,0,0,0,0,0,0,0,0,0,0,0,0,0,0,0,0,0,0,0
GeForce GTX 550 Ti,2011-03-15,GF116-400,TSMC 40 nm,~1170,~238,PCIe 2.0 x16,0,0,192:32:24,0,0,0,0,0,0,0,0,0,12 FL 11_1,4.6,900,1800,4104,21.6,28.8,691.2,116,0,768+2561536,65.7+32.898.5,GDDR5,128+64,0,$149,4,n/a,0,Un­known,1.1,0,0,0,0,0,0,0,0,0.0,0,0.0,0,0,0,0,0,0,0,0.0,0.0,0,0,0.0,0,0,0,0.0,0.0,0,0,0,0,0.0,0,0.0,0.0,0,0.0,0.0,0,0.0,0,0,0,0,0,0,0,0,0,0.0,0.0,0.0,0.0,0.0,0.0,0,0,0,0.0,0.0,0,0,0,0,0,0,0,0,0,0,0,0,0,0,0,0,0,0.0,0,0,0,0,0,0,0,0,0,0,0,0,0,0,0,0,0,0,0,0,0,0,0,0,0,0,0,0,0,0,0,0
GeForce GTX 555,2011-05-14,GF114,TSMC 40 nm,1950,332,PCIe 2.0 x16,0,0,288:48:24,0,0,0,0,0,0,0,0,0,12 FL 11_1,4.6,736,1472,3828,17.6,35.3,847.9,150,0,1024,91.9,GDDR5,128+64,0,OEM,6,n/a,0,Un­known,1.1,0,0,0,0,0,0,0,0,0.0,0,0.0,0,0,0,0,0,0,0,0.0,0.0,0,0,0.0,0,0,0,0.0,0.0,0,0,0,0,0.0,0,0.0,0.0,0,0.0,0.0,0,0.0,0,0,0,0,0,0,0,0,0,0.0,0.0,0.0,0.0,0.0,0.0,0,0,0,0.0,0.0,0,0,0,0,0,0,0,0,0,0,0,0,0,0,0,0,0,0.0,0,0,0,0,0,0,0,0,0,0,0,0,0,0,0,0,0,0,0,0,0,0,0,0,0,0,0,0,0,0,0,0
GeForce GTX 560 SE,2012-02-20,GF114-200-KB-A1,TSMC 40 nm,1950,332,PCIe 2.0 x16,0,0,288:48:24,0,0,0,0,0,0,0,0,0,12 FL 11_1,4.6,736,1472,3828,17.6,35.3,847.9,150,0,1024,91.9,GDDR5,128+64,0,OEM,6,n/a,0,Un­known,1.1,0,0,0,0,0,0,0,0,0.0,0,0.0,0,0,0,0,0,0,0,0.0,0.0,0,0,0.0,0,0,0,0.0,0.0,0,0,0,0,0.0,0,0.0,0.0,0,0.0,0.0,0,0.0,0,0,0,0,0,0,0,0,0,0.0,0.0,0.0,0.0,0.0,0.0,0,0,0,0.0,0.0,0,0,0,0,0,0,0,0,0,0,0,0,0,0,0,0,0,0.0,0,0,0,0,0,0,0,0,0,0,0,0,0,0,0,0,0,0,0,0,0,0,0,0,0,0,0,0,0,0,0,0
GeForce GTX 560,2011-05-17,GF114-325-A1,TSMC 40 nm,1950,332,PCIe 2.0 x16,0,0,336:56:32,0,0,0,0,0,0,0,0,0,12 FL 11_1,4.6,810,1620,4008,25.92,45.36,1088.6,150,0,1024 2048,128.1,GDDR5,256,0,$199,7,n/a,0,Un­known,1.1,0,0,0,0,0,0,0,0,0.0,0,0.0,0,0,0,0,0,0,0,0.0,0.0,0,0,0.0,0,0,0,0.0,0.0,0,0,0,0,0.0,0,0.0,0.0,0,0.0,0.0,0,0.0,0,0,0,0,0,0,0,0,0,0.0,0.0,0.0,0.0,0.0,0.0,0,0,0,0.0,0.0,0,0,0,0,0,0,0,0,0,0,0,0,0,0,0,0,0,0.0,0,0,0,0,0,0,0,0,0,0,0,0,0,0,0,0,0,0,0,0,0,0,0,0,0,0,0,0,0,0,0,0
GeForce GTX 560 Ti,2011-01-25,GF114-400-A1,TSMC 40 nm,1950,332,PCIe 2.0 x16,0,0,384:64:32,0,0,0,0,0,0,0,0,0,12 FL 11_1,4.6,822,1645,4008,26.3,52.61,1263.4,170,0,1024 2048,128.26,GDDR5,256,0,$249,8,n/a,0,110,1.1,0,0,0,0,0,0,0,0,0.0,0,0.0,0,0,0,0,0,0,0,0.0,0.0,0,0,0.0,0,0,0,0.0,0.0,0,0,0,0,0.0,0,0.0,0.0,0,0.0,0.0,0,0.0,0,0,0,0,0,0,0,0,0,0.0,0.0,0.0,0.0,0.0,0.0,0,0,0,0.0,0.0,0,0,0,0,0,0,0,0,0,0,0,0,0,0,0,0,0,0.0,0,0,0,0,0,0,0,0,0,0,0,0,0,0,0,0,0,0,0,0,0,0,0,0,0,0,0,0,0,0,0,0
GeForce GTX 560 Ti,2011-05-30,GF110,TSMC 40 nm,3000,520,PCIe 2.0 x16,0,0,352:44:40,0,0,0,0,0,0,0,0,0,12 FL 11_1,4.6,732,1464,3800,29.28,32.21,1030.7,210,0,12802560,152,GDDR5,320,0,OEM,11,n/a,0,128.83,1.1,0,0,0,0,0,0,0,0,0.0,0,0.0,0,0,0,0,0,0,0,0.0,0.0,0,0,0.0,0,0,0,0.0,0.0,0,0,0,0,0.0,0,0.0,0.0,0,0.0,0.0,0,0.0,0,0,0,0,0,0,0,0,0,0.0,0.0,0.0,0.0,0.0,0.0,0,0,0,0.0,0.0,0,0,0,0,0,0,0,0,0,0,0,0,0,0,0,0,0,0.0,0,0,Fermi,0,0,0,0,0.0,0,0,0,0.0,0,0,0.0,0,0,1331.2,665.6,0,0,0,0,1× GF110,0,512,1300,—,No,2.0,0,GF110
GeForce GTX 560 Ti 448 Cores,2011-11-29,GF110-270-A1,TSMC 40 nm,3000,520,PCIe 2.0 x16,0,0,448:56:40,0,0,0,0,0,0,0,0,0,12 FL 11_1,4.6,732,1464,3800,29.28,40.99,1311.7,210,0,1280,152,GDDR5,320,0,$289,14,n/a,0,163.97,1.1,0,0,0,0,0,0,0,0,0.0,0,0.0,0,0,0,0,0,0,0,0.0,0.0,0,0,0.0,0,0,0,0.0,0.0,0,0,0,0,0.0,0,0.0,0.0,0,0.0,0.0,0,0.0,0,0,0,0,0,0,0,0,0,0.0,0.0,0.0,0.0,0.0,0.0,0,0,0,0.0,0.0,0,0,0,0,0,0,0,0,0,0,0,0,0,0,0,0,0,0.0,0,0,0,0,0,0,0,0,0,0,0,0,0,0,0,0,0,0,0,0,0,0,0,0,0,0,0,0,0,0,0,0
GeForce GTX 570,2010-12-07,GF110-275-A1,TSMC 40 nm,3000,520,PCIe 2.0 x16,0,0,480:60:40,0,0,0,0,0,0,0,0,0,12 FL 11_1,4.6,732,1464,3800,29.28,43.92,1405.4,219,0,1280 2560,152,GDDR5,320,0,$349,15,n/a,0,175.68,1.1,0,0,0,0,0,0,0,0,0.0,0,0.0,0,0,0,0,0,0,0,0.0,0.0,0,0,0.0,0,0,0,0.0,0.0,0,0,0,0,0.0,0,0.0,0.0,0,0.0,0.0,0,0.0,0,0,0,0,0,0,0,0,0,0.0,0.0,0.0,0.0,0.0,0.0,0,0,0,0.0,0.0,0,0,0,0,0,0,0,0,0,0,0,0,0,0,0,0,0,0.0,0,0,0,0,0,0,0,0,0,0,0,0,0,0,0,0,0,0,0,0,0,0,0,0,0,0,0,0,0,0,0,0
GeForce GTX 580,2010-11-09,GF110-375-A1,TSMC 40 nm,3000,520,PCIe 2.0 x16,0,0,512:64:48,0,0,0,0,0,0,0,0,0,12 FL 11_1,4.6,772,1544,4008,37.05,49.41,1581.1,244,0,15363072,192.384,GDDR5,384,0,$499,16,n/a,0,197.63,1.1,0,0,0,0,0,0,0,0,0.0,0,0.0,0,0,0,0,0,0,0,0.0,0.0,0,0,0.0,0,0,0,0.0,0.0,0,0,0,0,0.0,0,0.0,0.0,0,0.0,0.0,0,0.0,0,0,0,0,0,0,0,0,0,0.0,0.0,0.0,0.0,0.0,0.0,0,0,0,0.0,0.0,0,0,0,0,0,0,0,0,0,0,0,0,0,0,0,0,0,0.0,0,0,0,0,0,0,0,0,0,0,0,0,0,0,0,0,0,0,0,0,0,0,0,0,0,0,0,0,0,0,0,0
GeForce GTX 590,2011-03-24,GF110-351-A1,TSMC 40 nm,2x 3000,2x 520,PCIe 2.0 x16,0,0,2x 512:64:48,0,0,0,0,0,0,0,0,0,12 FL 11_1,4.6,607,1215,3414,2x29.14,2x38.85,2488.3,365,0,2x 1536,2x163.87,GDDR5,2x384,0,$699,2x16,n/a,0,311.04,1.1,0,0,0,0,0,0,0,0,0.0,0,0.0,0,0,0,0,0,0,0,0.0,0.0,0,0,0.0,0,0,0,0.0,0.0,0,0,0,0,0.0,0,0.0,0.0,0,0.0,0.0,0,0.0,0,0,0,0,0,0,0,0,0,0.0,0.0,0.0,0.0,0.0,0.0,0,0,0,0.0,0.0,0,0,0,0,0,0,0,0,0,0,0,0,0,0,0,0,0,0.0,0,0,0,0,0,0,0,0,0,0,0,0,0,0,0,0,0,0,0,0,0,0,0,0,0,0,0,0,0,0,0,0
GeForce 605,2012-04-03,GF119,TSMC 40 nm,292,79,PCIe 2.0 x16,0,0,48:8:4,0,0,0,0,0,0,0,0,0,12,4.6,523,1046,898(1796),2.09,4.2,100.4,25,0,512 1024,14.4,DDR3,64,0,OEM,1,—,1.2,Un­known,0,—,—,0,0,0,0,0,0,0.0,0,0.0,0,0,0,0,0,0,0,0.0,0.0,0,0,0.0,0,0,0,0.0,0.0,0,0,0,0,0.0,0,0.0,0.0,0,0.0,0.0,0,0.0,0,0,0,0,0,0,0,0,0,0.0,0.0,0.0,0.0,0.0,0.0,0,0,0,0.0,0.0,0,0,0,0,0,0,0,0,0,0,0,0,0,0,0,0,0,0.0,0,0,0,0,0,0,0,0,0,0,0,0,0,0,0,0,0,0,0,0,0,0,0,0,0,0,0,0,0,0,0,0
GeForce GT 610,2012-05-15,GF119-300-A1,TSMC 40 nm,292,79,"PCIe 2.0 x16, PCIe x1, PCI",0,0,48:8:4,0,0,0,0,0,0,0,0,0,12,4.6,810,1620,10001800,3.24,6.5,155.5,29,0,51210242048,814.4,DDR3,64,0,Retail,1,—,1.2,Un­known,0,—,—,0,0,0,0,0,0,0.0,0,0.0,0,0,0,0,0,0,0,0.0,0.0,0,0,0.0,0,0,0,0.0,0.0,0,0,0,0,0.0,0,0.0,0.0,0,0.0,0.0,0,0.0,0,0,0,0,0,0,0,0,0,0.0,0.0,0.0,0.0,0.0,0.0,0,0,0,0.0,0.0,0,0,0,0,0,0,0,0,0,0,0,0,0,0,0,0,0,0.0,0,0,0,0,0,0,0,0,0,0,0,0,0,0,0,0,0,0,0,0,0,0,0,0,0,0,0,0,0,0,0,0
GeForce GT 620,2012-04-03,GF119,TSMC 40 nm,292,79,PCIe 2.0 x16,0,0,48:8:4,0,0,0,0,0,0,0,0,0,12,4.6,810,1620,898(1796),3.24,6.5,155.5,30,0,5121024,14.4,DDR3,64,0,OEM,1,—,1.2,Un­known,0,—,—,0,0,0,0,0,0,0.0,0,0.0,0,0,0,0,0,0,0,0.0,0.0,0,0,0.0,0,0,0,0.0,0.0,0,0,0,0,0.0,0,0.0,0.0,0,0.0,0.0,0,0.0,0,0,0,0,0,0,0,0,0,0.0,0.0,0.0,0.0,0.0,0.0,0,0,0,0.0,0.0,0,0,0,0,0,0,0,0,0,0,0,0,0,0,0,0,0,0.0,0,0,0,0,0,0,0,0,0,0,0,0,0,0,0,0,0,0,0,0,0,0,0,0,0,0,0,0,0,0,0,0
GeForce GT 620,2012-05-15,GF108-100-KB-A1,TSMC 40 nm,585,116,PCIe 2.0 x16,0,0,96:16:4,0,0,0,0,0,0,0,0,0,12,4.6,700,1400,1000–1800,2.8,11.2,268.8,49,0,10242048,8–14.4,DDR3,64,0,Retail,2,—,1.2,Un­known,0,—,—,0,0,0,0,0,0,0.0,0,0.0,0,0,0,0,0,0,0,0.0,0.0,0,0,0.0,0,0,0,0.0,0.0,0,0,0,0,0.0,0,0.0,0.0,0,0.0,0.0,0,0.0,0,0,0,0,0,0,0,0,0,0.0,0.0,0.0,0.0,0.0,0.0,0,0,0,0.0,0.0,0,0,0,0,0,0,0,0,0,0,0,0,0,0,0,0,0,0.0,0,0,0,0,0,0,0,0,0,0,0,0,0,0,0,0,0,0,0,0,0,0,0,0,0,0,0,0,0,0,0,0
GeForce GT 625,2013-02-19,GF119,TSMC 40 nm,292,79,PCIe 2.0 x16,0,0,48:8:4,0,0,0,0,0,0,0,0,0,12,4.6,810,1620,898(1796),3.24,6.5,155.5,30,0,512 1024,14.4,DDR3,64,0,OEM,1,—,1.2,Un­known,0,—,—,0,0,0,0,0,0,0.0,0,0.0,0,0,0,0,0,0,0,0.0,0.0,0,0,0.0,0,0,0,0.0,0.0,0,0,0,0,0.0,0,0.0,0.0,0,0.0,0.0,0,0.0,0,0,0,0,0,0,0,0,0,0.0,0.0,0.0,0.0,0.0,0.0,0,0,0,0.0,0.0,0,0,0,0,0,0,0,0,0,0,0,0,0,0,0,0,0,0.0,0,0,0,0,0,0,0,0,0,0,0,0,0,0,0,0,0,0,0,0,0,0,0,0,0,0,0,0,0,0,0,0
GeForce GT 630,2012-04-24,GK107,TSMC 28 nm,1300,118,PCIe 3.0 x16,0,0,192:16:16,0,0,0,0,0,0,0,0,0,12,4.6,875,875,891(1782),14,14,336,50,0,10242048,28.5,DDR3,128,0,OEM,1,1.2,1.2,14,0,—,—,0,0,0,0,0,0,0.0,0,0.0,0,0,0,0,0,0,0,0.0,0.0,0,0,0.0,0,0,0,0.0,0.0,0,0,0,0,0.0,0,0.0,0.0,0,0.0,0.0,0,0.0,0,0,0,0,0,0,0,0,0,0.0,0.0,0.0,0.0,0.0,0.0,0,0,0,0.0,0.0,0,0,0,0,0,0,0,0,0,0,0,0,0,0,0,0,0,0.0,0,0,Kepler,0,0,0,PCIe 3.0 x16,0.0,0,0,0,0.0,0,0,0.0,0,0,0,0,0,0,0,0,4x GK107,4x 192,0,0,0,0,0,0,GK107
GeForce GT 630,2012-04-24,GK107,TSMC 28 nm,1300,118,PCIe 3.0 x16,0,0,192:16:16,0,0,0,0,0,0,0,0,0,12,4.6,875,875,891(1782),14,14,336,50,0,10242048,28.5,DDR3,128,0,OEM,1,1.2,1.2,14,0,—,—,0,0,0,0,0,0,0.0,0,0.0,0,0,0,0,0,0,0,0.0,0.0,0,0,0.0,0,0,0,0.0,0.0,0,0,0,0,0.0,0,0.0,0.0,0,0.0,0.0,0,0.0,0,0,0,0,0,0,0,0,0,0.0,0.0,0.0,0.0,0.0,0.0,0,0,0,0.0,0.0,0,0,0,0,0,0,0,0,0,0,0,0,0,0,0,0,0,0.0,0,0,Kepler,0,0,0,PCIe 3.0 x16,0.0,0,0,0,0.0,0,0,0.0,0,0,0,0,0,0,0,0,4x GK107,4x 384,0,0,0,0,0,0,GK107
GeForce GT 630,2012-05-15,GF108-400-A1,TSMC 40 nm,585,116,PCIe 2.0 x16,0,0,96:16:4,0,0,0,0,0,0,0,0,0,12,4.6,700,1620,1600–1800,2.8,11.2,311,49,0,102420484096,25.6–28.8,DDR3,128,0,Retail,2,—,1.2,Un­known,0,—,—,0,0,0,0,0,0,0.0,0,0.0,0,0,0,0,0,0,0,0.0,0.0,0,0,0.0,0,0,0,0.0,0.0,0,0,0,0,0.0,0,0.0,0.0,0,0.0,0.0,0,0.0,0,0,0,0,0,0,0,0,0,0.0,0.0,0.0,0.0,0.0,0.0,0,0,0,0.0,0.0,0,0,0,0,0,0,0,0,0,0,0,0,0,0,0,0,0,0.0,0,0,0,0,0,0,0,0,0,0,0,0,0,0,0,0,0,0,0,0,0,0,0,0,0,0,0,0,0,0,0,0
GeForce GT 630,2012-05-15,GF108,TSMC 40 nm,585,116,PCIe 2.0 x16,0,0,96:16:4,0,0,0,0,0,0,0,0,0,12,4.6,810,1620,800(3200),3.2,13,311,65,0,1024,51.2,GDDR5,128,0,Retail,2,—,1.2,Un­known,0,—,—,0,0,0,0,0,0,0.0,0,0.0,0,0,0,0,0,0,0,0.0,0.0,0,0,0.0,0,0,0,0.0,0.0,0,0,0,0,0.0,0,0.0,0.0,0,0.0,0.0,0,0.0,0,0,0,0,0,0,0,0,0,0.0,0.0,0.0,0.0,0.0,0.0,0,0,0,0.0,0.0,0,0,0,0,0,0,0,0,0,0,0,0,0,0,0,0,0,0.0,0,0,0,0,0,0,0,0,0,0,0,0,0,0,0,0,0,0,0,0,0,0,0,0,0,0,0,0,0,0,0,0
GeForce GT 630,2013-05-29,GK208-301-A1,TSMC 28 nm,1020,79,PCIe 2.0 x8,0,0,384:16:8,0,0,0,0,0,0,0,0,0,12,4.6,902,902,900(1800),7.22,14.44,692.7,25,0,10242048,14.4,DDR3,64,0,0,1,1.2,1.2,Un­known,0,—,—,0,0,0,0,0,0,0.0,0,0.0,0,0,0,0,0,0,0,0.0,0.0,0,0,0.0,0,0,0,0.0,0.0,0,0,0,0,0.0,0,0.0,0.0,0,0.0,0.0,0,0.0,0,0,0,0,0,0,0,0,0,0.0,0.0,0.0,0.0,0.0,0.0,0,0,0,0.0,0.0,0,0,0,0,0,0,0,0,0,0,0,0,0,0,0,0,0,0.0,0,0,0,0,0,0,0,0,0,0,0,0,0,0,0,0,0,0,0,0,0,0,0,0,0,0,0,0,0,0,0,0
GeForce GT 635,2013-02-19,GK208,TSMC 28 nm,1020,79,PCIe 3.0 x8,0,0,384:16:8,0,0,0,0,0,0,0,0,0,12,4.6,967,967,1001(2002),7.74,15.5,742.7,35,0,10242048,16,DDR3,64,0,OEM,1,1.2,1.2,Un­known,0,—,—,0,0,0,0,0,0,0.0,0,0.0,0,0,0,0,0,0,0,0.0,0.0,0,0,0.0,0,0,0,0.0,0.0,0,0,0,0,0.0,0,0.0,0.0,0,0.0,0.0,0,0.0,0,0,0,0,0,0,0,0,0,0.0,0.0,0.0,0.0,0.0,0.0,0,0,0,0.0,0.0,0,0,0,0,0,0,0,0,0,0,0,0,0,0,0,0,0,0.0,0,0,0,0,0,0,0,0,0,0,0,0,0,0,0,0,0,0,0,0,0,0,0,0,0,0,0,0,0,0,0,0
GeForce GT 640,2012-04-24,GF116,TSMC 40 nm,1170,238,PCIe 2.0 x16,0,0,144:24:24,0,0,0,0,0,0,0,0,0,12,4.6,720,1440,891(1782),17.3,17.3,414.7,75,0,15363072,42.8,DDR3,192,0,OEM,3,—,1.2,Un­known,0,—,—,0,0,0,0,0,0,0.0,0,0.0,0,0,0,0,0,0,0,0.0,0.0,0,0,0.0,0,0,0,0.0,0.0,0,0,0,0,0.0,0,0.0,0.0,0,0.0,0.0,0,0.0,0,0,0,0,0,0,0,0,0,0.0,0.0,0.0,0.0,0.0,0.0,0,0,0,0.0,0.0,0,0,0,0,0,0,0,0,0,0,0,0,0,0,0,0,0,0.0,0,0,0,0,0,0,0,0,0,0,0,0,0,0,0,0,0,0,0,0,0,0,0,0,0,0,0,0,0,0,0,0
GeForce GT 640,2012-04-24,GK107,TSMC 28 nm,1300,118,PCIe 3.0 x16,0,0,384:32:16,0,0,0,0,0,0,0,0,0,12,4.6,797,797,891(1782),12.8,25.5,612.1,50,0,10242048,28.5,DDR3,128,0,OEM,2,1.2,1.2,25.50,0,—,—,0,0,0,0,0,0,0.0,0,0.0,0,0,0,0,0,0,0,0.0,0.0,0,0,0.0,0,0,0,0.0,0.0,0,0,0,0,0.0,0,0.0,0.0,0,0.0,0.0,0,0.0,0,0,0,0,0,0,0,0,0,0.0,0.0,0.0,0.0,0.0,0.0,0,0,0,0.0,0.0,0,0,0,0,0,0,0,0,0,0,0,0,0,0,0,0,0,0.0,0,0,Kepler,0,0,0,PCIe 3.0 x16,0.0,0,0,0,0.0,0,0,0.0,0,0,0,0,0,0,0,0,4x GK107,4x 192,0,0,0,0,0,0,GK107
GeForce GT 640,2012-04-24,GK107,TSMC 28 nm,1300,118,PCIe 3.0 x16,0,0,384:32:16,0,0,0,0,0,0,0,0,0,12,4.6,797,797,891(1782),12.8,25.5,612.1,50,0,10242048,28.5,DDR3,128,0,OEM,2,1.2,1.2,25.50,0,—,—,0,0,0,0,0,0,0.0,0,0.0,0,0,0,0,0,0,0,0.0,0.0,0,0,0.0,0,0,0,0.0,0.0,0,0,0,0,0.0,0,0.0,0.0,0,0.0,0.0,0,0.0,0,0,0,0,0,0,0,0,0,0.0,0.0,0.0,0.0,0.0,0.0,0,0,0,0.0,0.0,0,0,0,0,0,0,0,0,0,0,0,0,0,0,0,0,0,0.0,0,0,Kepler,0,0,0,PCIe 3.0 x16,0.0,0,0,0,0.0,0,0,0.0,0,0,0,0,0,0,0,0,4x GK107,4x 384,0,0,0,0,0,0,GK107
GeForce GT 640,2012-06-05,GK107,TSMC 28 nm,1300,118,PCIe 3.0 x16,0,0,384:32:16,0,0,0,0,0,0,0,0,0,12,4.6,900,900,891(1782),14.4,28.8,691.2,65,0,20484096,28.5,DDR3,128,0,$100,2,1.2,1.2,28.8,0,—,—,0,0,0,0,0,0,0.0,0,0.0,0,0,0,0,0,0,0,0.0,0.0,0,0,0.0,0,0,0,0.0,0.0,0,0,0,0,0.0,0,0.0,0.0,0,0.0,0.0,0,0.0,0,0,0,0,0,0,0,0,0,0.0,0.0,0.0,0.0,0.0,0.0,0,0,0,0.0,0.0,0,0,0,0,0,0,0,0,0,0,0,0,0,0,0,0,0,0.0,0,0,Kepler,0,0,0,PCIe 3.0 x16,0.0,0,0,0,0.0,0,0,0.0,0,0,0,0,0,0,0,0,4x GK107,4x 192,0,0,0,0,0,0,GK107
GeForce GT 640,2012-06-05,GK107,TSMC 28 nm,1300,118,PCIe 3.0 x16,0,0,384:32:16,0,0,0,0,0,0,0,0,0,12,4.6,900,900,891(1782),14.4,28.8,691.2,65,0,20484096,28.5,DDR3,128,0,$100,2,1.2,1.2,28.8,0,—,—,0,0,0,0,0,0,0.0,0,0.0,0,0,0,0,0,0,0,0.0,0.0,0,0,0.0,0,0,0,0.0,0.0,0,0,0,0,0.0,0,0.0,0.0,0,0.0,0.0,0,0.0,0,0,0,0,0,0,0,0,0,0.0,0.0,0.0,0.0,0.0,0.0,0,0,0,0.0,0.0,0,0,0,0,0,0,0,0,0,0,0,0,0,0,0,0,0,0.0,0,0,Kepler,0,0,0,PCIe 3.0 x16,0.0,0,0,0,0.0,0,0,0.0,0,0,0,0,0,0,0,0,4x GK107,4x 384,0,0,0,0,0,0,GK107
GeForce GT 640,2012-04-24,GK107,TSMC 28 nm,1300,118,PCIe 3.0 x16,0,0,384:32:16,0,0,0,0,0,0,0,0,0,12,4.6,950,950,1250(5000),15.2,30.4,729.6,75,0,10242048,80,GDDR5,128,0,OEM,2,1.2,1.2,30.40,0,—,—,0,0,0,0,0,0,0.0,0,0.0,0,0,0,0,0,0,0,0.0,0.0,0,0,0.0,0,0,0,0.0,0.0,0,0,0,0,0.0,0,0.0,0.0,0,0.0,0.0,0,0.0,0,0,0,0,0,0,0,0,0,0.0,0.0,0.0,0.0,0.0,0.0,0,0,0,0.0,0.0,0,0,0,0,0,0,0,0,0,0,0,0,0,0,0,0,0,0.0,0,0,Kepler,0,0,0,PCIe 3.0 x16,0.0,0,0,0,0.0,0,0,0.0,0,0,0,0,0,0,0,0,4x GK107,4x 192,0,0,0,0,0,0,GK107
GeForce GT 640,2012-04-24,GK107,TSMC 28 nm,1300,118,PCIe 3.0 x16,0,0,384:32:16,0,0,0,0,0,0,0,0,0,12,4.6,950,950,1250(5000),15.2,30.4,729.6,75,0,10242048,80,GDDR5,128,0,OEM,2,1.2,1.2,30.40,0,—,—,0,0,0,0,0,0,0.0,0,0.0,0,0,0,0,0,0,0,0.0,0.0,0,0,0.0,0,0,0,0.0,0.0,0,0,0,0,0.0,0,0.0,0.0,0,0.0,0.0,0,0.0,0,0,0,0,0,0,0,0,0,0.0,0.0,0.0,0.0,0.0,0.0,0,0,0,0.0,0.0,0,0,0,0,0,0,0,0,0,0,0,0,0,0,0,0,0,0.0,0,0,Kepler,0,0,0,PCIe 3.0 x16,0.0,0,0,0,0.0,0,0,0.0,0,0,0,0,0,0,0,0,4x GK107,4x 384,0,0,0,0,0,0,GK107
GeForce GT 640,2013-05-29,GK208-400-A1,TSMC 28 nm,1020,79,PCIe 2.0 x8,0,0,384:16:8,0,0,0,0,0,0,0,0,0,12,4.6,1046,1046,1252(5008),8.37,16.7,803.3,49,0,1024,40.1,GDDR5,64,0,0,2,1.2,1.2,Un­known,0,—,—,0,0,0,0,0,0,0.0,0,0.0,0,0,0,0,0,0,0,0.0,0.0,0,0,0.0,0,0,0,0.0,0.0,0,0,0,0,0.0,0,0.0,0.0,0,0.0,0.0,0,0.0,0,0,0,0,0,0,0,0,0,0.0,0.0,0.0,0.0,0.0,0.0,0,0,0,0.0,0.0,0,0,0,0,0,0,0,0,0,0,0,0,0,0,0,0,0,0.0,0,0,0,0,0,0,0,0,0,0,0,0,0,0,0,0,0,0,0,0,0,0,0,0,0,0,0,0,0,0,0,0
GeForce GT 645,2012-04-24,GF114-400-A1,TSMC 40 nm,1950,332,PCIe 2.0 x16,0,0,288:48:24,0,0,0,0,0,0,0,0,0,12,4.6,776,1552,1914,18.6,37.3,894,140,0,1024,91.9,GDDR5,192,0,OEM,6,—,1.2,Un­known,0,—,—,0,0,0,0,0,0,0.0,0,0.0,0,0,0,0,0,0,0,0.0,0.0,0,0,0.0,0,0,0,0.0,0.0,0,0,0,0,0.0,0,0.0,0.0,0,0.0,0.0,0,0.0,0,0,0,0,0,0,0,0,0,0.0,0.0,0.0,0.0,0.0,0.0,0,0,0,0.0,0.0,0,0,0,0,0,0,0,0,0,0,0,0,0,0,0,0,0,0.0,0,0,0,0,0,0,0,0,0,0,0,0,0,0,0,0,0,0,0,0,0,0,0,0,0,0,0,0,0,0,0,0
GeForce GTX 645,2013-04-22,GK106,TSMC 28 nm,2540,221,PCIe 3.0 x16,0,0,576:48:16,0,0,0,0,0,0,0,0,0,12,4.6,823.5,823,1000(4000),14.16,39.5,948.1,64,0,1024,64,GDDR5,128,0,OEM,3,1.2,1.2,39.53,0,888.5,—,0,0,0,0,0,0,0.0,0,0.0,0,0,0,0,0,0,0,0.0,0.0,0,0,0.0,0,0,0,0.0,0.0,0,0,0,0,0.0,0,0.0,0.0,0,0.0,0.0,0,0.0,0,0,0,0,0,0,0,0,0,0.0,0.0,0.0,0.0,0.0,0.0,0,0,0,0.0,0.0,0,0,0,0,0,0,0,0,0,0,0,0,0,0,0,0,0,0.0,0,0,0,0,0,0,0,0,0,0,0,0,0,0,0,0,0,0,0,0,0,0,0,0,0,0,0,0,0,0,0,0
GeForce GTX 650,2012-09-13,GK107-450-A2,TSMC 28 nm,1300,118,PCIe 3.0 x16,0,0,384:32:16,0,0,0,0,0,0,0,0,0,12,4.6,1058,1058,1250(5000),16.9,33.8,812.54,64,0,10242048,80,GDDR5,128,0,$110,2,1.2,1.2,33.86,0,—,—,0,0,0,0,0,0,0.0,0,0.0,0,0,0,0,0,0,0,0.0,0.0,0,0,0.0,0,0,0,0.0,0.0,0,0,0,0,0.0,0,0.0,0.0,0,0.0,0.0,0,0.0,0,0,0,0,0,0,0,0,0,0.0,0.0,0.0,0.0,0.0,0.0,0,0,0,0.0,0.0,0,0,0,0,0,0,0,0,0,0,0,0,0,0,0,0,0,0.0,0,0,0,0,0,0,0,0,0,0,0,0,0,0,0,0,0,0,0,0,0,0,0,0,0,0,0,0,0,0,0,0
GeForce GTX 650,2013-11-27,GK-106-400-A1,TSMC 28 nm,2540,221,PCIe 3.0 x16,0,0,384:32:16,0,0,0,0,0,0,0,0,0,12,4.6,1058,1058,1250(5000),16.9,33.8,812.54,?,0,10242048,80,GDDR5,128,0,0,2,1.2,1.2,33.86,0,—,65,0,0,0,0,0,0,0.0,0,0.0,0,0,0,0,0,0,0,0.0,0.0,0,0,0.0,0,0,0,0.0,0.0,0,0,0,0,0.0,0,0.0,0.0,0,0.0,0.0,0,0.0,0,0,0,0,0,0,0,0,0,0.0,0.0,0.0,0.0,0.0,0.0,0,0,0,0.0,0.0,0,0,0,0,0,0,0,0,0,0,0,0,0,0,0,0,0,0.0,0,0,0,0,0,0,0,0,0,0,0,0,0,0,0,0,0,0,0,0,0,0,0,0,0,0,0,0,0,0,0,0
GeForce GTX 650 Ti,2012-10-09,GK106-220-A1,TSMC 28 nm,2540,221,PCIe 3.0 x16,0,0,768:64:16,0,0,0,0,0,0,0,0,0,12,4.6,928,928,1350(5400),14.8,59.4,1425.41,110,0,10242048,86.4,GDDR5,128,0,$150 (130),4,1.2,1.2,59.39,0,—,—,0,0,0,0,0,0,0.0,0,0.0,0,0,0,0,0,0,0,0.0,0.0,0,0,0.0,0,0,0,0.0,0.0,0,0,0,0,0.0,0,0.0,0.0,0,0.0,0.0,0,0.0,0,0,0,0,0,0,0,0,0,0.0,0.0,0.0,0.0,0.0,0.0,0,0,0,0.0,0.0,0,0,0,0,0,0,0,0,0,0,0,0,0,0,0,0,0,0.0,0,0,0,0,0,0,0,0,0,0,0,0,0,0,0,0,0,0,0,0,0,0,0,0,0,0,0,0,0,0,0,0
GeForce GTX 650 Ti Boost,2013-03-26,GK106-240-A1,TSMC 28 nm,2540,221,PCIe 3.0 x16,0,0,768:64:24,0,0,0,0,0,0,0,0,0,12,4.6,980,980,1502(6008),23.5,62.7,1505.28,134,0,10242048,144.2,GDDR5,192,0,$170 (150),4,1.2,1.2,62.72,0,1032,—,0,0,0,0,0,0,0.0,0,0.0,0,0,0,0,0,0,0,0.0,0.0,0,0,0.0,0,0,0,0.0,0.0,0,0,0,0,0.0,0,0.0,0.0,0,0.0,0.0,0,0.0,0,0,0,0,0,0,0,0,0,0.0,0.0,0.0,0.0,0.0,0.0,0,0,0,0.0,0.0,0,0,0,0,0,0,0,0,0,0,0,0,0,0,0,0,0,0.0,0,0,0,0,0,0,0,0,0,0,0,0,0,0,0,0,0,0,0,0,0,0,0,0,0,0,0,0,0,0,0,0
GeForce GTX 660,2012-09-13,GK106-400-A1,TSMC 28 nm,2540,221,PCIe 3.0 x16,0,0,960:80:24,0,0,0,0,0,0,0,0,0,12,4.6,980,980,1502(6008),23.5,78.4,1881.6,140,0,1536+5123072,96.1+48.1144.2,GDDR5,128+64192,0,$230 (180),5,1.2,1.2,78.40,0,1032,1084,0,0,0,0,0,0,0.0,0,0.0,0,0,0,0,0,0,0,0.0,0.0,0,0,0.0,0,0,0,0.0,0.0,0,0,0,0,0.0,0,0.0,0.0,0,0.0,0.0,0,0.0,0,0,0,0,0,0,0,0,0,0.0,0.0,0.0,0.0,0.0,0.0,0,0,0,0.0,0.0,0,0,0,0,0,0,0,0,0,0,0,0,0,0,0,0,0,0.0,0,0,0,0,0,0,0,0,0,0,0,0,0,0,0,0,0,0,0,0,0,0,0,0,0,0,0,0,0,0,0,0
GeForce GTX 660,2012-08-22,GK104-200-KD-A2,TSMC 28 nm,3540,294,PCIe 3.0 x16,0,0,1152:96:241152:96:32,0,0,0,0,0,0,0,0,0,12,4.6,823.5,823,1450(5800),19.8,79,2108.6,130,0,153620483072,139 186,GDDR5,192256,0,OEM,6,1.2,1.2,79.06,0,888.5,899,0,0,0,0,0,0,0.0,0,0.0,0,0,0,0,0,0,0,0.0,0.0,0,0,0.0,0,0,0,0.0,0.0,0,0,0,0,0.0,0,0.0,0.0,0,0.0,0.0,0,0.0,0,0,0,0,0,0,0,0,0,0.0,0.0,0.0,0.0,0.0,0.0,0,0,0,0.0,0.0,0,0,0,0,0,0,0,0,0,0,0,0,0,0,0,0,0,0.0,0,0,0,0,0,0,0,0,0,0,0,0,0,0,0,0,0,0,0,0,0,0,0,0,0,0,0,0,0,0,0,0
GeForce GTX 660 Ti,2012-08-16,GK104-300-KD-A2,TSMC 28 nm,3540,294,PCIe 3.0 x16,0,0,1344:112:24,0,0,0,0,0,0,0,0,0,12,4.6,915,915,1502(6008),22.0,102.5,2459.52,150,0,2048,96.1+48.1144.2,GDDR5,128+64192,0,$300,7,1.2,1.2,102.48,0,980,1058,0,0,0,0,0,0,0.0,0,0.0,0,0,0,0,0,0,0,0.0,0.0,0,0,0.0,0,0,0,0.0,0.0,0,0,0,0,0.0,0,0.0,0.0,0,0.0,0.0,0,0.0,0,0,0,0,0,0,0,0,0,0.0,0.0,0.0,0.0,0.0,0.0,0,0,0,0.0,0.0,0,0,0,0,0,0,0,0,0,0,0,0,0,0,0,0,0,0.0,0,0,0,0,0,0,0,0,0,0,0,0,0,0,0,0,0,0,0,0,0,0,0,0,0,0,0,0,0,0,0,0
GeForce GTX 670,2012-05-10,GK104-325-A2,TSMC 28 nm,3540,294,PCIe 3.0 x16,0,0,1344:112:32,0,0,0,0,0,0,0,0,0,12,4.6,915,915,1502(6008),29.3,102.5,2459.52,170,0,20484096,192.256,GDDR5,256,0,$400,7,1.2,1.2,102.48,0,980,1084,0,0,0,0,0,0,0.0,0,0.0,0,0,0,0,0,0,0,0.0,0.0,0,0,0.0,0,0,0,0.0,0.0,0,0,0,0,0.0,0,0.0,0.0,0,0.0,0.0,0,0.0,0,0,0,0,0,0,0,0,0,0.0,0.0,0.0,0.0,0.0,0.0,0,0,0,0.0,0.0,0,0,0,0,0,0,0,0,0,0,0,0,0,0,0,0,0,0.0,0,0,0,0,0,0,0,0,0,0,0,0,0,0,0,0,0,0,0,0,0,0,0,0,0,0,0,0,0,0,0,0
GeForce GTX 680,2012-03-22,GK104-400-A2,TSMC 28 nm,3540,294,PCIe 3.0 x16,0,0,1536:128:32,0,0,0,0,0,0,0,0,0,12,4.6,1006,1006,1502(6008),32.2,128.8,3090.43,195,0,20484096,192.256,GDDR5,256,0,$500,8,1.2,1.2,128.77,0,1058,1110,0,0,0,0,0,0,0.0,0,0.0,0,0,0,0,0,0,0,0.0,0.0,0,0,0.0,0,0,0,0.0,0.0,0,0,0,0,0.0,0,0.0,0.0,0,0.0,0.0,0,0.0,0,0,0,0,0,0,0,0,0,0.0,0.0,0.0,0.0,0.0,0.0,0,0,0,0.0,0.0,0,0,0,0,0,0,0,0,0,0,0,0,0,0,0,0,0,0.0,0,0,0,0,0,0,0,0,0,0,0,0,0,0,0,0,0,0,0,0,0,0,0,0,0,0,0,0,0,0,0,0
GeForce GTX 690,2012-04-29,GK104-355-A2,TSMC 28 nm,2x 3540,2x 294,PCIe 3.0 x16,0,0,2x 1536:128:32,0,0,0,0,0,0,0,0,0,12,4.6,915,915,1502(6008),2x 29.28,2x 117.12,2x 2810.88,300,0,2x 2048,2x 192.256,GDDR5,2x 256,0,$1000,2x 8,1.2,1.2,2x 117.12,0,1019,1058,0,0,0,0,0,0,0.0,0,0.0,0,0,0,0,0,0,0,0.0,0.0,0,0,0.0,0,0,0,0.0,0.0,0,0,0,0,0.0,0,0.0,0.0,0,0.0,0.0,0,0.0,0,0,0,0,0,0,0,0,0,0.0,0.0,0.0,0.0,0.0,0.0,0,0,0,0.0,0.0,0,0,0,0,0,0,0,0,0,0,0,0,0,0,0,0,0,0.0,0,0,0,0,0,0,0,0,0,0,0,0,0,0,0,0,0,0,0,0,0,0,0,0,0,0,0,0,0,0,0,0
GeForce GT 705,2014-03-27,GF119-300-A1,TSMC 40 nm,292,79,PCIe 2.0 x16,0,0,48:8:4,0,0,0,0,0,0,0,0,0,12,4.6,0,0,898(1796),3.24,6.5,155.5,29,0,5121024,14.4,DDR3,64,0,OEM,0,0,1.1,19.4,0,—,0,1,810,—,0,0,0,0.0,0,0.0,0,0,0,0,0,0,0,0.0,0.0,0,0,0.0,0,0,0,0.0,0.0,0,0,0,0,0.0,0,0.0,0.0,0,0.0,0.0,0,0.0,0,0,0,0,0,0,0,0,0,0.0,0.0,0.0,0.0,0.0,0.0,0,0,0,0.0,0.0,0,0,0,0,0,0,0,0,0,0,0,0,0,0,0,0,0,0.0,0,0,0,0,0,0,0,0,0,0,0,0,0,0,0,0,0,0,0,0,0,0,0,0,0,0,0,0,0,0,0,0
GeForce GT 710,2014-03-27,GK208-301-A1,TSMC 28 nm,1020,79,PCIe 2.0 x8,0,0,192:16:8,0,0,0,0,0,0,0,0,0,12,4.6,0,0,900 (1800),6.6,13.2,316.0,0,0,512,14.4,DDR3,64,0,OEM,0,1.2,1.2,13.2,0,—,0,1,823,—,0,0,0,0.0,0,0.0,0,0,0,0,0,0,0,0.0,0.0,0,0,0.0,0,0,0,0.0,0.0,0,0,0,0,0.0,0,0.0,0.0,0,0.0,0.0,0,0.0,0,0,0,0,0,0,0,0,0,0.0,0.0,0.0,0.0,0.0,0.0,0,0,0,0.0,0.0,0,0,0,0,0,0,0,0,0,0,0,0,0,0,0,0,0,0.0,0,0,0,0,0,0,0,0,0,0,0,0,0,0,0,0,0,0,0,0,0,0,0,0,0,0,0,0,0,0,0,0
GeForce GT 710,2016-01-26,GK208-203-B1,TSMC 28 nm,1020,79,"PCIe 2.0 x8, PCIe x1",0,0,192:16:8,0,0,0,0,0,0,0,0,0,12,4.6,0,0,900 (1800)1253 (5010),7.6,15.3,366,19,0,10242048,14.440.0,DDR3GDDR5,64,0,$35–45,0,1.2,1.2,15.3,0,—,0,1,954,—,0,0,0,0.0,0,0.0,0,0,0,0,0,0,0,0.0,0.0,0,0,0.0,0,0,0,0.0,0.0,0,0,0,0,0.0,0,0.0,0.0,0,0.0,0.0,0,0.0,0,0,0,0,0,0,0,0,0,0.0,0.0,0.0,0.0,0.0,0.0,0,0,0,0.0,0.0,0,0,0,0,0,0,0,0,0,0,0,0,0,0,0,0,0,0.0,0,0,0,0,0,0,0,0,0,0,0,0,0,0,0,0,0,0,0,0,0,0,0,0,0,0,0,0,0,0,0,0
GeForce GT 720,2014-03-27,GK208-201-B1,TSMC 28 nm,1020,79,PCIe 2.0 x8,0,0,192:16:8,0,0,0,0,0,0,0,0,0,12,4.6,0,0,900 (1800)1253 (5010),6.4,12.8,306,19,0,10242048,14.440.0,DDR3GDDR5,64,0,$49–59,0,1.2,1.2,12.8,0,—,0,1,797,—,0,0,0,0.0,0,0.0,0,0,0,0,0,0,0,0.0,0.0,0,0,0.0,0,0,0,0.0,0.0,0,0,0,0,0.0,0,0.0,0.0,0,0.0,0.0,0,0.0,0,0,0,0,0,0,0,0,0,0.0,0.0,0.0,0.0,0.0,0.0,0,0,0,0.0,0.0,0,0,0,0,0,0,0,0,0,0,0,0,0,0,0,0,0,0.0,0,0,0,0,0,0,0,0,0,0,0,0,0,0,0,0,0,0,0,0,0,0,0,0,0,0,0,0,0,0,0,0
GeForce GT 730,2014-06-18,GK208-301-A1,TSMC 28 nm,1020,79,PCIe 2.0 x8,0,0,384:16:8,0,0,0,0,0,0,0,0,0,12,4.6,0,0,900(1800),7.22,14.44,692.7,23,0,1024,14.4,DDR3,64,0,$69–79,0,1.2,1.2,28.9,0,—,0,2,902,—,0,0,0,0.0,0,0.0,0,0,0,0,0,0,0,0.0,0.0,0,0,0.0,0,0,0,0.0,0.0,0,0,0,0,0.0,0,0.0,0.0,0,0.0,0.0,0,0.0,0,0,0,0,0,0,0,0,0,0.0,0.0,0.0,0.0,0.0,0.0,0,0,0,0.0,0.0,0,0,0,0,0,0,0,0,0,0,0,0,0,0,0,0,0,0.0,0,0,0,0,0,0,0,0,0,0,0,0,0,0,0,0,0,0,0,0,0,0,0,0,0,0,0,0,0,0,0,0
GeForce GT 730,2014-06-18,GK208-400-A1,TSMC 28 nm,1020,79,PCIe 2.0 x8,0,0,384:16:8,0,0,0,0,0,0,0,0,0,12,4.6,0,0,1250(5000),7.22,14.44,692.7,25,0,10242048,40.0,GDDR5,64,0,$69–79,0,1.2,1.2,28.9,0,—,0,2,902,—,0,0,0,0.0,0,0.0,0,0,0,0,0,0,0,0.0,0.0,0,0,0.0,0,0,0,0.0,0.0,0,0,0,0,0.0,0,0.0,0.0,0,0.0,0.0,0,0.0,0,0,0,0,0,0,0,0,0,0.0,0.0,0.0,0.0,0.0,0.0,0,0,0,0.0,0.0,0,0,0,0,0,0,0,0,0,0,0,0,0,0,0,0,0,0.0,0,0,0,0,0,0,0,0,0,0,0,0,0,0,0,0,0,0,0,0,0,0,0,0,0,0,0,0,0,0,0,0
GeForce GT 730,2014-06-18,GF108,TSMC 40 nm,585,116,PCIe 2.0 x16,0,0,96:16:4,0,0,0,0,0,0,0,0,0,12,4.6,0,0,900(1800),2.8,11.0,268.8,49,0,102420484096,28.8,DDR3,128,0,$69–79,0,0,1.1,33.6,0,—,0,2,700,—,0,0,0,0.0,0,0.0,0,0,0,0,0,0,0,0.0,0.0,0,0,0.0,0,0,0,0.0,0.0,0,0,0,0,0.0,0,0.0,0.0,0,0.0,0.0,0,0.0,0,0,0,0,0,0,0,0,0,0.0,0.0,0.0,0.0,0.0,0.0,0,0,0,0.0,0.0,0,0,0,0,0,0,0,0,0,0,0,0,0,0,0,0,0,0.0,0,0,0,0,0,0,0,0,0,0,0,0,0,0,0,0,0,0,0,0,0,0,0,0,0,0,0,0,0,0,0,0
GeForce GT 740,2014-05-29,GK107-425-A2,TSMC28HP,1270,118,PCIe 3.0 x16,0,0,384:32:16,0,0,0,0,0,0,0,0,0,12,4.6,0,0,891(1782),15.9,31.8,762.6,64,0,102420484096,28.5,DDR3,128,0,$89–99,0,1.2,1.2,31.8,0,—,0,2,993,—,0,0,0,0.0,0,0.0,0,0,0,0,0,0,0,0.0,0.0,0,0,0.0,0,0,0,0.0,0.0,0,0,0,0,0.0,0,0.0,0.0,0,0.0,0.0,0,0.0,0,0,0,0,0,0,0,0,0,0.0,0.0,0.0,0.0,0.0,0.0,0,0,0,0.0,0.0,0,0,0,0,0,0,0,0,0,0,0,0,0,0,0,0,0,0.0,0,0,0,0,0,0,0,0,0,0,0,0,0,0,0,0,0,0,0,0,0,0,0,0,0,0,0,0,0,0,0,0
GeForce GT 740,2014-05-29,GK107-425-A2,TSMC28HP,1270,118,PCIe 3.0 x16,0,0,384:32:16,0,0,0,0,0,0,0,0,0,12,4.6,0,0,1252(5008),15.9,31.8,762.6,64,0,102420484096,80.1,GDDR5,128,0,$89–99,0,1.2,1.2,31.8,0,—,0,2,993,—,0,0,0,0.0,0,0.0,0,0,0,0,0,0,0,0.0,0.0,0,0,0.0,0,0,0,0.0,0.0,0,0,0,0,0.0,0,0.0,0.0,0,0.0,0.0,0,0.0,0,0,0,0,0,0,0,0,0,0.0,0.0,0.0,0.0,0.0,0.0,0,0,0,0.0,0.0,0,0,0,0,0,0,0,0,0,0,0,0,0,0,0,0,0,0.0,0,0,0,0,0,0,0,0,0,0,0,0,0,0,0,0,0,0,0,0,0,0,0,0,0,0,0,0,0,0,0,0
GeForce GTX 745,2014-02-18,GM107-220-A2,TSMC28HP,1870,148,PCIe 3.0 x16,0,0,384:24:16,0,0,0,0,0,0,0,0,0,12,4.6,0,0,900(1800),16.5,24.8,793.3,55,0,10244096,28.8,DDR3,128,0,OEM,0,1.3,1.2,24.8,0,Un­known,0,3,1033,Un­known,0,0,0,0.0,0,0.0,0,0,0,0,0,0,0,0.0,0.0,0,0,0.0,0,0,0,0.0,0.0,0,0,0,0,0.0,0,0.0,0.0,0,0.0,0.0,0,0.0,0,0,0,0,0,0,0,0,0,0.0,0.0,0.0,0.0,0.0,0.0,0,0,0,0.0,0.0,0,0,0,0,0,0,0,0,0,0,0,0,0,0,0,0,0,0.0,0,0,0,0,0,0,0,0,0,0,0,0,0,0,0,0,0,0,0,0,0,0,0,0,0,0,0,0,0,0,0,0
GeForce GTX 750,2014-02-18,GM107-300-A2,TSMC28HP,1870,148,PCIe 3.0 x16,0,0,512:32:16,0,0,0,0,0,0,0,0,0,12,4.6,0,0,1250(5000),16.3,32.6,1044.5,55,0,102420484096,80,GDDR5,128,0,$119,0,1.3,1.2,32.6,0,1085,0,4,1020,1163,0,0,0,0.0,0,0.0,0,0,0,0,0,0,0,0.0,0.0,0,0,0.0,0,0,0,0.0,0.0,0,0,0,0,0.0,0,0.0,0.0,0,0.0,0.0,0,0.0,0,0,0,0,0,0,0,0,0,0.0,0.0,0.0,0.0,0.0,0.0,0,0,0,0.0,0.0,0,0,0,0,0,0,0,0,0,0,0,0,0,0,0,0,0,0.0,0,0,0,0,0,0,0,0,0,0,0,0,0,0,0,0,0,0,0,0,0,0,0,0,0,0,0,0,0,0,0,0
GeForce GTX 750 Ti,2014-02-18,GM107-400-A2,TSMC28HP,1870,148,PCIe 3.0 x16,0,0,640:40:16,0,0,0,0,0,0,0,0,0,12,4.6,0,0,1350(5400),16.3,40.8,1305.6,60,0,102420484096,86.4,GDDR5,128,0,$149,0,1.3,1.2,40.8,0,1085,0,5,1020,1200,0,0,0,0.0,0,0.0,0,0,0,0,0,0,0,0.0,0.0,0,0,0.0,0,0,0,0.0,0.0,0,0,0,0,0.0,0,0.0,0.0,0,0.0,0.0,0,0.0,0,0,0,0,0,0,0,0,0,0.0,0.0,0.0,0.0,0.0,0.0,0,0,0,0.0,0.0,0,0,0,0,0,0,0,0,0,0,0,0,0,0,0,0,0,0.0,0,0,0,0,0,0,0,0,0,0,0,0,0,0,0,0,0,0,0,0,0,0,0,0,0,0,0,0,0,0,0,0
GeForce GTX 760 192-bit,2013-10-17,GK104-200-KD-A2,TSMC28HP,3540,294,PCIe 3.0 x16,0,0,1152:96:24,0,0,0,0,0,0,0,0,0,12,4.6,0,0,1450(5800),19.8,79.1,1896.2,130,0,15363072,139.2,GDDR5,192,0,OEM,0,1.2,1.2,79.0,0,888,0,6,824,889,0,0,0,0.0,0,0.0,0,0,0,0,0,0,0,0.0,0.0,0,0,0.0,0,0,0,0.0,0.0,0,0,0,0,0.0,0,0.0,0.0,0,0.0,0.0,0,0.0,0,0,0,0,0,0,0,0,0,0.0,0.0,0.0,0.0,0.0,0.0,0,0,0,0.0,0.0,0,0,0,0,0,0,0,0,0,0,0,0,0,0,0,0,0,0.0,0,0,0,0,0,0,0,0,0,0,0,0,0,0,0,0,0,0,0,0,0,0,0,0,0,0,0,0,0,0,0,0
GeForce GTX 760,2013-06-25,GK104-225-A2,TSMC28HP,3540,294,PCIe 3.0 x16,0,0,1152:96:32,0,0,0,0,0,0,0,0,0,12,4.6,0,0,1502(6008),31.4,94,2257.9,170,0,20484096,192.3,GDDR5,256,0,$249 ($219),0,1.2,1.2,94.1,0,1033,0,6,980,1124,0,0,0,0.0,0,0.0,0,0,0,0,0,0,0,0.0,0.0,0,0,0.0,0,0,0,0.0,0.0,0,0,0,0,0.0,0,0.0,0.0,0,0.0,0.0,0,0.0,0,0,0,0,0,0,0,0,0,0.0,0.0,0.0,0.0,0.0,0.0,0,0,0,0.0,0.0,0,0,0,0,0,0,0,0,0,0,0,0,0,0,0,0,0,0.0,0,0,0,0,0,0,0,0,0,0,0,0,0,0,0,0,0,0,0,0,0,0,0,0,0,0,0,0,0,0,0,0
GeForce GTX 760 Ti,2013-09-27,GK104,TSMC28HP,3540,294,PCIe 3.0 x16,0,0,1344:112:32,0,0,0,0,0,0,0,0,0,12,4.6,0,0,1502(6008),29.3,102.5,2459.5,170,0,2048,192.3,GDDR5,256,0,OEM,0,1.2,1.2,102.5,0,980,0,7,915,1084,0,0,0,0.0,0,0.0,0,0,0,0,0,0,0,0.0,0.0,0,0,0.0,0,0,0,0.0,0.0,0,0,0,0,0.0,0,0.0,0.0,0,0.0,0.0,0,0.0,0,0,0,0,0,0,0,0,0,0.0,0.0,0.0,0.0,0.0,0.0,0,0,0,0.0,0.0,0,0,0,0,0,0,0,0,0,0,0,0,0,0,0,0,0,0.0,0,0,Kepler,0,0,0,PCIe 3.0 x16,0.0,0,0,0,0.0,0,0,0.0,0,0,0,0,0,0,0,0,2x GK104,2x 1536,0,0,0,0,0,0,GK104
GeForce GTX 760 Ti,2013-09-27,GK104,TSMC28HP,3540,294,PCIe 3.0 x16,0,0,1344:112:32,0,0,0,0,0,0,0,0,0,12,4.6,0,0,1502(6008),29.3,102.5,2459.5,170,0,2048,192.3,GDDR5,256,0,OEM,0,1.2,1.2,102.5,0,980,0,7,915,1084,0,0,0,0.0,0,0.0,0,0,0,0,0,0,0,0.0,0.0,0,0,0.0,0,0,0,0.0,0.0,0,0,0,0,0.0,0,0.0,0.0,0,0.0,0.0,0,0.0,0,0,0,0,0,0,0,0,0,0.0,0.0,0.0,0.0,0.0,0.0,0,0,0,0.0,0.0,0,0,0,0,0,0,0,0,0,0,0,0,0,0,0,0,0,0.0,0,0,Kepler,0,0,0,0,0.0,0,0,0,0.0,0,0,0.0,0,0,4577,190.7,0,0,0,0,2× GK104,0,3072,745,?,No,3.0,0,GK104
GeForce GTX 770,2013-05-30,GK104-425-A2,TSMC28HP,3540,294,PCIe 3.0 x16,0,0,1536:128:32,0,0,0,0,0,0,0,0,0,12,4.6,0,0,1752.5(7010),33.5,134,3213.3,230,0,2048 4096,224,GDDR5,256,0,$399 ($329),0,1.2,1.2,133.9,0,1085,0,8,1046,1130,0,0,0,0.0,0,0.0,0,0,0,0,0,0,0,0.0,0.0,0,0,0.0,0,0,0,0.0,0.0,0,0,0,0,0.0,0,0.0,0.0,0,0.0,0.0,0,0.0,0,0,0,0,0,0,0,0,0,0.0,0.0,0.0,0.0,0.0,0.0,0,0,0,0.0,0.0,0,0,0,0,0,0,0,0,0,0,0,0,0,0,0,0,0,0.0,0,0,0,0,0,0,0,0,0,0,0,0,0,0,0,0,0,0,0,0,0,0,0,0,0,0,0,0,0,0,0,0
GeForce GTX 780,2013-05-23,GK110-300-A1,TSMC28HP,7080,561,PCIe 3.0 x16,0,0,2304:192:48,0,0,0,0,0,0,0,0,0,12,4.6,0,0,1502(6008),41.4,160.5,3976.7,230,0,3072 6144,288.4,GDDR5,384,0,$649 ($499),0,1.2,1.2,165.7,0,900,0,12,863,1002,0,0,0,0.0,0,0.0,0,0,0,0,0,0,0,0.0,0.0,0,0,0.0,0,0,0,0.0,0.0,0,0,0,0,0.0,0,0.0,0.0,0,0.0,0.0,0,0.0,0,0,0,0,0,0,0,0,0,0.0,0.0,0.0,0.0,0.0,0.0,0,0,0,0.0,0.0,0,0,0,0,0,0,0,0,0,0,0,0,0,0,0,0,0,0.0,0,0,0,0,0,0,0,0,0,0,0,0,0,0,0,0,0,0,0,0,0,0,0,0,0,0,0,0,0,0,0,0
GeForce GTX 780 Ti,2013-11-07,GK110-425-B1,TSMC28HP,7080,561,PCIe 3.0 x16,0,0,2880:240:48,0,0,0,0,0,0,0,0,0,12,4.6,0,0,1752.5(7010),42.0,210.2,5045.7,230,0,3072,336.5,GDDR5,384,0,$699,0,1.2,1.2,210.2,0,928,0,15,876,1019,0,0,0,0.0,0,0.0,0,0,0,0,0,0,0,0.0,0.0,0,0,0.0,0,0,0,0.0,0.0,0,0,0,0,0.0,0,0.0,0.0,0,0.0,0.0,0,0.0,0,0,0,0,0,0,0,0,0,0.0,0.0,0.0,0.0,0.0,0.0,0,0,0,0.0,0.0,0,0,0,0,0,0,0,0,0,0,0,0,0,0,0,0,0,0.0,0,0,0,0,0,0,0,0,0,0,0,0,0,0,0,0,0,0,0,0,0,0,0,0,0,0,0,0,0,0,0,0
GeForce GTX TITAN,2013-02-21,GK110-400-A1,TSMC28HP,7080,561,PCIe 3.0 x16,0,0,2688:224:48,0,0,0,0,0,0,0,0,0,12,4.6,0,0,1502(6008),40.2,187.5,4499.7,230,0,6144,288.4,GDDR5,384,0,$999,0,1.2,1.2,1300,0,876,0,14,837,993,0,0,0,0.0,0,0.0,0,0,0,0,0,0,0,0.0,0.0,0,0,0.0,0,0,0,0.0,0.0,0,0,0,0,0.0,0,0.0,0.0,0,0.0,0.0,0,0.0,0,0,0,0,0,0,0,0,0,0.0,0.0,0.0,0.0,0.0,0.0,0,0,0,0.0,0.0,0,0,0,0,0,0,0,0,0,0,0,0,0,0,0,0,0,0.0,0,0,0,0,0,0,0,0,0,0,0,0,0,0,0,0,0,0,0,0,0,0,0,0,0,0,0,0,0,0,0,0
GeForce GTX TITAN Black,2014-02-18,GK110-430-B1,TSMC28HP,7080,561,PCIe 3.0 x16,0,0,2880:240:48,0,0,0,0,0,0,0,0,0,12,4.6,0,0,1752.5(7010),42.7,213.4,5120.6,230,0,6144,336.5,GDDR5,384,0,$999,0,1.2,1.2,1706.9,0,980,0,15,889,1058,0,0,0,0.0,0,0.0,0,0,0,0,0,0,0,0.0,0.0,0,0,0.0,0,0,0,0.0,0.0,0,0,0,0,0.0,0,0.0,0.0,0,0.0,0.0,0,0.0,0,0,0,0,0,0,0,0,0,0.0,0.0,0.0,0.0,0.0,0.0,0,0,0,0.0,0.0,0,0,0,0,0,0,0,0,0,0,0,0,0,0,0,0,0,0.0,0,0,0,0,0,0,0,0,0,0,0,0,0,0,0,0,0,0,0,0,0,0,0,0,0,0,0,0,0,0,0,0
GeForce GTX TITAN Z,2014-05-28,GK110-350-B1,TSMC28HP,2x 7080,2x 561,PCIe 3.0 x16,0,0,2x 2880:240:48,0,0,0,0,0,0,0,0,0,12,4.5,0,0,1752.5(7010),2x 33.8,2x 169,5046x2,375,0,2x 6144,2x 336.5,GDDR5,2x 384,0,$2999,0,1.2,1.2,1682x2,0,876,0,2x 15,705,Un­known,0,0,0,0.0,0,0.0,0,0,0,0,0,0,0,0.0,0.0,0,0,0.0,0,0,0,0.0,0.0,0,0,0,0,0.0,0,0.0,0.0,0,0.0,0.0,0,0.0,0,0,0,0,0,0,0,0,0,0.0,0.0,0.0,0.0,0.0,0.0,0,0,0,0.0,0.0,0,0,0,0,0,0,0,0,0,0,0,0,0,0,0,0,0,0.0,0,0,0,0,0,0,0,0,0,0,0,0,0,0,0,0,0,0,0,0,0,0,0,0,0,0,0,0,0,0,0,0
GeForce GT 945A,2016-02-01,GM108,0,0,Un­known,PCIe 3.0 x8,0,0,512:24:8 (4),0,0,0,0,1 / 2,14.4,DDR3 / GDDR5,64,0,0,0,0,0,0,8.59.4,25.728.2,"1,097.71,204.2",33,0,0,0,0,0,0,0,0,0,0,34.337.6,0,0,0,0,0,0,TSMC28HP,Un­known,?,1072.0,1176,1800.0,No,OEM,0,0,0,0,0,0.0,0.0,0,0,0.0,0,0,0,0.0,0.0,0,0,0,0,0.0,0,0.0,0.0,0,0.0,0.0,0,0.0,0,0,0,0,0,0,0,0,0,0.0,0.0,0.0,0.0,0.0,0.0,0,0,0,0.0,0.0,0,0,0,0,0,0,0,0,0,0,0,0,0,0,0,0,0,0.0,0,0,Maxwell,GM108(N16V-GMR1-A1),?,256:16:8:3,PCIe 3.0×4,1.0,965,993,1800(DDR3)5000(GDDR5),2.0,14.4(DDR3)40.1(GDDR5),DDR3GDDR5,64.0,(7.944),(15.89),(508.4),(15.89),—,—,—,—,0,0,0,0,0,0,0,GeForce MX110,GM108
GeForce GT 945A,2016-02-01,GM108,0,0,Un­known,PCIe 3.0 x8,0,0,512:24:8 (4),0,0,0,0,1 / 2,14.4,DDR3 / GDDR5,64,0,0,0,0,0,0,8.59.4,25.728.2,"1,097.71,204.2",33,0,0,0,0,0,0,0,0,0,0,34.337.6,0,0,0,0,0,0,TSMC28HP,Un­known,?,1072.0,1176,1800.0,No,OEM,0,0,0,0,0,0.0,0.0,0,0,0.0,0,0,0,0.0,0.0,0,0,0,0,0.0,0,0.0,0.0,0,0.0,0.0,0,0.0,0,0,0,0,0,0,0,0,0,0.0,0.0,0.0,0.0,0.0,0.0,0,0,0,0.0,0.0,0,0,0,0,0,0,0,0,0,0,0,0,0,0,0,0,0,0.0,0,0,Maxwell,GM108(N16S-GTR-A1),?,384:24:8:3,PCIe 3.0×4,1.0,1122,1242,1800(DDR3)5000(GDDR5),2.0,14.4(DDR3)40.1(GDDR5),DDR3GDDR5,64.0,(9.936),(29.81),861.7(953.9),26.93(29.81),—,—,—,—,0,0,0,0,0,0,0,GeForce MX130,GM108
GeForce GTX 950,2015-08-20,GM206-250,0,0,227,PCIe 3.0 x16,0,0,768:48:32 (6),0,0,0,0,2,105.7,GDDR5,128,0,0,0,0,0,0,32.738.0,49.157.0,"1,572.81,824.7",90 (75,0,0,0,0,0,0,0,0,0,0,49.157.0,0,0,0,0,0,0,TSMC28HP,2.94,1,1024.0,1188,6600.0,2-way SLI,$159,0,0,0,0,0,0.0,0.0,0,0,0.0,0,0,0,0.0,0.0,0,0,0,0,0.0,0,0.0,0.0,0,0.0,0.0,0,0.0,0,0,0,0,0,0,0,0,0,0.0,0.0,0.0,0.0,0.0,0.0,0,0,0,0.0,0.0,0,0,0,0,0,0,0,0,0,0,0,0,0,0,0,0,0,0.0,0,0,0,0,0,0,0,0,0,0,0,0,0,0,0,0,0,0,0,0,0,0,0,0,0,0,0,0,0,0,0,0
GeForce GTX 950,Un­known-01-01,GM206,0,0,227,PCIe 3.0 x16,0,0,1024:64:32 (8),0,0,0,0,2,80.0,GDDR5,128,0,0,0,0,0,0,29.9,59.8,"1,914.9,",Un­known,0,0,0,0,0,0,0,0,0,0,59.8,0,0,0,0,0,0,TSMC28HP,2.94,1,935.0,Un­known,5000.0,2-way SLI,OEM,0,0,0,0,0,0.0,0.0,0,0,0.0,0,0,0,0.0,0.0,0,0,0,0,0.0,0,0.0,0.0,0,0.0,0.0,0,0.0,0,0,0,0,0,0,0,0,0,0.0,0.0,0.0,0.0,0.0,0.0,0,0,0,0.0,0.0,0,0,0,0,0,0,0,0,0,0,0,0,0,0,0,0,0,0.0,0,0,Maxwell,0,0,0,0,0.0,0,0,0,0.0,0,0,0.0,0,0,"1,786–2,195",55.81–68.61,0,0,0,0,1× GM206,0,1024,872,1072,No,5.2,0,GM206
GeForce GTX 960,2015-01-22,GM206-300,0,0,227,PCIe 3.0 x16,0,0,1024:64:32 (8),0,0,0,0,24,112.1,GDDR5,128,0,0,0,0,0,0,36.037.6,72.175.3,"2,308.02,412.5",120,0,0,0,0,0,0,0,0,0,0,72.175.3,0,0,0,0,0,0,TSMC28HP,2.94,1,1127.0,1178,7000.0,2-way SLI,$199,0,0,0,0,0,0.0,0.0,0,0,0.0,0,0,0,0.0,0.0,0,0,0,0,0.0,0,0.0,0.0,0,0.0,0.0,0,0.0,0,0,0,0,0,0,0,0,0,0.0,0.0,0.0,0.0,0.0,0.0,0,0,0,0.0,0.0,0,0,0,0,0,0,0,0,0,0,0,0,0,0,0,0,0,0.0,0,0,0,0,0,0,0,0,0,0,0,0,0,0,0,0,0,0,0,0,0,0,0,0,0,0,0,0,0,0,0,0
GeForce GTX 960,Un­known-01-01,GM204,0,0,398,PCIe 3.0 x16,0,0,1280:80:48 (10),0,0,0,0,3,120.0,GDDR5,192,0,0,0,0,0,0,44.3,73.9,"2,365.4,",Un­known,0,0,0,0,0,0,0,0,0,0,73.9,0,0,0,0,0,0,TSMC28HP,5.2,1,924.0,Un­known,5000.0,2-way SLI,OEM,0,0,0,0,0,0.0,0.0,0,0,0.0,0,0,0,0.0,0.0,0,0,0,0,0.0,0,0.0,0.0,0,0.0,0.0,0,0.0,0,0,0,0,0,0,0,0,0,0.0,0.0,0.0,0.0,0.0,0.0,0,0,0,0.0,0.0,0,0,0,0,0,0,0,0,0,0,0,0,0,0,0,0,0,0.0,0,0,0,0,0,0,0,0,0,0,0,0,0,0,0,0,0,0,0,0,0,0,0,0,0,0,0,0,0,0,0,0
GeForce GTX 970,2014-09-18,GM204-200,0,0,398,PCIe 3.0 x16,0,0,1664:104:56 (13),0,0,0,0,3.5 +0.5,196.3 +28.0,GDDR5,224 +32,0,0,0,0,0,0,58.865.9,109.2122.5,"3,494.43,920.3",145,0,0,0,0,0,0,0,0,0,0,109.2122.5,0,0,0,0,0,0,TSMC28HP,5.2,1.75,1050.0,1178,7000.0,4-way SLI,$329,0,0,0,0,0,0.0,0.0,0,0,0.0,0,0,0,0.0,0.0,0,0,0,0,0.0,0,0.0,0.0,0,0.0,0.0,0,0.0,0,0,0,0,0,0,0,0,0,0.0,0.0,0.0,0.0,0.0,0.0,0,0,0,0.0,0.0,0,0,0,0,0,0,0,0,0,0,0,0,0,0,0,0,0,0.0,0,0,0,0,0,0,0,0,0,0,0,0,0,0,0,0,0,0,0,0,0,0,0,0,0,0,0,0,0,0,0,0
GeForce GTX 980,2014-09-18,GM204-400,0,0,398,PCIe 3.0 x16,0,0,2048:128:64 (16),0,0,0,0,4,224.3,GDDR5,256,0,0,0,0,0,0,72.077.8,144.1155.6,"4,612.04,980.7",165,0,0,0,0,0,0,0,0,0,0,144.1155.6,0,0,0,0,0,0,TSMC28HP,5.2,2,1126.0,1216,7000.0,4-way SLI,$549,0,0,0,0,0,0.0,0.0,0,0,0.0,0,0,0,0.0,0.0,0,0,0,0,0.0,0,0.0,0.0,0,0.0,0.0,0,0.0,0,0,0,0,0,0,0,0,0,0.0,0.0,0.0,0.0,0.0,0.0,0,0,0,0.0,0.0,0,0,0,0,0,0,0,0,0,0,0,0,0,0,0,0,0,0.0,0,0,0,0,0,0,0,0,0,0,0,0,0,0,0,0,0,0,0,0,0,0,0,0,0,0,0,0,0,0,0,0
GeForce GTX 980 Ti,2015-06-01,GM200-310,0,0,601,PCIe 3.0 x16,0,0,2816:176:96 (22),0,0,0,0,6,336.5,GDDR5,384,0,0,0,0,0,0,96.0103.2,176.0189.2,"5,632.06,054.4",250,0,0,0,0,0,0,0,0,0,0,176.0189.2,0,0,0,0,0,0,TSMC28HP,8,3,1000.0,1075,7000.0,4-way SLI,$649,0,0,0,0,0,0.0,0.0,0,0,0.0,0,0,0,0.0,0.0,0,0,0,0,0.0,0,0.0,0.0,0,0.0,0.0,0,0.0,0,0,0,0,0,0,0,0,0,0.0,0.0,0.0,0.0,0.0,0.0,0,0,0,0.0,0.0,0,0,0,0,0,0,0,0,0,0,0,0,0,0,0,0,0,0.0,0,0,0,0,0,0,0,0,0,0,0,0,0,0,0,0,0,0,0,0,0,0,0,0,0,0,0,0,0,0,0,0
GeForce GTX TITAN X,2015-03-17,GM200-400,0,0,601,PCIe 3.0 x16,0,0,3072:192:96 (24),0,0,0,0,12,336.5,GDDR5,384,0,0,0,0,0,0,96.0103.2,192.0206.4,"6,144.06,604.8",250,0,0,0,0,0,0,0,0,0,0,192.0206.4,0,0,0,0,0,0,TSMC28HP,8,3,1000.0,1075,7000.0,4-way SLI,$999,0,0,0,0,0,0.0,0.0,0,0,0.0,0,0,0,0.0,0.0,0,0,0,0,0.0,0,0.0,0.0,0,0.0,0.0,0,0.0,0,0,0,0,0,0,0,0,0,0.0,0.0,0.0,0.0,0.0,0.0,0,0,0,0.0,0.0,0,0,0,0,0,0,0,0,0,0,0,0,0,0,0,0,0,0.0,0,0,0,0,0,0,0,0,0,0,0,0,0,0,0,0,0,0,0,0,0,0,0,0,0,0,0,0,0,0,0,0
GeForce GT 1010,2021-01-13,GP108-200-A1,0,0,74,PCIe 3.0 x4,0,0,256:16:16(2) (1),0,0,0,0,2,40.1,GDDR5,64,0,0,0,0,0,0,9.811.8,19.723.5,628.7751.6,30,0,0,0,0,0,0,0,0,0,0,26.231.3,0,0,0,0,0,0,Samsung14LPP,1.8,0.25,0.0,0,0.0,No,OEM,1228,1468,5000,?,—,0.0,0.0,0,0,0.0,0,0,0,0.0,0.0,0,0,0,0,0.0,0,0.0,0.0,0,0.0,0.0,0,0.0,0,0,0,0,0,0,0,0,0,0.0,0.0,0.0,0.0,0.0,0.0,0,0,0,0.0,0.0,0,0,0,0,0,0,0,0,0,0,0,0,0,0,0,0,0,0.0,0,0,0,0,0,0,0,0,0,0,0,0,0,0,0,0,0,0,0,0,0,0,0,0,0,0,0,0,0,0,0,0
GeForce GT 1010,2021-01-13,GP108-200-A1,0,0,74,PCIe 3.0 x4,0,0,256:16:16(2) (1),0,0,0,0,2,16.8,DDR4,64,0,0,0,0,0,0,9.211.0,18.422.0,590.0706.6,20,0,0,0,0,0,0,0,0,0,0,24.629.4,0,0,0,0,0,0,Samsung14LPP,1.8,0.25,0.0,0,0.0,No,OEM,1152,1380,2100,?,—,0.0,0.0,0,0,0.0,0,0,0,0.0,0.0,0,0,0,0,0.0,0,0.0,0.0,0,0.0,0.0,0,0.0,0,0,0,0,0,0,0,0,0,0.0,0.0,0.0,0.0,0.0,0.0,0,0,0,0.0,0.0,0,0,0,0,0,0,0,0,0,0,0,0,0,0,0,0,0,0.0,0,0,0,0,0,0,0,0,0,0,0,0,0,0,0,0,0,0,0,0,0,0,0,0,0,0,0,0,0,0,0,0
GeForce GT 1030,2018-03-12,GP108-310-A1,0,0,74,PCIe 3.0 x4,0,0,384:24:16(3) (1),0,0,0,0,2,16.8,DDR4,64,0,0,0,0,0,0,18.422.0,27.633.0,"884.71,059.0",20,0,0,0,0,0,0,0,0,0,0,27.633.0,0,0,0,0,0,0,Samsung14LPP,1.8,0.5,0.0,0,0.0,No,$79,1152,1379,2100,13.816.5,—,0.0,0.0,0,0,0.0,0,0,0,0.0,0.0,0,0,0,0,0.0,0,0.0,0.0,0,0.0,0.0,0,0.0,0,0,0,0,0,0,0,0,0,0.0,0.0,0.0,0.0,0.0,0.0,0,0,0,0.0,0.0,0,0,0,0,0,0,0,0,0,0,0,0,0,0,0,0,0,0.0,0,0,0,0,0,0,0,0,0,0,0,0,0,0,0,0,0,0,0,0,0,0,0,0,0,0,0,0,0,0,0,0
GeForce GT 1030,2017-05-17,GP108-300-A1,0,0,74,PCIe 3.0 x4,0,0,384:24:16(3) (1),0,0,0,0,2,48.0,GDDR5,64,0,0,0,0,0,0,19.623.4,29.435.2,"942.31,127.4",30,0,0,0,0,0,0,0,0,0,0,29.435.2,0,0,0,0,0,0,Samsung14LPP,1.8,0.5,0.0,0,0.0,No,$69,1227,1468,6000,14.717.6,—,0.0,0.0,0,0,0.0,0,0,0,0.0,0.0,0,0,0,0,0.0,0,0.0,0.0,0,0.0,0.0,0,0.0,0,0,0,0,0,0,0,0,0,0.0,0.0,0.0,0.0,0.0,0.0,0,0,0,0.0,0.0,0,0,0,0,0,0,0,0,0,0,0,0,0,0,0,0,0,0.0,0,0,0,0,0,0,0,0,0,0,0,0,0,0,0,0,0,0,0,0,0,0,0,0,0,0,0,0,0,0,0,0
GeForce GTX 1050,2016-10-25,GP107-300-A1,0,0,132,PCIe 3.0 x16,0,0,640:40:32(5) (2),0,0,0,0,2,112.0,GDDR5,128,0,0,0,0,0,0,43.346.6,54.158.8,"1,733.11,862.4",75,0,0,0,0,0,0,0,0,0,0,54.158.2,0,0,0,0,0,0,Samsung14LPP,3.3,1,0.0,0,0.0,No,$109,1354,1455,7000,27.029.1,—,0.0,0.0,0,0,0.0,0,0,0,0.0,0.0,0,0,0,0,0.0,0,0.0,0.0,0,0.0,0.0,0,0.0,0,0,0,0,0,0,0,0,0,0.0,0.0,0.0,0.0,0.0,0.0,0,0,0,0.0,0.0,0,0,0,0,0,0,0,0,0,0,0,0,0,0,0,0,0,0.0,0,0,0,0,0,0,0,0,0,0,0,0,0,0,0,0,0,0,0,0,0,0,0,0,0,0,0,0,0,0,0,0
GeForce GTX 1050,2018-05-21,GP107-301-A1,0,0,132,PCIe 3.0 x16,0,0,768:48:24(6) (2),0,0,0,0,3,84.0,GDDR5,96,0,0,0,0,0,0,33.436.4,66.872.9,"2,138.12,331.6",75,0,0,0,0,0,0,0,0,0,0,66.872.9,0,0,0,0,0,0,Samsung14LPP,3.3,0.75,0.0,0,0.0,No,$109,1392,1518,7000,33.436.4,—,0.0,0.0,0,0,0.0,0,0,0,0.0,0.0,0,0,0,0,0.0,0,0.0,0.0,0,0.0,0.0,0,0.0,0,0,0,0,0,0,0,0,0,0.0,0.0,0.0,0.0,0.0,0.0,0,0,0,0.0,0.0,0,0,0,0,0,0,0,0,0,0,0,0,0,0,0,0,0,0.0,0,0,0,0,0,0,0,0,0,0,0,0,0,0,0,0,0,0,0,0,0,0,0,0,0,0,0,0,0,0,0,0
GeForce GTX 1050 Ti,2016-10-25,GP107-400-A1,0,0,132,PCIe 3.0 x16,0,0,768:48:32(6) (2),0,0,0,0,4,112.0,GDDR5,128,0,0,0,0,0,0,41.244.5,61.966.8,"1,981.42,138.1",75,0,0,0,0,0,0,0,0,0,0,61.966.8,0,0,0,0,0,0,Samsung14LPP,3.3,1,0.0,0,0.0,No,$139,1290,1392,7000,30.933.4,—,0.0,0.0,0,0,0.0,0,0,0,0.0,0.0,0,0,0,0,0.0,0,0.0,0.0,0,0.0,0.0,0,0.0,0,0,0,0,0,0,0,0,0,0.0,0.0,0.0,0.0,0.0,0.0,0,0,0,0.0,0.0,0,0,0,0,0,0,0,0,0,0,0,0,0,0,0,0,0,0.0,0,0,0,0,0,0,0,0,0,0,0,0,0,0,0,0,0,0,0,0,0,0,0,0,0,0,0,0,0,0,0,0
GeForce GTX 1060,2016-12-25,GP104-140-A1,0,0,314,PCIe 3.0 x16,0,0,1152:72:48(9) (2),0,0,0,0,3,192.0,GDDR5,192,0,0,0,0,0,0,72.281.9,108.4122.9,"3,469.83,935.2",120,0,0,0,0,0,0,0,0,0,0,108.4122.9,0,0,0,0,0,0,TSMC16FF,7.2,1.5,0.0,0,0.0,No,$199,1506,1708,8000,54.261.4,—,0.0,0.0,0,0,0.0,0,0,0,0.0,0.0,0,0,0,0,0.0,0,0.0,0.0,0,0.0,0.0,0,0.0,0,0,0,0,0,0,0,0,0,0.0,0.0,0.0,0.0,0.0,0.0,0,0,0,0.0,0.0,0,0,0,0,0,0,0,0,0,0,0,0,0,0,0,0,0,0.0,0,0,0,0,0,0,0,0,0,0,0,0,0,0,0,0,0,0,0,0,0,0,0,0,0,0,0,0,0,0,0,0
GeForce GTX 1060,2016-08-18,GP106-300-A1,0,0,200,PCIe 3.0 x16,0,0,1152:72:48(9) (2),0,0,0,0,3,192.0,GDDR5,192,0,0,0,0,0,0,72.281.9,108.4122.9,"3,469.83,935.2",120,0,0,0,0,0,0,0,0,0,0,108.4122.9,0,0,0,0,0,0,TSMC16FF,4.4,1.5,0.0,0,0.0,No,$199,1506,1708,8000,54.261.4,—,0.0,0.0,0,0,0.0,0,0,0,0.0,0.0,0,0,0,0,0.0,0,0.0,0.0,0,0.0,0.0,0,0.0,0,0,0,0,0,0,0,0,0,0.0,0.0,0.0,0.0,0.0,0.0,0,0,0,0.0,0.0,0,0,0,0,0,0,0,0,0,0,0,0,0,0,0,0,0,0.0,0,0,0,0,0,0,0,0,0,0,0,0,0,0,0,0,0,0,0,0,0,0,0,0,0,0,0,0,0,0,0,0
GeForce GTX 1060,2017-12-26,GP106-350-K3-A1,0,0,200,PCIe 3.0 x16,0,0,1280:80:48(10) (2),0,0,0,0,5,160.0,GDDR5,160,0,0,0,0,0,0,60.268.3,120.4136.7,"3,855.34,375.0",120,0,0,0,0,0,0,0,0,0,0,120.4136.7,0,0,0,0,0,0,TSMC16FF,4.4,1.25,0.0,0,0.0,No,OEM,1506,1708,8000,60.268.3,—,0.0,0.0,0,0,0.0,0,0,0,0.0,0.0,0,0,0,0,0.0,0,0.0,0.0,0,0.0,0.0,0,0.0,0,0,0,0,0,0,0,0,0,0.0,0.0,0.0,0.0,0.0,0.0,0,0,0,0.0,0.0,0,0,0,0,0,0,0,0,0,0,0,0,0,0,0,0,0,0.0,0,0,0,0,0,0,0,0,0,0,0,0,0,0,0,0,0,0,0,0,0,0,0,0,0,0,0,0,0,0,0,0
GeForce GTX 1060,2018-03-08,GP104-150-A1,0,0,314,PCIe 3.0 x16,0,0,1280:80:48(10) (2),0,0,0,0,6,192.0,GDDR5,192,0,0,0,0,0,0,72.282.0,120.4136.7,"3,855.34,375.0",120,0,0,0,0,0,0,0,0,0,0,120.4136.7,0,0,0,0,0,0,TSMC16FF,7.2,1.5,0.0,0,0.0,No,$299,1506,1708,8000,60.268.3,—,0.0,0.0,0,0,0.0,0,0,0,0.0,0.0,0,0,0,0,0.0,0,0.0,0.0,0,0.0,0.0,0,0.0,0,0,0,0,0,0,0,0,0,0.0,0.0,0.0,0.0,0.0,0.0,0,0,0,0.0,0.0,0,0,0,0,0,0,0,0,0,0,0,0,0,0,0,0,0,0.0,0,0,0,0,0,0,0,0,0,0,0,0,0,0,0,0,0,0,0,0,0,0,0,0,0,0,0,0,0,0,0,0
GeForce GTX 1060,2018-10-18,GP104-150-KA-A1,0,0,314,PCIe 3.0 x16,0,0,1280:80:48(10) (2),0,0,0,0,6,192.0,GDDR5X,192,0,0,0,0,0,0,72.282.0,120.4136.7,"3,855.34,375.0",120,0,0,0,0,0,0,0,0,0,0,120.4136.7,0,0,0,0,0,0,TSMC16FF,7.2,1.5,0.0,0,0.0,No,$299,1506,1708,8000,60.268.3,—,0.0,0.0,0,0,0.0,0,0,0,0.0,0.0,0,0,0,0,0.0,0,0.0,0.0,0,0.0,0.0,0,0.0,0,0,0,0,0,0,0,0,0,0.0,0.0,0.0,0.0,0.0,0.0,0,0,0,0.0,0.0,0,0,0,0,0,0,0,0,0,0,0,0,0,0,0,0,0,0.0,0,0,0,0,0,0,0,0,0,0,0,0,0,0,0,0,0,0,0,0,0,0,0,0,0,0,0,0,0,0,0,0
GeForce GTX 1060,2016-07-19,GP106-400-A1,0,0,200,PCIe 3.0 x16,0,0,1280:80:48(10) (2),0,0,0,0,6,192.0,GDDR5,192,0,0,0,0,0,0,72.282.0,120.4136.7,"3,855.34,375.0",120,0,0,0,0,0,0,0,0,0,0,120.4136.7,0,0,0,0,0,0,TSMC16FF,4.4,1.5,0.0,0,0.0,No,$249,1506,1708,8000,60.268.3,$299,0.0,0.0,0,0,0.0,0,0,0,0.0,0.0,0,0,0,0,0.0,0,0.0,0.0,0,0.0,0.0,0,0.0,0,0,0,0,0,0,0,0,0,0.0,0.0,0.0,0.0,0.0,0.0,0,0,0,0.0,0.0,0,0,0,0,0,0,0,0,0,0,0,0,0,0,0,0,0,0.0,0,0,0,0,0,0,0,0,0,0,0,0,0,0,0,0,0,0,0,0,0,0,0,0,0,0,0,0,0,0,0,0
GeForce GTX 1060,2017-04-20,GP106-410-A1,0,0,200,PCIe 3.0 x16,0,0,1280:80:48(10) (2),0,0,0,0,6,216.0,GDDR5,192,0,0,0,0,0,0,72.282.0,120.4136.7,"3,855.34,375.0",120,0,0,0,0,0,0,0,0,0,0,120.4136.7,0,0,0,0,0,0,TSMC16FF,4.4,1.5,0.0,0,0.0,No,$299,1506,1708,9000,60.268.3,—,0.0,0.0,0,0,0.0,0,0,0,0.0,0.0,0,0,0,0,0.0,0,0.0,0.0,0,0.0,0.0,0,0.0,0,0,0,0,0,0,0,0,0,0.0,0.0,0.0,0.0,0.0,0.0,0,0,0,0.0,0.0,0,0,0,0,0,0,0,0,0,0,0,0,0,0,0,0,0,0.0,0,0,0,0,0,0,0,0,0,0,0,0,0,0,0,0,0,0,0,0,0,0,0,0,0,0,0,0,0,0,0,0
GeForce GTX 1070,2016-06-10,GP104-200-A1,0,0,314,PCIe 3.0 x16,0,0,1920:120:64(15) (3),0,0,0,0,8,256.0,GDDR5GDDR5X,256,0,0,0,0,0,0,96.3107.7,180.7201.9,"5,783.06,462.7",150,0,0,0,0,0,0,0,0,0,0,180.7201.9,0,0,0,0,0,0,TSMC16FF,7.2,2,0.0,0,0.0,4-way SLIor2-way SLI HB,$379,1506,1683,8000,90.3100.9,$449,0.0,0.0,0,0,0.0,0,0,0,0.0,0.0,0,0,0,0,0.0,0,0.0,0.0,0,0.0,0.0,0,0.0,0,0,0,0,0,0,0,0,0,0.0,0.0,0.0,0.0,0.0,0.0,0,0,0,0.0,0.0,0,0,0,0,0,0,0,0,0,0,0,0,0,0,0,0,0,0.0,0,0,0,0,0,0,0,0,0,0,0,0,0,0,0,0,0,0,0,0,0,0,0,0,0,0,0,0,0,0,0,0
GeForce GTX 1070 Ti,2017-11-02,GP104-300-A1,0,0,314,PCIe 3.0 x16,0,0,2432:152:64(19) (4),0,0,0,0,8,256.0,GDDR5,256,0,0,0,0,0,0,102.8107.7,244256,"7,816.48,186.1",180,0,0,0,0,0,0,0,0,0,0,244.2255.8,0,0,0,0,0,0,TSMC16FF,7.2,2,0.0,0,0.0,4-way SLIor2-way SLI HB,$449,1607,1683,8000,122.1127.9,$449,0.0,0.0,0,0,0.0,0,0,0,0.0,0.0,0,0,0,0,0.0,0,0.0,0.0,0,0.0,0.0,0,0.0,0,0,0,0,0,0,0,0,0,0.0,0.0,0.0,0.0,0.0,0.0,0,0,0,0.0,0.0,0,0,0,0,0,0,0,0,0,0,0,0,0,0,0,0,0,0.0,0,0,0,0,0,0,0,0,0,0,0,0,0,0,0,0,0,0,0,0,0,0,0,0,0,0,0,0,0,0,0,0
GeForce GTX 1080,2016-05-27,GP104-400-A1,0,0,314,PCIe 3.0 x16,0,0,2560:160:64(20) (4),0,0,0,0,8,320.0,GDDR5X,256,0,0,0,0,0,0,102.8110.9,257.1277.2,"8,227.88,872.9",180,0,0,0,0,0,0,0,0,0,0,257.1277.2,0,0,0,0,0,0,TSMC16FF,7.2,2,0.0,0,0.0,4-way SLIor2-way SLI HB,$599,1607,1733,10000,128.5138.6,$699,0.0,0.0,0,0,0.0,0,0,0,0.0,0.0,0,0,0,0,0.0,0,0.0,0.0,0,0.0,0.0,0,0.0,0,0,0,0,0,0,0,0,0,0.0,0.0,0.0,0.0,0.0,0.0,0,0,0,0.0,0.0,0,0,0,0,0,0,0,0,0,0,0,0,0,0,0,0,0,0.0,0,0,0,0,0,0,0,0,0,0,0,0,0,0,0,0,0,0,0,0,0,0,0,0,0,0,0,0,0,0,0,0
GeForce GTX 1080,2017-04-20,GP104-410-A1,0,0,314,PCIe 3.0 x16,0,0,2560:160:64(20) (4),0,0,0,0,8,352.0,GDDR5X,256,0,0,0,0,0,0,102.8110.9,257.1277.2,"8,227.88,872.9",180,0,0,0,0,0,0,0,0,0,0,257.1277.2,0,0,0,0,0,0,TSMC16FF,7.2,2,0.0,0,0.0,4-way SLIor2-way SLI HB,$599,1607,1733,11000,128.5138.6,$699,0.0,0.0,0,0,0.0,0,0,0,0.0,0.0,0,0,0,0,0.0,0,0.0,0.0,0,0.0,0.0,0,0.0,0,0,0,0,0,0,0,0,0,0.0,0.0,0.0,0.0,0.0,0.0,0,0,0,0.0,0.0,0,0,0,0,0,0,0,0,0,0,0,0,0,0,0,0,0,0.0,0,0,0,0,0,0,0,0,0,0,0,0,0,0,0,0,0,0,0,0,0,0,0,0,0,0,0,0,0,0,0,0
GeForce GTX 1080 Ti,2017-03-05,GP102-350-K1-A1,0,0,471,PCIe 3.0 x16,0,0,3584:224:88(28) (6),0,0,0,0,11,484.0,GDDR5X,352,0,0,0,0,0,0,130.2139.2,331.5354.3,"10,608.611,339.7",250,0,0,0,0,0,0,0,0,0,0,331.5354.3,0,0,0,0,0,0,TSMC16FF,12,2.75,0.0,0,0.0,4-way SLIor2-way SLI HB,$699,1480,1582,11000,165.7177.1,$699,0.0,0.0,0,0,0.0,0,0,0,0.0,0.0,0,0,0,0,0.0,0,0.0,0.0,0,0.0,0.0,0,0.0,0,0,0,0,0,0,0,0,0,0.0,0.0,0.0,0.0,0.0,0.0,0,0,0,0.0,0.0,0,0,0,0,0,0,0,0,0,0,0,0,0,0,0,0,0,0.0,0,0,0,0,0,0,0,0,0,0,0,0,0,0,0,0,0,0,0,0,0,0,0,0,0,0,0,0,0,0,0,0
TITAN X Pascal,2016-08-02,GP102-400-A1,0,0,471,PCIe 3.0 x16,0,0,3584:224:96(28) (6),0,0,0,0,12,480.0,GDDR5X,384,0,0,0,0,0,0,136.0146.9,317.4342.9,"10,157.010,974.2",250,0,0,0,0,0,0,0,0,0,0,317.4342.9,0,0,0,0,0,0,TSMC16FF,12,3,0.0,0,0.0,4-way SLIor2-way SLI HB,$1199,1417,1531,10000,158.7171.4,—,0.0,0.0,0,0,0.0,0,0,0,0.0,0.0,0,0,0,0,0.0,0,0.0,0.0,0,0.0,0.0,0,0.0,0,0,0,0,0,0,0,0,0,0.0,0.0,0.0,0.0,0.0,0.0,0,0,0,0.0,0.0,0,0,0,0,0,0,0,0,0,0,0,0,0,0,0,0,0,0.0,0,0,0,0,0,0,0,0,0,0,0,0,0,0,0,0,0,0,0,0,0,0,0,0,0,0,0,0,0,0,0,0
TITAN Xp,2017-04-06,GP102-450-A1,0,0,471,PCIe 3.0 x16,0,0,3840:240:96(30) (6),0,0,0,0,12,547.7,GDDR5X,384,0,0,0,0,0,0,134.8142.0,337.2355.2,"10,790.412,149.7",250,0,0,0,0,0,0,0,0,0,0,337.2355.2,0,0,0,0,0,0,TSMC16FF,12,3,0.0,0,0.0,4-way SLIor2-way SLI HB,$1199,1405,1582,11400,168.6177.6,—,0.0,0.0,0,0,0.0,0,0,0,0.0,0.0,0,0,0,0,0.0,0,0.0,0.0,0,0.0,0.0,0,0.0,0,0,0,0,0,0,0,0,0,0.0,0.0,0.0,0.0,0.0,0.0,0,0,0,0.0,0.0,0,0,0,0,0,0,0,0,0,0,0,0,0,0,0,0,0,0.0,0,0,0,0,0,0,0,0,0,0,0,0,0,0,0,0,0,0,0,0,0,0,0,0,0,0,0,0,0,0,0,0
Nvidia TITAN V,2017-12-07,GV100-400-A1,0,0,815,PCIe 3.0 x16,0,0,5120:320:96:640(80) (6),0,0,0,0,12,652.8,HBM2,3072,0,0,0,0,0,0,153.6186.2,384.0465.6,"12,288.014,899.2",250,0,0,0,0,0,0,0,0,0,0,"6,144.07,449.6",0,0,0,0,0,0,TSMC12FFN,21.1,4.5,0.0,0,0.0,0,$2999,0,0,1700,"24,576.029,798.4",—,1200.0,1455.0,"110,592.0134,092.8",No,0.0,0,0,0,0.0,0.0,0,0,0,0,0.0,0,0.0,0.0,0,0.0,0.0,0,0.0,0,0,0,0,0,0,0,0,0,0.0,0.0,0.0,0.0,0.0,0.0,0,0,0,0.0,0.0,0,0,0,0,0,0,0,0,0,0,0,0,0,0,0,0,0,0.0,0,0,0,0,0,0,0,0,0,0,0,0,0,0,0,0,0,0,0,0,0,0,0,0,0,0,0,0,0,0,0,0
Nvidia TITAN VCEO Edition,2018-06-21,GV-100-???-A1,0,0,815,PCIe 3.0 x16,0,0,5120:320:128:640(80) (6),0,0,0,0,32,870.4,HBM2,4096,0,0,0,0,0,0,153.6186.2,384.0465.6,"12,288.014,899.2",250,0,0,0,0,0,0,0,0,0,0,"6,144.07,449.6",0,0,0,0,0,0,TSMC12FFN,21.1,6.0,0.0,0,0.0,0,—,0,0,1700,"24,576.029,798.4",—,1200.0,1455.0,"110,592.0134,092.8",No,0.0,0,0,0,0.0,0.0,0,0,0,0,0.0,0,0.0,0.0,0,0.0,0.0,0,0.0,0,0,0,0,0,0,0,0,0,0.0,0.0,0.0,0.0,0.0,0.0,0,0,0,0.0,0.0,0,0,0,0,0,0,0,0,0,0,0,0,0,0,0,0,0,0.0,0,0,0,0,0,0,0,0,0,0,0,0,0,0,0,0,0,0,0,0,0,0,0,0,0,0,0,0,0,0,0,0
GeForce GTX 1630,2022-06-28,TU117-150-A1,0,0,200,PCIe 3.0 x16,0,0,512:32:16:1024:0(8) (?),0,0,0,0,4,96,GDDR6,64,0,0,0,0,0,0,27.84 28.56,55.6857.12,"1,781.761,827.84",75,0,0,0,0,0,0,0,0,0,0,55.6857.12,0,0,0,0,0,0,TSMC12FFN,4.7,1.0,0.0,0,0.0,0,0,0,0,0,"3,563.523,655.68",0,1740.0,1785.0,0,0,12.0,No,?,0,0.0,0.0,0,0,0,0,0.0,0,0.0,0.0,0,0.0,0.0,0,0.0,0,0,0,0,0,0,0,0,0,0.0,0.0,0.0,0.0,0.0,0.0,0,0,0,0.0,0.0,0,0,0,0,0,0,0,0,0,0,0,0,0,0,0,0,0,0.0,0,0,0,0,0,0,0,0,0,0,0,0,0,0,0,0,0,0,0,0,0,0,0,0,0,0,0,0,0,0,0,0
GeForce GTX 1650,2019-04-23,TU117-300-A1,0,0,200,PCIe 3.0 x16,0,0,896:56:32:1792:0(14) (2),0,0,0,0,4,128,GDDR5,128,0,0,0,0,0,0,47.5253.28,83.16 93.24,"2,661.002,984.00",75,0,0,0,0,0,0,0,0,0,0,83.1693.24,0,0,0,0,0,0,TSMC12FFN,4.7,1.0,0.0,0,0.0,0,0,0,0,0,"5,322.005,967.00",0,1485.0,1665.0,0,0,8.0,No,$149,0,0.0,0.0,0,0,0,0,0.0,0,0.0,0.0,0,0.0,0.0,0,0.0,0,0,0,0,0,0,0,0,0,0.0,0.0,0.0,0.0,0.0,0.0,0,0,0,0.0,0.0,0,0,0,0,0,0,0,0,0,0,0,0,0,0,0,0,0,0.0,0,0,0,0,0,0,0,0,0,0,0,0,0,0,0,0,0,0,0,0,0,0,0,0,0,0,0,0,0,0,0,0
GeForce GTX 1650,2020-04-03,TU117-300-A1,0,0,200,PCIe 3.0 x16,0,0,896:56:32:1792:0(14) (2),0,0,0,0,4,192,GDDR6,128,0,0,0,0,0,0,45.1250.88,78.9689.04,"2,526.722,849.28",75,0,0,0,0,0,0,0,0,0,0,78.9689.04,0,0,0,0,0,0,TSMC12FFN,4.7,1.0,0.0,0,0.0,0,0,0,0,0,"5,053.445,698.56",0,1410.0,1590.0,0,0,12.0,No,$149,0,0.0,0.0,0,0,0,0,0.0,0,0.0,0.0,0,0.0,0.0,0,0.0,0,0,0,0,0,0,0,0,0,0.0,0.0,0.0,0.0,0.0,0.0,0,0,0,0.0,0.0,0,0,0,0,0,0,0,0,0,0,0,0,0,0,0,0,0,0.0,0,0,0,0,0,0,0,0,0,0,0,0,0,0,0,0,0,0,0,0,0,0,0,0,0,0,0,0,0,0,0,0
GeForce GTX 1650,2020-06-18,TU106-125-A1,0,0,445,PCIe 3.0 x16,0,0,896:56:32:1792:0(14) (2),0,0,0,0,4,192,GDDR6,128,0,0,0,0,0,0,45.1250.88,78.9689.04,"2,526.722,849.28",90,0,0,0,0,0,0,0,0,0,0,78.9689.04,0,0,0,0,0,0,TSMC12FFN,10.8,1.0,0.0,0,0.0,0,0,0,0,0,"5,053.445,698.56",0,1410.0,1590.0,0,0,12.0,No,$149,0,0.0,0.0,0,0,0,0,0.0,0,0.0,0.0,0,0.0,0.0,0,0.0,0,0,0,0,0,0,0,0,0,0.0,0.0,0.0,0.0,0.0,0.0,0,0,0,0.0,0.0,0,0,0,0,0,0,0,0,0,0,0,0,0,0,0,0,0,0.0,0,0,0,0,0,0,0,0,0,0,0,0,0,0,0,0,0,0,0,0,0,0,0,0,0,0,0,0,0,0,0,0
GeForce GTX 1650 Super,2019-11-22,TU116-250-KA-A1,0,0,284,PCIe 3.0 x16,0,0,1280:80:32:2560:0(20) (3),0,0,0,0,4,192,GDDR6,128,0,0,0,0,0,0,48.9655.20,122.40138.0,"3,916.804,416.00",100,0,0,0,0,0,0,0,0,0,0,122.40138.00,0,0,0,0,0,0,TSMC12FFN,6.6,1.5,0.0,0,0.0,0,0,0,0,0,"7,833.60 8,832.00",0,1530.0,1725.0,0,0,12.0,No,$159,0,0.0,0.0,0,0,0,0,0.0,0,0.0,0.0,0,0.0,0.0,0,0.0,0,0,0,0,0,0,0,0,0,0.0,0.0,0.0,0.0,0.0,0.0,0,0,0,0.0,0.0,0,0,0,0,0,0,0,0,0,0,0,0,0,0,0,0,0,0.0,0,0,0,0,0,0,0,0,0,0,0,0,0,0,0,0,0,0,0,0,0,0,0,0,0,0,0,0,0,0,0,0
GeForce GTX 1660,2019-03-14,TU116-300-A1,0,0,284,PCIe 3.0 x16,0,0,1408:88:48:2816:0(22) (3),0,0,0,0,6,192,GDDR5,192,0,0,0,0,0,0,73.4485.68,134.64157.1,"4,308.005,027.00",120,0,0,0,0,0,0,0,0,0,0,134.64157.08,0,0,0,0,0,0,TSMC12FFN,6.6,1.5,0.0,0,0.0,0,0,0,0,0,"8,616.0010,053.00",0,1530.0,1785.0,0,0,8.0,No,$219,0,0.0,0.0,0,0,0,0,0.0,0,0.0,0.0,0,0.0,0.0,0,0.0,0,0,0,0,0,0,0,0,0,0.0,0.0,0.0,0.0,0.0,0.0,0,0,0,0.0,0.0,0,0,0,0,0,0,0,0,0,0,0,0,0,0,0,0,0,0.0,0,0,0,0,0,0,0,0,0,0,0,0,0,0,0,0,0,0,0,0,0,0,0,0,0,0,0,0,0,0,0,0
GeForce GTX 1660 Super,2019-10-29,TU116-300-A1,0,0,284,PCIe 3.0 x16,0,0,1408:88:48:2816:0(22) (3),0,0,0,0,6,336,GDDR6,192,0,0,0,0,0,0,73.4485.68,134.64157.1,"4,308.005,027.00",125,0,0,0,0,0,0,0,0,0,0,134.64157.08,0,0,0,0,0,0,TSMC12FFN,6.6,1.5,0.0,0,0.0,0,0,0,0,0,"8,616.0010,053.00",0,1530.0,1785.0,0,0,14.0,No,$229,0,0.0,0.0,0,0,0,0,0.0,0,0.0,0.0,0,0.0,0.0,0,0.0,0,0,0,0,0,0,0,0,0,0.0,0.0,0.0,0.0,0.0,0.0,0,0,0,0.0,0.0,0,0,0,0,0,0,0,0,0,0,0,0,0,0,0,0,0,0.0,0,0,0,0,0,0,0,0,0,0,0,0,0,0,0,0,0,0,0,0,0,0,0,0,0,0,0,0,0,0,0,0
GeForce GTX 1660 Ti,2019-02-21,TU116-400-A1,0,0,284,PCIe 3.0 x16,0,0,1536:96:48:3072:0(24) (3),0,0,0,0,6,288,GDDR6,192,0,0,0,0,0,0,72.084.96,144.0169.9,"4,608.005,437.44",120,0,0,0,0,0,0,0,0,0,0,144.00169.92,0,0,0,0,0,0,TSMC12FFN,6.6,1.5,0.0,0,0.0,0,0,0,0,0,"9,216.0010,874.88",0,1500.0,1770.0,0,0,12.0,No,$279,0,0.0,0.0,0,0,0,0,0.0,0,0.0,0.0,0,0.0,0.0,0,0.0,0,0,0,0,0,0,0,0,0,0.0,0.0,0.0,0.0,0.0,0.0,0,0,0,0.0,0.0,0,0,0,0,0,0,0,0,0,0,0,0,0,0,0,0,0,0.0,0,0,0,0,0,0,0,0,0,0,0,0,0,0,0,0,0,0,0,0,0,0,0,0,0,0,0,0,0,0,0,0
GeForce RTX 2060,2019-01-15,TU106-200-KA-A1,0,0,445,PCIe 3.0 x16,0,0,1920:120:48:240:30(30) (3),0,0,0,0,6,336.0,GDDR6,192,0,0,0,0,0,0,65.5280.64,163.80201.60,"5 241.606,451.20",160,0,0,0,0,0,0,0,0,0,0,163.80201.60,0,0,0,0,0,0,TSMC12FFN,10.8,3.0,0.0,0,0.0,0,$349,0,0,0,10 483.2012 902.40,—,1365.0,1680,0,0,14.0,No,0,41 932.8051 609.60,5.0,37.0,0,0,0,0,0.0,0,0.0,0.0,0,0.0,0.0,0,0.0,0,0,0,0,0,0,0,0,0,0.0,0.0,0.0,0.0,0.0,0.0,0,0,0,0.0,0.0,0,0,0,0,0,0,0,0,0,0,0,0,0,0,0,0,0,0.0,0,0,0,0,0,0,0,0,0,0,0,0,0,0,0,0,0,0,0,0,0,0,0,0,0,0,0,0,0,0,0,0
GeForce RTX 2060,2020-01-10,TU104-150-KC-A1,0,0,545,PCIe 3.0 x16,0,0,1920:120:48:240:30(30) (3),0,0,0,0,6,336.0,GDDR6,192,0,0,0,0,0,0,65.5280.64,163.80201.60,"5 241.606,451.20",160,0,0,0,0,0,0,0,0,0,0,163.80201.60,0,0,0,0,0,0,TSMC12FFN,13.6,3.0,0.0,0,0.0,0,$299,0,0,0,10 483.2012 902.40,—,1365.0,1680,0,0,14.0,No,0,41 932.8051 609.60,5.0,37.0,0,0,0,0,0.0,0,0.0,0.0,0,0.0,0.0,0,0.0,0,0,0,0,0,0,0,0,0,0.0,0.0,0.0,0.0,0.0,0.0,0,0,0,0.0,0.0,0,0,0,0,0,0,0,0,0,0,0,0,0,0,0,0,0,0.0,0,0,0,0,0,0,0,0,0,0,0,0,0,0,0,0,0,0,0,0,0,0,0,0,0,0,0,0,0,0,0,0
GeForce RTX 2060,2021-12-07,TU106-300-KA-A1,0,0,445,PCIe 3.0 x16,0,0,2176:136:64:272:34(34) (3),0,0,0,0,12,336.0,GDDR6,192,0,0,0,0,0,0,79.20,199.92224.40,6 400.007 180.00,185,0,0,0,0,0,0,0,0,0,0,199.92224.40,0,0,0,0,0,0,TSMC12FFN,10.8,3.0,0.0,0,0.0,0,$299,0,0,0,12 800.0014 360.00,—,1470.0,1650,0,0,14.0,No,0,0,0.0,0.0,0,0,0,0,0.0,0,0.0,0.0,0,0.0,0.0,0,0.0,0,0,0,0,0,0,0,0,0,0.0,0.0,0.0,0.0,0.0,0.0,0,0,0,0.0,0.0,0,0,0,0,0,0,0,0,0,0,0,0,0,0,0,0,0,0.0,0,0,0,0,0,0,0,0,0,0,0,0,0,0,0,0,0,0,0,0,0,0,0,0,0,0,0,0,0,0,0,0
GeForce RTX 2060 Super,2019-07-09,TU106-410-A1,0,0,445,PCIe 3.0 x16,0,0,2176:136:64:272:34(34) (3),0,0,0,0,8,448.0,GDDR6,256,0,0,0,0,0,0,94.08105.60,199.92224.40,6 400.007 180.00,175,0,0,0,0,0,0,0,0,0,0,199.92224.40,0,0,0,0,0,0,TSMC12FFN,10.8,4.0,0.0,0,0.0,0,$399,0,0,0,12 800.0014 360.00,$399,1470.0,1650,0,0,14.0,No,0,"51,200.0057,440.00",6.0,41.0,0,0,0,0,0.0,0,0.0,0.0,0,0.0,0.0,0,0.0,0,0,0,0,0,0,0,0,0,0.0,0.0,0.0,0.0,0.0,0.0,0,0,0,0.0,0.0,0,0,0,0,0,0,0,0,0,0,0,0,0,0,0,0,0,0.0,0,0,0,0,0,0,0,0,0,0,0,0,0,0,0,0,0,0,0,0,0,0,0,0,0,0,0,0,0,0,0,0
GeForce RTX 2070,2018-10-17,TU106-400-A1,0,0,445,PCIe 3.0 x16,0,0,2304:144:64:288:36(36) (3),0,0,0,0,8,448.0,GDDR6,256,0,0,0,0,0,0,90.24103.68,203.04233.28,"6,497.287,464.96",175,0,0,0,0,0,0,0,0,0,0,203.04233.28,0,0,0,0,0,0,TSMC12FFN,10.8,4.0,0.0,0,0.0,0,$499,0,0,0,"12,994.5614,929.92",$599,1410.0,1620,0,0,14.0,No,0,"51,978.2459,719.68",6.0,42.0,0,0,0,0,0.0,0,0.0,0.0,0,0.0,0.0,0,0.0,0,0,0,0,0,0,0,0,0,0.0,0.0,0.0,0.0,0.0,0.0,0,0,0,0.0,0.0,0,0,0,0,0,0,0,0,0,0,0,0,0,0,0,0,0,0.0,0,0,0,0,0,0,0,0,0,0,0,0,0,0,0,0,0,0,0,0,0,0,0,0,0,0,0,0,0,0,0,0
GeForce RTX 2070 Super,2019-07-09,TU104-410-A1,0,0,545,PCIe 3.0 x16,0,0,2560:160:64:320:40(40) (5),0,0,0,0,8,448.0,GDDR6,256,0,0,0,0,0,0,102.70113.28,256.80283.20,"8,220.009,060.00",215,0,0,0,0,0,0,0,0,0,0,256.80283.20,0,0,0,0,0,0,TSMC12FFN,13.6,4.0,0.0,0,0.0,0,$499,0,0,0,"16,440.0018,120.00",$499,1605.0,1770,0,0,14.0,2-way NVLink,0,"65,760.0072,480.00",7.0,52.0,0,0,0,0,0.0,0,0.0,0.0,0,0.0,0.0,0,0.0,0,0,0,0,0,0,0,0,0,0.0,0.0,0.0,0.0,0.0,0.0,0,0,0,0.0,0.0,0,0,0,0,0,0,0,0,0,0,0,0,0,0,0,0,0,0.0,0,0,0,0,0,0,0,0,0,0,0,0,0,0,0,0,0,0,0,0,0,0,0,0,0,0,0,0,0,0,0,0
GeForce RTX 2080,2018-09-20,TU104-400-A1,0,0,545,PCIe 3.0 x16,0,0,2944:184:64:368:46(46) (6),0,0,0,0,8,448.0,GDDR6,256,0,0,0,0,0,0,96.96109.44,278.76314.64,"8,920.3210,068.48",215,0,0,0,0,0,0,0,0,0,0,278.76314.64,0,0,0,0,0,0,TSMC12FFN,13.6,4.0,0.0,0,0.0,0,$699,0,0,0,"17,840.6420,136.96",$799,1515.0,1710,0,0,14.0,2-way NVLink,0,"71,362.5680,547.84",8.0,57.0,0,0,0,0,0.0,0,0.0,0.0,0,0.0,0.0,0,0.0,0,0,0,0,0,0,0,0,0,0.0,0.0,0.0,0.0,0.0,0.0,0,0,0,0.0,0.0,0,0,0,0,0,0,0,0,0,0,0,0,0,0,0,0,0,0.0,0,0,0,0,0,0,0,0,0,0,0,0,0,0,0,0,0,0,0,0,0,0,0,0,0,0,0,0,0,0,0,0
GeForce RTX 2080 Super,2019-07-23,TU104-450-A1,0,0,545,PCIe 3.0 x16,0,0,3072:192:64:384:48(48) (6),0,0,0,0,8,496.0,GDDR6,256,0,0,0,0,0,0,105.60116.16,316.80348.48,"10,140.0011,150.00",250,0,0,0,0,0,0,0,0,0,0,316.80348.50,0,0,0,0,0,0,TSMC12FFN,13.6,4.0,0.0,0,0.0,0,$699,0,0,0,"20,280.0022,300.00",$699,1650.0,1815,0,0,15.5,2-way NVLink,0,"81,120.0089,200.00",8.0,63.0,0,0,0,0,0.0,0,0.0,0.0,0,0.0,0.0,0,0.0,0,0,0,0,0,0,0,0,0,0.0,0.0,0.0,0.0,0.0,0.0,0,0,0,0.0,0.0,0,0,0,0,0,0,0,0,0,0,0,0,0,0,0,0,0,0.0,0,0,0,0,0,0,0,0,0,0,0,0,0,0,0,0,0,0,0,0,0,0,0,0,0,0,0,0,0,0,0,0
GeForce RTX 2080 Ti,2018-09-27,TU102-300-K1-A1,0,0,754,PCIe 3.0 x16,0,0,4352:272:88:544:68(68) (6),0,0,0,0,11,616.0,GDDR6,352,0,0,0,0,0,0,118.80135.96,367.20420.24,"11,750.4013,447.68",250,0,0,0,0,0,0,0,0,0,0,367.20420.24,0,0,0,0,0,0,TSMC12FFN,18.6,5.5,0.0,0,0.0,0,$999,0,0,0,"23,500.8026,895.36","$1,199",1350.0,1545,0,0,14.0,2-way NVLink,0,"94,003.20107,581.44",10.0,76.0,0,0,0,0,0.0,0,0.0,0.0,0,0.0,0.0,0,0.0,0,0,0,0,0,0,0,0,0,0.0,0.0,0.0,0.0,0.0,0.0,0,0,0,0.0,0.0,0,0,0,0,0,0,0,0,0,0,0,0,0,0,0,0,0,0.0,0,0,0,0,0,0,0,0,0,0,0,0,0,0,0,0,0,0,0,0,0,0,0,0,0,0,0,0,0,0,0,0
Nvidia TITAN RTX,2018-12-18,TU102-400-A1,0,0,754,PCIe 3.0 x16,0,0,4608:288:96:576:72(72) (6),0,0,0,0,24,672.0,GDDR6,384,0,0,0,0,0,0,129.60169.92,388.80509.76,12 441.6016 312.32,280,0,0,0,0,0,0,0,0,0,0,388.80509.76,0,0,0,0,0,0,TSMC12FFN,18.6,6.0,0.0,0,0.0,0,—,0,0,0,24 883.2032 624.64,"$2,499",1350.0,1770,0,0,14.0,2-way NVLink,0,99 532.80130 498.56,11.0,84.0,0,0,0,0,0.0,0,0.0,0.0,0,0.0,0.0,0,0.0,0,0,0,0,0,0,0,0,0,0.0,0.0,0.0,0.0,0.0,0.0,0,0,0,0.0,0.0,0,0,0,0,0,0,0,0,0,0,0,0,0,0,0,0,0,0.0,0,0,0,0,0,0,0,0,0,0,0,0,0,0,0,0,0,0,0,0,0,0,0,0,0,0,0,0,0,0,0,0
GeForce RTX 3050,2022-12-16,GA107-150-A1,0,0,200.0,PCIe 4.0x8,0,0,2560:80:32:80:20(20) (2),0,0,0,0,8,224.0,GDDR6,128,0,0,0,0,0,0,49.659.86,124.2142.2,0,115,0,0,0,0,0,0,0,0,0,0,0,0,0,0,0,0,0,Samsung8LPP,8.7,2,0.0,0,0.0,0,$249,0,0,14000,0,—,1552.0,1777,0,0,0.0,No,0,0,0.0,0.0,7.959.01,0.1240.142,7.959.01,63.672.8,18.2,0,0.0,0.0,0,0.0,0.0,0,0.0,0,0,0,0,0,0,0,0,0,0.0,0.0,0.0,0.0,0.0,0.0,0,0,0,0.0,0.0,0,0,0,0,0,0,0,0,0,0,0,0,0,0,0,0,0,0.0,0,0,0,0,0,0,0,0,0,0,0,0,0,0,0,0,0,0,0,0,0,0,0,0,0,0,0,0,0,0,0,0
GeForce RTX 3050,2022-01-27,GA106-150-A1,0,0,276.0,PCIe 4.0x8,0,0,2560:80:32:80:20(20) (2),0,0,0,0,8,224.0,GDDR6,128,0,0,0,0,0,0,49.659.86,124.2142.2,0,130,0,0,0,0,0,0,0,0,0,0,0,0,0,0,0,0,0,Samsung8LPP,13.25,2,0.0,0,0.0,0,$249,0,0,14000,0,—,1552.0,1777,0,0,0.0,No,0,0,0.0,0.0,7.959.01,0.1240.142,7.959.01,63.672.8,18.2,0,0.0,0.0,0,0.0,0.0,0,0.0,0,0,0,0,0,0,0,0,0,0.0,0.0,0.0,0.0,0.0,0.0,0,0,0,0.0,0.0,0,0,0,0,0,0,0,0,0,0,0,0,0,0,0,0,0,0.0,0,0,0,0,0,0,0,0,0,0,0,0,0,0,0,0,0,0,0,0,0,0,0,0,0,0,0,0,0,0,0,0
GeForce RTX 3060,2022-10-27,GA106-302,0,0,276.0,PCIe 4.0x16,0,0,3584:112:48:112:28(28) (3),0,0,0,0,8,240.0,GDDR6,128,0,0,0,0,0,0,63.485.3,147.8199.0,0,170,0,0,0,0,0,0,0,0,0,0,0,0,0,0,0,0,0,Samsung8LPP,13.25,2,0.0,0,0.0,0,$329,0,0,15000,0,—,1320.0,1777,0,0,0.0,No,0,0,0.0,0.0,9.4612.74,0.1480.199,9.4612.74,75.7101.9,25.0,0,0.0,0.0,0,0.0,0.0,0,0.0,0,0,0,0,0,0,0,0,0,0.0,0.0,0.0,0.0,0.0,0.0,0,0,0,0.0,0.0,0,0,0,0,0,0,0,0,0,0,0,0,0,0,0,0,0,0.0,0,0,0,0,0,0,0,0,0,0,0,0,0,0,0,0,0,0,0,0,0,0,0,0,0,0,0,0,0,0,0,0
GeForce RTX 3060,2021-05-01,GA106-302,0,0,276.0,PCIe 4.0x16,0,0,3584:112:48:112:28(28) (3),0,0,0,0,12,360.0,GDDR6,192,0,0,0,0,0,0,63.485.3,147.8199.0,0,170,0,0,0,0,0,0,0,0,0,0,0,0,0,0,0,0,0,Samsung8LPP,13.25,3,0.0,0,0.0,0,$329,0,0,15000,0,—,1320.0,1777,0,0,0.0,No,0,0,0.0,0.0,9.4612.74,0.1480.199,9.4612.74,75.7101.9,25.0,0,0.0,0.0,0,0.0,0.0,0,0.0,0,0,0,0,0,0,0,0,0,0.0,0.0,0.0,0.0,0.0,0.0,0,0,0,0.0,0.0,0,0,0,0,0,0,0,0,0,0,0,0,0,0,0,0,0,0.0,0,0,0,0,0,0,0,0,0,0,0,0,0,0,0,0,0,0,0,0,0,0,0,0,0,0,0,0,0,0,0,0
GeForce RTX 3060,2021-02-25,GA106-300-A1,0,0,276.0,PCIe 4.0x16,0,0,3584:112:48:112:28(28) (3),0,0,0,0,12,360.0,GDDR6,192,0,0,0,0,0,0,63.485.3,147.8199.0,0,170,0,0,0,0,0,0,0,0,0,0,0,0,0,0,0,0,0,Samsung8LPP,13.25,3,0.0,0,0.0,0,$329,0,0,15000,0,—,1320.0,1777,0,0,0.0,No,0,0,0.0,0.0,9.4612.74,0.1480.199,9.4612.74,75.7101.9,25.0,0,0.0,0.0,0,0.0,0.0,0,0.0,0,0,0,0,0,0,0,0,0,0.0,0.0,0.0,0.0,0.0,0.0,0,0,0,0.0,0.0,0,0,0,0,0,0,0,0,0,0,0,0,0,0,0,0,0,0.0,0,0,0,0,0,0,0,0,0,0,0,0,0,0,0,0,0,0,0,0,0,0,0,0,0,0,0,0,0,0,0,0
GeForce RTX 3060,2021-09-01,GA104-150-A1,0,0,392.5,PCIe 4.0x16,0,0,3584:112:48:112:28(28) (3),0,0,0,0,12,360.0,GDDR6,192,0,0,0,0,0,0,63.485.3,147.8199.0,0,170,0,0,0,0,0,0,0,0,0,0,0,0,0,0,0,0,0,Samsung8LPP,17.4,3,0.0,0,0.0,0,$329,0,0,15000,0,—,1320.0,1777,0,0,0.0,No,0,0,0.0,0.0,9.4612.74,0.1480.199,9.4612.74,75.7101.9,25.0,0,0.0,0.0,0,0.0,0.0,0,0.0,0,0,0,0,0,0,0,0,0,0.0,0.0,0.0,0.0,0.0,0.0,0,0,0,0.0,0.0,0,0,0,0,0,0,0,0,0,0,0,0,0,0,0,0,0,0.0,0,0,0,0,0,0,0,0,0,0,0,0,0,0,0,0,0,0,0,0,0,0,0,0,0,0,0,0,0,0,0,0
GeForce RTX 3060 Ti,2020-12-02,GA104-200-A1,0,0,392.5,PCIe 4.0x16,0,0,4864:152:80:152:38(38) (5),0,0,0,0,8,448.0,GDDR6,256,0,0,0,0,0,0,112.8133.2,214.3253.1,0,200,0,0,0,0,0,0,0,0,0,0,0,0,0,0,0,0,0,Samsung8LPP,17.4,4,0.0,0,0.0,0,$399,0,0,14000,0,$399,1410.0,1665,0,0,0.0,No,0,0,0.0,0.0,13.7216.20,0.2140.253,13.7016.20,109.7129.6,32.4,0,0.0,0.0,0,0.0,0.0,0,0.0,0,0,0,0,0,0,0,0,0,0.0,0.0,0.0,0.0,0.0,0.0,0,0,0,0.0,0.0,0,0,0,0,0,0,0,0,0,0,0,0,0,0,0,0,0,0.0,0,0,0,0,0,0,0,0,0,0,0,0,0,0,0,0,0,0,0,0,0,0,0,0,0,0,0,0,0,0,0,0
GeForce RTX 3060 Ti,2022-10-27,GA104-202,0,0,392.5,PCIe 4.0x16,0,0,4864:152:80:152:38(38) (5),0,0,0,0,8,608.0,GDDR6X,256,0,0,0,0,0,0,112.8133.2,214.3253.1,0,200,0,0,0,0,0,0,0,0,0,0,0,0,0,0,0,0,0,Samsung8LPP,17.4,4,0.0,0,0.0,0,$399,0,0,19000,0,$399,1410.0,1665,0,0,0.0,No,0,0,0.0,0.0,13.7216.20,0.2140.253,13.7016.20,109.7129.6,32.4,0,0.0,0.0,0,0.0,0.0,0,0.0,0,0,0,0,0,0,0,0,0,0.0,0.0,0.0,0.0,0.0,0.0,0,0,0,0.0,0.0,0,0,0,0,0,0,0,0,0,0,0,0,0,0,0,0,0,0.0,0,0,0,0,0,0,0,0,0,0,0,0,0,0,0,0,0,0,0,0,0,0,0,0,0,0,0,0,0,0,0,0
GeForce RTX 3070,2020-10-29,GA104-300-A1,0,0,392.5,PCIe 4.0x16,0,0,5888:184:96:184:46(46) (6),0,0,0,0,8,448.0,GDDR6,256,0,0,0,0,0,0,144.0165.6,276.0317.4,0,220,0,0,0,0,0,0,0,0,0,0,0,0,0,0,0,0,0,Samsung8LPP,17.4,4,0.0,0,0.0,0,$499,0,0,14000,0,$499,1500.0,1725,0,0,0.0,No,0,0,0.0,0.0,17.6620.31,0.2760.318,17.6620.31,141.31162.98,40.6,0,0.0,0.0,0,0.0,0.0,0,0.0,0,0,0,0,0,0,0,0,0,0.0,0.0,0.0,0.0,0.0,0.0,0,0,0,0.0,0.0,0,0,0,0,0,0,0,0,0,0,0,0,0,0,0,0,0,0.0,0,0,0,0,0,0,0,0,0,0,0,0,0,0,0,0,0,0,0,0,0,0,0,0,0,0,0,0,0,0,0,0
GeForce RTX 3070 Ti,2021-06-10,GA104-400-A1,0,0,392.5,PCIe 4.0x16,0,0,6144:192:96:192:48(48) (6),0,0,0,0,8,608.3,GDDR6X,256,0,0,0,0,0,0,151.18169.9,302.36339.8,0,290,0,0,0,0,0,0,0,0,0,0,0,0,0,0,0,0,0,Samsung8LPP,17.4,4,0.0,0,0.0,0,$599,0,0,19000,0,$599,1575.0,1770,0,0,0.0,No,0,0,0.0,0.0,19.3521.75,0.3020.340,19.3521.75,154.8174.0,43.5,0,0.0,0.0,0,0.0,0.0,0,0.0,0,0,0,0,0,0,0,0,0,0.0,0.0,0.0,0.0,0.0,0.0,0,0,0,0.0,0.0,0,0,0,0,0,0,0,0,0,0,0,0,0,0,0,0,0,0.0,0,0,0,0,0,0,0,0,0,0,0,0,0,0,0,0,0,0,0,0,0,0,0,0,0,0,0,0,0,0,0,0
GeForce RTX 3080,2020-09-17,GA102-200-A1,0,0,628.4,PCIe 4.0x16,0,0,8704:272:96:272:68(68) (6),0,0,0,0,10,760.0,GDDR6X,320,0,0,0,0,0,0,138.2164.2,391.68465.12,0,320,0,0,0,0,0,0,0,0,0,0,0,0,0,0,0,0,0,Samsung8LPP,28.3,5,0.0,0,0.0,0,$699,0,0,19000,0,$699,1440.0,1710,0,0,0.0,No,0,0,0.0,0.0,25.0729.77,0.3920.465,25.0629.76,200.54238.14,59.5,0,0.0,0.0,0,0.0,0.0,0,0.0,0,0,0,0,0,0,0,0,0,0.0,0.0,0.0,0.0,0.0,0.0,0,0,0,0.0,0.0,0,0,0,0,0,0,0,0,0,0,0,0,0,0,0,0,0,0.0,0,0,0,0,0,0,0,0,0,0,0,0,0,0,0,0,0,0,0,0,0,0,0,0,0,0,0,0,0,0,0,0
GeForce RTX 3080,2022-01-27,GA102-220-A1,0,0,628.4,PCIe 4.0x16,0,0,8960:280:96:280:70(70) (6),0,0,0,0,12,912.0,GDDR6X,384,0,0,0,0,0,0,131.0177.8,352.8478.8,0,350,0,0,0,0,0,0,0,0,0,0,0,0,0,0,0,0,0,Samsung8LPP,28.3,6,0.0,0,0.0,0,$799,0,0,19000,0,$799,1260.0,1710,0,0,0.0,No,0,0,0.0,0.0,22.630.6,0.3530.479,22.630.6,180.6245.1,61.3,0,0.0,0.0,0,0.0,0.0,0,0.0,0,0,0,0,0,0,0,0,0,0.0,0.0,0.0,0.0,0.0,0.0,0,0,0,0.0,0.0,0,0,0,0,0,0,0,0,0,0,0,0,0,0,0,0,0,0.0,0,0,0,0,0,0,0,0,0,0,0,0,0,0,0,0,0,0,0,0,0,0,0,0,0,0,0,0,0,0,0,0
GeForce RTX 3080 Ti,2021-06-03,GA102-225-A1,0,0,628.4,PCIe 4.0x16,0,0,10240:320:112:320:80(80) (7),0,0,0,0,12,912.0,GDDR6X,384,0,0,0,0,0,0,153.5186.5,438.5532.8,0,350,0,0,0,0,0,0,0,0,0,0,0,0,0,0,0,0,0,Samsung8LPP,28.3,6,0.0,0,0.0,0,$1199,0,0,19000,0,$1199,1365.0,1665,0,0,0.0,No,0,0,0.0,0.0,28.5734.1,0.4380.533,28.0634.10,228.6272.8,68.2,0,0.0,0.0,0,0.0,0.0,0,0.0,0,0,0,0,0,0,0,0,0,0.0,0.0,0.0,0.0,0.0,0.0,0,0,0,0.0,0.0,0,0,0,0,0,0,0,0,0,0,0,0,0,0,0,0,0,0.0,0,0,0,0,0,0,0,0,0,0,0,0,0,0,0,0,0,0,0,0,0,0,0,0,0,0,0,0,0,0,0,0
GeForce RTX 3090,2020-09-24,GA102-300-A1,0,0,628.4,PCIe 4.0x16,0,0,10496:328:112:328:82(82) (7),0,0,0,0,24,935.8,GDDR6X,384,0,0,0,0,0,0,156.2189.8,457.6555.96,0,350,0,0,0,0,0,0,0,0,0,0,0,0,0,0,0,0,0,Samsung8LPP,28.3,6,0.0,0,0.0,0,$1499,0,0,19500,0,$1499,1395.0,1695,0,0,0.0,2-way NVLink,0,0,0.0,0.0,29.2835.58,0.4590.558,29.3835.68,235.08285.48,71.1,0,0.0,0.0,0,0.0,0.0,0,0.0,0,0,0,0,0,0,0,0,0,0.0,0.0,0.0,0.0,0.0,0.0,0,0,0,0.0,0.0,0,0,0,0,0,0,0,0,0,0,0,0,0,0,0,0,0,0.0,0,0,0,0,0,0,0,0,0,0,0,0,0,0,0,0,0,0,0,0,0,0,0,0,0,0,0,0,0,0,0,0
GeForce RTX 3090 Ti,2022-03-29,GA102-350-A1,0,0,628.4,PCIe 4.0x16,0,0,10752:336:112:336:84(84) (7),0,0,0,0,24,1008.3,GDDR6X,384,0,0,0,0,0,0,174.7208.3,524.2625,0,450,0,0,0,0,0,0,0,0,0,0,0,0,0,0,0,0,0,Samsung8LPP,28.3,6,0.0,0,0.0,0,$1999,0,0,21000,0,$1999,1560.0,1860,0,0,0.0,2-way NVLink,0,0,0.0,0.0,33.540,0.5240.625,33.540,269.1320.9,79.9,0,0.0,0.0,0,0.0,0.0,0,0.0,0,0,0,0,0,0,0,0,0,0.0,0.0,0.0,0.0,0.0,0.0,0,0,0,0.0,0.0,0,0,0,0,0,0,0,0,0,0,0,0,0,0,0,0,0,0.0,0,0,0,0,0,0,0,0,0,0,0,0,0,0,0,0,0,0,0,0,0,0,0,0,0,0,0,0,0,0,0,0
GeForce RTX 4060,2023-06-29,AD107-400,0,0,158.7,PCIe 4.0 x8,0,0,3072:96:48:96:24(24)(3),0,0,0,0,8,272,GDDR6,128,0,0,0,0,0,0,118.1,236.2,0,115,0,0,0,0,0,0,0,0,0,0,0,0,0,0,0,0,0,TSMC 4N,18.9,24,0.0,0,0.0,0,$299,0,0,17000,0,—,1830.0,2460,0,0,0.0,0,0,0,0.0,0.0,11.215.1,0.1760.236,11.215.1,60 (121),35.0,0,0.0,0.0,0,0.0,0.0,0,0.0,0,0,0,0,0,0,0,0,0,0.0,0.0,0.0,0.0,0.0,0.0,0,0,0,0.0,0.0,0,0,0,0,0,0,0,0,0,0,0,0,0,0,0,0,0,0.0,0,0,0,0,0,0,0,0,0,0,0,0,0,0,0,0,0,0,0,0,0,0,0,0,0,0,0,0,0,0,0,0
GeForce RTX 4060 Ti,2023-05-24,AD106-350,0,0,187.8,PCIe 4.0 x8,0,0,4352:136:48:136:34(34)(3),0,0,0,0,8,288,GDDR6,128,0,0,0,0,0,0,121.9,345.4,0,160,0,0,0,0,0,0,0,0,0,0,0,0,0,0,0,0,0,TSMC 4N,22.9,32,0.0,0,0.0,0,$399,0,0,18000,0,$399,2310.0,2540,0,0,0.0,0,0,0,0.0,0.0,20.122.1,0.3140.345,20.122.1,88 (177),51.0,0,0.0,0.0,0,0.0,0.0,0,0.0,0,0,0,0,0,0,0,0,0,0.0,0.0,0.0,0.0,0.0,0.0,0,0,0,0.0,0.0,0,0,0,0,0,0,0,0,0,0,0,0,0,0,0,0,0,0.0,0,0,0,0,0,0,0,0,0,0,0,0,0,0,0,0,0,0,0,0,0,0,0,0,0,0,0,0,0,0,0,0
GeForce RTX 4060 Ti,2023-07-18,AD106-351,0,0,187.8,PCIe 4.0 x8,0,0,4352:136:48:136:34(34)(3),0,0,0,0,16,288,GDDR6,128,0,0,0,0,0,0,121.9,345.4,0,160,0,0,0,0,0,0,0,0,0,0,0,0,0,0,0,0,0,TSMC 4N,22.9,32,0.0,0,0.0,0,$499,0,0,18000,0,—,2310.0,2540,0,0,0.0,0,0,0,0.0,0.0,20.122.1,0.3140.345,20.122.1,88 (177),51.0,0,0.0,0.0,0,0.0,0.0,0,0.0,0,0,0,0,0,0,0,0,0,0.0,0.0,0.0,0.0,0.0,0.0,0,0,0,0.0,0.0,0,0,0,0,0,0,0,0,0,0,0,0,0,0,0,0,0,0.0,0,0,0,0,0,0,0,0,0,0,0,0,0,0,0,0,0,0,0,0,0,0,0,0,0,0,0,0,0,0,0,0
GeForce RTX 4070,2023-04-13,AD104-250,0,0,294.5,PCIe 4.0 x16,0,0,5888:184:64:184:46(46)(4),0,0,0,0,12,504,GDDR6X,192,0,0,0,0,0,0,158.4,455.4,0,200,0,0,0,0,0,0,0,0,0,0,0,0,0,0,0,0,0,TSMC 4N,35.8,36,0.0,0,0.0,0,$599,0,0,21000,0,$599,1920.0,2475,0,0,0.0,0,0,0,0.0,0.0,22.629.1,0.3530.455,22.629.1,117 (233),67.0,0,0.0,0.0,0,0.0,0.0,0,0.0,0,0,0,0,0,0,0,0,0,0.0,0.0,0.0,0.0,0.0,0.0,0,0,0,0.0,0.0,0,0,0,0,0,0,0,0,0,0,0,0,0,0,0,0,0,0.0,0,0,0,0,0,0,0,0,0,0,0,0,0,0,0,0,0,0,0,0,0,0,0,0,0,0,0,0,0,0,0,0
GeForce RTX 4070 Ti,2023-01-05,AD104-400,0,0,294.5,PCIe 4.0 x16,0,0,7680:240:80:240:60(60)(5),0,0,0,0,12,504,GDDR6X,192,0,0,0,0,0,0,208.8,626.4,0,285,0,0,0,0,0,0,0,0,0,0,0,0,0,0,0,0,0,TSMC 4N,35.8,48,0.0,0,0.0,0,$799,0,0,21000,0,—,2310.0,2610,0,0,0.0,0,0,0,0.0,0.0,35.540.1,0.5540.627,35.540.1,142 (284)160 (321),92.7,0,0.0,0.0,0,0.0,0.0,0,0.0,0,0,0,0,0,0,0,0,0,0.0,0.0,0.0,0.0,0.0,0.0,0,0,0,0.0,0.0,0,0,0,0,0,0,0,0,0,0,0,0,0,0,0,0,0,0.0,0,0,0,0,0,0,0,0,0,0,0,0,0,0,0,0,0,0,0,0,0,0,0,0,0,0,0,0,0,0,0,0
GeForce RTX 4080,1995-01-01,AD104-400,0,0,294.5,PCIe 4.0 x16,0,0,7680:240:80:240:60(60)(5),0,0,0,0,12,504,GDDR6X,192,0,0,0,0,0,0,208.8,626.4,0,285,0,0,0,0,0,0,0,0,0,0,0,0,0,0,0,0,0,TSMC 4N,35.8,48,0.0,0,0.0,0,$899,0,0,21000,0,—,2310.0,2610,0,0,0.0,0,0,0,0.0,0.0,35.540.1,0.5540.627,35.540.1,142 (284)160 (321),92.7,0,0.0,0.0,0,0.0,0.0,0,0.0,0,0,0,0,0,0,0,0,0,0.0,0.0,0.0,0.0,0.0,0.0,0,0,0,0.0,0.0,0,0,0,0,0,0,0,0,0,0,0,0,0,0,0,0,0,0.0,0,0,0,0,0,0,0,0,0,0,0,0,0,0,0,0,0,0,0,0,0,0,0,0,0,0,0,0,0,0,0,0
GeForce RTX 4080,2022-11-16,AD103-300,0,0,378.6,PCIe 4.0 x16,0,0,9728:304:112:304:76(76)(7),0,0,0,0,16,717,GDDR6X,256,0,0,0,0,0,0,280.6,761.5,0,320,0,0,0,0,0,0,0,0,0,0,0,0,0,0,0,0,0,TSMC 4N,45.9,64,0.0,0,0.0,0,$1199,0,0,22400,0,$1199,2210.0,2505,0,0,0.0,0,0,0,0.0,0.0,43.048.8,0.6720.761,43.048.8,172 (344)195 (390),112.7,0,0.0,0.0,0,0.0,0.0,0,0.0,0,0,0,0,0,0,0,0,0,0.0,0.0,0.0,0.0,0.0,0.0,0,0,0,0.0,0.0,0,0,0,0,0,0,0,0,0,0,0,0,0,0,0,0,0,0.0,0,0,0,0,0,0,0,0,0,0,0,0,0,0,0,0,0,0,0,0,0,0,0,0,0,0,0,0,0,0,0,0
GeForce RTX 4090D,2023-12-28,AD102-250,0,0,608.5,PCIe 4.0 x16,0,0,14592:456:176:456:114(114)(11),0,0,0,0,24,1008,GDDR6X,384,0,0,0,0,0,0,443.5,1149.1,0,425,0,0,0,0,0,0,0,0,0,0,0,0,0,0,0,0,0,TSMC 4N,76.3,72,0.0,0,0.0,0,"￥12,999",0,0,21000,0,0,2280.0,2520,0,0,0.0,0,0,0,0.0,0.0,66.573.5,1.0401.149,66.573.5,266 (532)294 (588),170.0,0,0.0,0.0,0,0.0,0.0,0,0.0,0,0,0,0,0,0,0,0,0,0.0,0.0,0.0,0.0,0.0,0.0,0,0,0,0.0,0.0,0,0,0,0,0,0,0,0,0,0,0,0,0,0,0,0,0,0.0,0,0,0,0,0,0,0,0,0,0,0,0,0,0,0,0,0,0,0,0,0,0,0,0,0,0,0,0,0,0,0,0
GeForce RTX 4090,2022-10-12,AD102-300,0,0,608.5,PCIe 4.0 x16,0,0,16384:512:176:512:128(128)(11),0,0,0,0,24,1008,GDDR6X,384,0,0,0,0,0,0,443.5,1290.2,0,450,0,0,0,0,0,0,0,0,0,0,0,0,0,0,0,0,0,TSMC 4N,76.3,72,0.0,0,0.0,0,$1599,0,0,21000,0,$1599,2235.0,2520,0,0,0.0,0,0,0,0.0,0.0,73.182.6,1.1421.291,73.182.6,292 (585)330 (661),191.0,0,0.0,0.0,0,0.0,0.0,0,0.0,0,0,0,0,0,0,0,0,0,0.0,0.0,0.0,0.0,0.0,0.0,0,0,0,0.0,0.0,0,0,0,0,0,0,0,0,0,0,0,0,0,0,0,0,0,0.0,0,0,0,0,0,0,0,0,0,0,0,0,0,0,0,0,0,0,0,0,0,0,0,0,0,0,0,0,0,0,0,0
GeForce2 Go 100,2001-02-06,NV11M,0,0,0,AGP 4x,125,332,2:0:4:2,250,250,500,0,"8, 16",1.328,DDR,32,0,0,0,0,0,0,0,0,0,0,0,0,0,0,0,0,0,0,0,0,0,0,0,0,0,0,0,0,0,0,0.0,0,0.0,0,0,0,0,0,0,0,0.0,0,0,0,0.0,0,0,0,0.0,0.0,0,0,0,0,0.0,0,0.0,0.0,0,0.0,0.0,0,0.0,0,0,0,0,0,0,0,0,0,0.0,0.0,0.0,0.0,0.0,0.0,0,0,0,0.0,0.0,0,0,0,0,0,0,0,0,0,0,0,0,0,0,0,0,0,0.0,0,0,0,0,0,0,0,0,0,0,0,0,0,0,0,0,0,0,0,0,0,0,0,0,0,0,0,0,0,0,0,0
GeForce2 Go,2000-11-11,NV11M,0,0,0,AGP 4x,143,166332,2:0:4:2,286,286,572,0,"16, 32",2.656,SDRDDR,12864,0,0,0,0,0,0,0,0,0,0,0,0,0,0,0,0,0,0,0,0,0,0,0,0,0,0,0,0,0,0,0.0,0,0.0,0,0,0,0,0,0,0,0.0,0,0,0,0.0,0,0,0,0.0,0.0,0,0,0,0,0.0,0,0.0,0.0,0,0.0,0.0,0,0.0,0,0,0,0,0,0,0,0,0,0.0,0.0,0.0,0.0,0.0,0.0,0,0,0,0.0,0.0,0,0,0,0,0,0,0,0,0,0,0,0,0,0,0,0,0,0.0,0,0,0,0,0,0,0,0,0,0,0,0,0,0,0,0,0,0,0,0,0,0,0,0,0,0,0,0,0,0,0,0
GeForce2 Go 200,2001-02-06,NV11M,0,0,0,AGP 4x,143,332,2:0:4:2,286,286,572,0,"16, 32",2.656,DDR,64,0,0,0,0,0,0,0,0,0,0,0,0,0,0,0,0,0,0,0,0,0,0,0,0,0,0,0,0,0,0,0.0,0,0.0,0,0,0,0,0,0,0,0.0,0,0,0,0.0,0,0,0,0.0,0.0,0,0,0,0,0.0,0,0.0,0.0,0,0.0,0.0,0,0.0,0,0,0,0,0,0,0,0,0,0.0,0.0,0.0,0.0,0.0,0.0,0,0,0,0.0,0.0,0,0,0,0,0,0,0,0,0,0,0,0,0,0,0,0,0,0.0,0,0,0,0,0,0,0,0,0,0,0,0,0,0,0,0,0,0,0,0,0,0,0,0,0,0,0,0,0,0,0,0
GeForce4 Go 410,2002-02-06,NV17M,0,0,0,AGP 8x,200,200,2:0:4:2,400,400,800,0,16,1.6,SDR,64,0,0,0,0,0,0,0,0,0,0,0,0,0,0,0,0,0,0,0,0,0,0,0,0,0,0,0,0,0,0,0.0,0,0.0,0,0,0,0,0,0,0,0.0,0,0,0,0.0,0,0,0,0.0,0.0,0,0,0,0,0.0,8.0a,1.3,0.0,0,0.0,0.0,0,0.0,0,0,0,0,0,0,0,0,0,0.0,0.0,0.0,0.0,0.0,0.0,0,0,0,0.0,0.0,0,0,0,0,0,0,0,0,0,0,0,0,0,0,0,0,0,0.0,0,0,0,0,0,0,0,0,0,0,0,0,0,0,0,0,0,0,0,0,0,0,0,0,0,0,0,0,0,0,0,0
GeForce4 Go 420,2002-02-06,NV17M,0,0,0,AGP 8x,200,400,2:0:4:2,400,400,800,0,32,3.2,DDR,64,0,0,0,0,0,0,0,0,0,0,0,0,0,0,0,0,0,0,0,0,0,0,0,0,0,0,0,0,0,0,0.0,0,0.0,0,0,0,0,0,0,0,0.0,0,0,0,0.0,0,0,0,0.0,0.0,0,0,0,0,0.0,8.0a,1.3,0.0,0,0.0,0.0,0,0.0,0,0,0,0,0,0,0,0,0,0.0,0.0,0.0,0.0,0.0,0.0,0,0,0,0.0,0.0,0,0,0,0,0,0,0,0,0,0,0,0,0,0,0,0,0,0.0,0,0,0,0,0,0,0,0,0,0,0,0,0,0,0,0,0,0,0,0,0,0,0,0,0,0,0,0,0,0,0,0
GeForce4 Go 440,2002-02-06,NV17M,0,0,0,AGP 8x,220,440,2:0:4:2,440,440,880,0,64,7.04,DDR,128,0,0,0,0,0,0,0,0,0,0,0,0,0,0,0,0,0,0,0,0,0,0,0,0,0,0,0,0,0,0,0.0,0,0.0,0,0,0,0,0,0,0,0.0,0,0,0,0.0,0,0,0,0.0,0.0,0,0,0,0,0.0,8.0a,1.3,0.0,0,0.0,0.0,0,0.0,0,0,0,0,0,0,0,0,0,0.0,0.0,0.0,0.0,0.0,0.0,0,0,0,0.0,0.0,0,0,0,0,0,0,0,0,0,0,0,0,0,0,0,0,0,0.0,0,0,0,0,0,0,0,0,0,0,0,0,0,0,0,0,0,0,0,0,0,0,0,0,0,0,0,0,0,0,0,0
GeForce4 Go 460,2002-10-14,NV17M,0,0,0,AGP 8x,250,500,2:0:4:2,500,500,1000,0,64,8.0,DDR,128,0,0,0,0,0,0,0,0,0,0,0,0,0,0,0,0,0,0,0,0,0,0,0,0,0,0,0,0,0,0,0.0,0,0.0,0,0,0,0,0,0,0,0.0,0,0,0,0.0,0,0,0,0.0,0.0,0,0,0,0,0.0,8.0a,1.3,0.0,0,0.0,0.0,0,0.0,0,0,0,0,0,0,0,0,0,0.0,0.0,0.0,0.0,0.0,0.0,0,0,0,0.0,0.0,0,0,0,0,0,0,0,0,0,0,0,0,0,0,0,0,0,0.0,0,0,0,0,0,0,0,0,0,0,0,0,0,0,0,0,0,0,0,0,0,0,0,0,0,0,0,0,0,0,0,0
GeForce4 Go 488,1995-01-01,NV18M,0,0,0,AGP 8x,300,550,2:0:4:2,600,600,1200,0,64,8.8,DDR,128,0,0,0,0,0,0,0,0,0,0,0,0,0,0,0,0,0,0,0,0,0,0,0,0,0,0,0,0,0,0,0.0,0,0.0,0,0,0,0,0,0,0,0.0,0,0,0,0.0,0,0,0,0.0,0.0,0,0,0,0,0.0,8.0a,1.3,0.0,0,0.0,0.0,0,0.0,0,0,0,0,0,0,0,0,0,0.0,0.0,0.0,0.0,0.0,0.0,0,0,0,0.0,0.0,0,0,0,0,0,0,0,0,0,0,0,0,0,0,0,0,0,0.0,0,0,0,0,0,0,0,0,0,0,0,0,0,0,0,0,0,0,0,0,0,0,0,0,0,0,0,0,0,0,0,0
GeForce4 Go 4200,2002-11-14,NV28M,0,0,0,AGP 8x,200,400,4:2:8:4,800,800,1600,100,64,6.4,DDR,128,0,0,0,0,0,0,0,0,0,0,0,0,0,0,0,0,0,0,0,0,0,0,0,0,0,0,0,0,0,0,0.0,0,0.0,0,0,0,0,0,0,0,0.0,0,0,0,0.0,0,0,0,0.0,0.0,0,0,0,0,0.0,8.0a,1.3,0.0,0,0.0,0.0,0,0.0,0,0,0,0,0,0,0,0,0,0.0,0.0,0.0,0.0,0.0,0.0,0,0,0,0.0,0.0,0,0,0,0,0,0,0,0,0,0,0,0,0,0,0,0,0,0.0,0,0,0,0,0,0,0,0,0,0,0,0,0,0,0,0,0,0,0,0,0,0,0,0,0,0,0,0,0,0,0,0
GeForce FX Go 5100,2003-03-01,NV34M,150,0,0,AGP 8x,200,400,4:2:4:4,0,0,0,0,64,3.2,DDR,64,0,9.0,0,0,0,0,0.8,0.8,0,Un­known,0,0,0,0,0,0,0,0,0,0,0,0,0,0,0,0,0,0,0,0,0.0,0,0.0,0,0,0,0,0,0,0,0.0,0,0,0,0.0,0,0,0,0.0,0.0,0,0,0,0,0.0,0,0.0,1.5,2.1**,0.0,0.0,0,0.0,0,0,0,0,0,0,0,0,0,0.0,0.0,0.0,0.0,0.0,0.0,0,0,0,0.0,0.0,0,0,0,0,0,0,0,0,0,0,0,0,0,0,0,0,0,0.0,0,0,0,0,0,0,0,0,0,0,0,0,0,0,0,0,0,0,0,0,0,0,0,0,0,0,0,0,0,0,0,0
GeForce FX Go 5500,2003-03-01,NV34M,150,0,0,AGP 8x,300,600,4:2:4:4,0,0,0,0,3264,9.6,DDR,128,0,9.0,0,0,0,0,1.2,1.2,0,Un­known,0,0,0,0,0,0,0,0,0,0,0,0,0,0,0,0,0,0,0,0,0.0,0,0.0,0,0,0,0,0,0,0,0.0,0,0,0,0.0,0,0,0,0.0,0.0,0,0,0,0,0.0,0,0.0,1.5,2.1**,0.0,0.0,0,0.0,0,0,0,0,0,0,0,0,0,0.0,0.0,0.0,0.0,0.0,0.0,0,0,0,0.0,0.0,0,0,0,0,0,0,0,0,0,0,0,0,0,0,0,0,0,0.0,0,0,0,0,0,0,0,0,0,0,0,0,0,0,0,0,0,0,0,0,0,0,0,0,0,0,0,0,0,0,0,0
GeForce FX Go 5600,2003-03-01,NV31M,130,0,0,AGP 8x,350,600,4:2:4:4,0,0,0,0,32,9.6,DDR,128,0,9.0,0,0,0,0,1.4,1.4,0,Un­known,0,0,0,0,0,0,0,0,0,0,0,0,0,0,0,0,0,0,0,0,0.0,0,0.0,0,0,0,0,0,0,0,0.0,0,0,0,0.0,0,0,0,0.0,0.0,0,0,0,0,0.0,0,0.0,1.5,2.1**,0.0,0.0,0,0.0,0,0,0,0,0,0,0,0,0,0.0,0.0,0.0,0.0,0.0,0.0,0,0,0,0.0,0.0,0,0,0,0,0,0,0,0,0,0,0,0,0,0,0,0,0,0.0,0,0,0,0,0,0,0,0,0,0,0,0,0,0,0,0,0,0,0,0,0,0,0,0,0,0,0,0,0,0,0,0
GeForce FX Go 5650,2003-03-01,NV31M,130,0,0,AGP 8x,350,600,4:2:4:4,0,0,0,0,32,9.6,DDR,128,0,9.0,0,0,0,0,1.4,1.4,0,Un­known,0,0,0,0,0,0,0,0,0,0,0,0,0,0,0,0,0,0,0,0,0.0,0,0.0,0,0,0,0,0,0,0,0.0,0,0,0,0.0,0,0,0,0.0,0.0,0,0,0,0,0.0,0,0.0,1.5,2.1**,0.0,0.0,0,0.0,0,0,0,0,0,0,0,0,0,0.0,0.0,0.0,0.0,0.0,0.0,0,0,0,0.0,0.0,0,0,0,0,0,0,0,0,0,0,0,0,0,0,0,0,0,0.0,0,0,0,0,0,0,0,0,0,0,0,0,0,0,0,0,0,0,0,0,0,0,0,0,0,0,0,0,0,0,0,0
GeForce FX Go 5700,2005-02-01,NV36M,130,0,0,AGP 8x,450,550,4:3:4:4,0,0,0,0,32,8.8,DDR,128,0,9.0,0,0,0,0,1.8,1.8,0,Un­known,0,0,0,0,0,0,0,0,0,0,0,0,0,0,0,0,0,0,0,0,0.0,0,0.0,0,0,0,0,0,0,0,0.0,0,0,0,0.0,0,0,0,0.0,0.0,0,0,0,0,0.0,0,0.0,1.5,2.1**,0.0,0.0,0,0.0,0,0,0,0,0,0,0,0,0,0.0,0.0,0.0,0.0,0.0,0.0,0,0,0,0.0,0.0,0,0,0,0,0,0,0,0,0,0,0,0,0,0,0,0,0,0.0,0,0,0,0,0,0,0,0,0,0,0,0,0,0,0,0,0,0,0,0,0,0,0,0,0,0,0,0,0,0,0,0
GeForce Go 6100,Un­known-01-01,C51M,110,0,0,HyperTransport,425,System memory,2:1:2:1,850,425,850,106.25,Up to 128 MB system,System memory,DDR2,64/128,0,0,0,0,0,0,0,0,0,0,0,0,0,0,0,0,0,0,0,0,0,0,0,0,0,0,0,0,0,0,0.0,0,0.0,0,0,0,0,0,0,0,0.0,0,0,0,0.0,0,0,0,0.0,0.0,0,0,0,0,0.0,0,0.0,0.0,0,0.0,0.0,0,0.0,0,0,0,0,0,0,0,0,0,0.0,0.0,0.0,0.0,0.0,0.0,0,0,0,0.0,0.0,0,0,0,0,0,0,0,0,0,0,0,0,0,0,0,0,0,0.0,0,0,0,0,0,0,0,0,0,0,0,0,0,0,0,0,0,0,0,0,0,0,0,0,0,0,0,0,0,0,0,0
GeForce Go 6150,2006-02-01,C51M,110,0,0,HyperTransport,425,System memory,2:1:2:1,850,425,850,106.25,Up to 128 MB system,System memory,DDR2,64/128,0,0,0,0,0,0,0,0,0,0,0,0,0,0,0,0,0,0,0,0,0,0,0,0,0,0,0,0,0,0,0.0,0,0.0,0,0,0,0,0,0,0,0.0,0,0,0,0.0,0,0,0,0.0,0.0,0,0,0,0,0.0,0,0.0,0.0,0,0.0,0.0,0,0.0,0,0,0,0,0,0,0,0,0,0.0,0.0,0.0,0.0,0.0,0.0,0,0,0,0.0,0.0,0,0,0,0,0,0,0,0,0,0,0,0,0,0,0,0,0,0.0,0,0,0,0,0,0,0,0,0,0,0,0,0,0,0,0,0,0,0,0,0,0,0,0,0,0,0,0,0,0,0,0
GeForce Go 6200,2006-02-01,NV44M,110,0,0,PCIe x16,300,600,4:3:4:2,1200,600,1200,225.0,16,2.4,DDR,32,0,0,0,0,0,0,0,0,0,0,0,0,0,0,0,0,0,0,0,0,0,0,0,0,0,0,0,0,0,0,0.0,0,0.0,0,0,0,0,0,0,0,0.0,0,0,0,0.0,0,0,0,0.0,0.0,0,0,0,0,0.0,0,0.0,0.0,0,0.0,0.0,0,0.0,0,0,0,0,0,0,0,0,0,0.0,0.0,0.0,0.0,0.0,0.0,0,0,0,0.0,0.0,0,0,0,0,0,0,0,0,0,0,0,0,0,0,0,0,0,0.0,0,0,0,0,0,0,0,0,0,0,0,0,0,0,0,0,0,0,0,0,0,0,0,0,0,0,0,0,0,0,0,0
GeForce Go 6400,2006-02-01,NV44M,110,0,0,PCIe x16,400,700,4:3:4:2,1600,800,1600,250.0,16,5.6,DDR,64,0,0,0,0,0,0,0,0,0,0,0,0,0,0,0,0,0,0,0,0,0,0,0,0,0,0,0,0,0,0,0.0,0,0.0,0,0,0,0,0,0,0,0.0,0,0,0,0.0,0,0,0,0.0,0.0,0,0,0,0,0.0,0,0.0,0.0,0,0.0,0.0,0,0.0,0,0,0,0,0,0,0,0,0,0.0,0.0,0.0,0.0,0.0,0.0,0,0,0,0.0,0.0,0,0,0,0,0,0,0,0,0,0,0,0,0,0,0,0,0,0.0,0,0,0,0,0,0,0,0,0,0,0,0,0,0,0,0,0,0,0,0,0,0,0,0,0,0,0,0,0,0,0,0
GeForce Go 6600,2005-09-29,NV43M,110,0,0,PCIe x16,300,700,8:3:8:4,3000,1500,3000,281.25,128,11.2,DDR,128,0,0,0,0,0,0,0,0,0,0,0,0,0,0,0,0,0,0,0,0,0,0,0,0,0,0,0,0,0,0,0.0,0,0.0,0,0,0,0,0,0,0,0.0,0,0,0,0.0,0,0,0,0.0,0.0,0,0,0,0,0.0,0,0.0,0.0,0,0.0,0.0,0,0.0,0,0,0,0,0,0,0,0,0,0.0,0.0,0.0,0.0,0.0,0.0,0,0,0,0.0,0.0,0,0,0,0,0,0,0,0,0,0,0,0,0,0,0,0,0,0.0,0,0,0,0,0,0,0,0,0,0,0,0,0,0,0,0,0,0,0,0,0,0,0,0,0,0,0,0,0,0,0,0
GeForce Go 6800,2004-11-08,NV41M,130,0,0,PCIe x16,300,7001100,12:5:12:12,3000,1500,3000,375.0,128,22.435.2,"DDR, DDR2DDR3",256,0,0,0,0,0,0,0,0,0,0,0,0,0,0,0,0,0,0,0,0,0,0,0,0,0,0,0,0,0,0,0.0,0,0.0,0,0,0,0,0,0,0,0.0,0,0,0,0.0,0,0,0,0.0,0.0,0,0,0,0,0.0,0,0.0,0.0,0,0.0,0.0,0,0.0,0,0,0,0,0,0,0,0,0,0.0,0.0,0.0,0.0,0.0,0.0,0,0,0,0.0,0.0,0,0,0,0,0,0,0,0,0,0,0,0,0,0,0,0,0,0.0,0,0,0,0,0,0,0,0,0,0,0,0,0,0,0,0,0,0,0,0,0,0,0,0,0,0,0,0,0,0,0,0
GeForce Go 6800 Ultra,2005-02-24,NV41M,130,0,0,PCIe x16,450,7001100,12:5:12:12,5400,3600,5400,562.5,256,22.435.2,"DDR, DDR2DDR3",256,0,0,0,0,0,0,0,0,0,0,0,0,0,0,0,0,0,0,0,0,0,0,0,0,0,0,0,0,0,0,0.0,0,0.0,0,0,0,0,0,0,0,0.0,0,0,0,0.0,0,0,0,0.0,0.0,0,0,0,0,0.0,0,0.0,0.0,0,0.0,0.0,0,0.0,0,0,0,0,0,0,0,0,0,0.0,0.0,0.0,0.0,0.0,0.0,0,0,0,0.0,0.0,0,0,0,0,0,0,0,0,0,0,0,0,0,0,0,0,0,0.0,0,0,0,0,0,0,0,0,0,0,0,0,0,0,0,0,0,0,0,0,0,0,0,0,0,0,0,0,0,0,0,0
GeForce 7000M,2006-02-01,MCP67MV,90,0,0,Hyper Transport,350,System memory,1:2:2:2,0,0,0,0,Up to 256 from system memory,System memory,DDR2,64/128,0,9.0c,2.1,0,0,0,0.7,0.7,0,Un­known,0,0,0,0,0,0,0,0,0,0,0,0,0,0,0,0,0,0,0,0,0.0,0,0.0,0,0,0,0,0,0,0,0.0,0,0,0,0.0,0,0,0,0.0,0.0,0,0,0,0,0.0,0,0.0,0.0,0,0.0,0.0,0,0.0,0,0,0,0,0,0,0,0,0,0.0,0.0,0.0,0.0,0.0,0.0,0,0,0,0.0,0.0,0,0,0,0,0,0,0,0,0,0,0,0,0,0,0,0,0,0.0,0,0,0,0,0,0,0,0,0,0,0,0,0,0,0,0,0,0,0,0,0,0,0,0,0,0,0,0,0,0,0,0
GeForce 7150M,2006-02-01,MCP67M,90,0,0,Hyper Transport,425,System memory,1:2:2:2,0,0,0,0,Up to 256 from system memory,System memory,DDR2,64/128,0,9.0c,2.1,0,0,0,0.85,0.85,0,Un­known,0,0,0,0,0,0,0,0,0,0,0,0,0,0,0,0,0,0,0,0,0.0,0,0.0,0,0,0,0,0,0,0,0.0,0,0,0,0.0,0,0,0,0.0,0.0,0,0,0,0,0.0,0,0.0,0.0,0,0.0,0.0,0,0.0,0,0,0,0,0,0,0,0,0,0.0,0.0,0.0,0.0,0.0,0.0,0,0,0,0.0,0.0,0,0,0,0,0,0,0,0,0,0,0,0,0,0,0,0,0,0.0,0,0,0,0,0,0,0,0,0,0,0,0,0,0,0,0,0,0,0,0,0,0,0,0,0,0,0,0,0,0,0,0
GeForce Go 72002,2006-01-01,G72M,90,0,0,PCIe x16,450,700,3:4:4:1,0,0,0,0,64,2.8,GDDR3,32,0,9.0c,2.1,0,0,0,0.45,1.8,0,Un­known,0,0,0,0,0,0,0,0,0,0,0,0,0,0,0,0,0,0,0,0,0.0,0,0.0,0,0,0,0,0,0,0,0.0,0,0,0,0.0,0,0,0,0.0,0.0,0,0,0,0,0.0,0,0.0,0.0,0,0.0,0.0,0,0.0,0,0,0,0,0,0,0,0,0,0.0,0.0,0.0,0.0,0.0,0.0,0,0,0,0.0,0.0,0,0,0,0,0,0,0,0,0,0,0,0,0,0,0,0,0,0.0,0,0,0,0,0,0,0,0,0,0,0,0,0,0,0,0,0,0,0,0,0,0,0,0,0,0,0,0,0,0,0,0
GeForce Go 73002,2006-01-01,G72M,90,0,0,PCIe x16,350,700,3:4:4:2,0,0,0,0,"128, 256, 512",5.60,GDDR3,64,0,9.0c,2.1,0,0,0,0.7,1.4,0,Un­known,0,0,0,0,0,0,0,0,0,0,0,0,0,0,0,0,0,0,0,0,0.0,0,0.0,0,0,0,0,0,0,0,0.0,0,0,0,0.0,0,0,0,0.0,0.0,0,0,0,0,0.0,0,0.0,0.0,0,0.0,0.0,0,0.0,0,0,0,0,0,0,0,0,0,0.0,0.0,0.0,0.0,0.0,0.0,0,0,0,0.0,0.0,0,0,0,0,0,0,0,0,0,0,0,0,0,0,0,0,0,0.0,0,0,0,0,0,0,0,0,0,0,0,0,0,0,0,0,0,0,0,0,0,0,0,0,0,0,0,0,0,0,0,0
GeForce Go 74002,2006-01-01,G72M,90,0,0,PCIe x16,450,900,3:4:4:2,0,0,0,0,"64, 256",7.20,GDDR3,64,0,9.0c,2.1,0,0,0,0.9,1.8,0,Un­known,0,0,0,0,0,0,0,0,0,0,0,0,0,0,0,0,0,0,0,0,0.0,0,0.0,0,0,0,0,0,0,0,0.0,0,0,0,0.0,0,0,0,0.0,0.0,0,0,0,0,0.0,0,0.0,0.0,0,0.0,0.0,0,0.0,0,0,0,0,0,0,0,0,0,0.0,0.0,0.0,0.0,0.0,0.0,0,0,0,0.0,0.0,0,0,0,0,0,0,0,0,0,0,0,0,0,0,0,0,0,0.0,0,0,0,0,0,0,0,0,0,0,0,0,0,0,0,0,0,0,0,0,0,0,0,0,0,0,0,0,0,0,0,0
GeForce Go 7600,2006-03-01,G73M,90,0,0,PCIe x16,450,1000,5:8:8:8,0,0,0,0,"256, 512",16,GDDR3,128,0,9.0c,2.1,0,0,0,3.6,3.6,0,Un­known,0,0,0,0,0,0,0,0,0,0,0,0,0,0,0,0,0,0,0,0,0.0,0,0.0,0,0,0,0,0,0,0,0.0,0,0,0,0.0,0,0,0,0.0,0.0,0,0,0,0,0.0,0,0.0,0.0,0,0.0,0.0,0,0.0,0,0,0,0,0,0,0,0,0,0.0,0.0,0.0,0.0,0.0,0.0,0,0,0,0.0,0.0,0,0,0,0,0,0,0,0,0,0,0,0,0,0,0,0,0,0.0,0,0,0,0,0,0,0,0,0,0,0,0,0,0,0,0,0,0,0,0,0,0,0,0,0,0,0,0,0,0,0,0
GeForce Go 7600 GT,2006-01-01,G73M,90,0,0,PCIe x16,500,1200,5:12:12:8,0,0,0,0,256,19.2,GDDR3,128,0,9.0c,2.1,0,0,0,4.0,6.0,0,Un­known,0,0,0,0,0,0,0,0,0,0,0,0,0,0,0,0,0,0,0,0,0.0,0,0.0,0,0,0,0,0,0,0,0.0,0,0,0,0.0,0,0,0,0.0,0.0,0,0,0,0,0.0,0,0.0,0.0,0,0.0,0.0,0,0.0,0,0,0,0,0,0,0,0,0,0.0,0.0,0.0,0.0,0.0,0.0,0,0,0,0.0,0.0,0,0,0,0,0,0,0,0,0,0,0,0,0,0,0,0,0,0.0,0,0,0,0,0,0,0,0,0,0,0,0,0,0,0,0,0,0,0,0,0,0,0,0,0,0,0,0,0,0,0,0
GeForce Go 7700,2006-01-01,G73-N-B1,80,0,0,PCIe x16,450,1000,5:12:12:8,0,0,0,0,512,16,GDDR3,128,0,9.0c,2.1,0,0,0,3.6,5.4,0,Un­known,0,0,0,0,0,0,0,0,0,0,0,0,0,0,0,0,0,0,0,0,0.0,0,0.0,0,0,0,0,0,0,0,0.0,0,0,0,0.0,0,0,0,0.0,0.0,0,0,0,0,0.0,0,0.0,0.0,0,0.0,0.0,0,0.0,0,0,0,0,0,0,0,0,0,0.0,0.0,0.0,0.0,0.0,0.0,0,0,0,0.0,0.0,0,0,0,0,0,0,0,0,0,0,0,0,0,0,0,0,0,0.0,0,0,0,0,0,0,0,0,0,0,0,0,0,0,0,0,0,0,0,0,0,0,0,0,0,0,0,0,0,0,0,0
GeForce Go 7800,2006-03-03,G70M,110,0,0,PCIe x16,400,1100,6:16:16:8,0,0,0,0,256,35.2,GDDR3,256,0,9.0c,2.1,0,0,0,3.2,6.4,0,35,0,0,0,0,0,0,0,0,0,0,0,0,0,0,0,0,0,0,0,0,0.0,0,0.0,0,0,0,0,0,0,0,0.0,0,0,0,0.0,0,0,0,0.0,0.0,0,0,0,0,0.0,0,0.0,0.0,0,0.0,0.0,0,0.0,0,0,0,0,0,0,0,0,0,0.0,0.0,0.0,0.0,0.0,0.0,0,0,0,0.0,0.0,0,0,0,0,0,0,0,0,0,0,0,0,0,0,0,0,0,0.0,0,0,0,0,0,0,0,0,0,0,0,0,0,0,0,0,0,0,0,0,0,0,0,0,0,0,0,0,0,0,0,0
GeForce Go 7800 GTX,2005-10-01,G70M,110,0,0,PCIe x16,400,1100,8:24:24:16,0,0,0,0,256,35.2,GDDR3,256,0,9.0c,2.1,0,0,0,6.4,9.6,0,65,0,0,0,0,0,0,0,0,0,0,0,0,0,0,0,0,0,0,0,0,0.0,0,0.0,0,0,0,0,0,0,0,0.0,0,0,0,0.0,0,0,0,0.0,0.0,0,0,0,0,0.0,0,0.0,0.0,0,0.0,0.0,0,0.0,0,0,0,0,0,0,0,0,0,0.0,0.0,0.0,0.0,0.0,0.0,0,0,0,0.0,0.0,0,0,0,0,0,0,0,0,0,0,0,0,0,0,0,0,0,0.0,0,0,0,0,0,0,0,0,0,0,0,0,0,0,0,0,0,0,0,0,0,0,0,0,0,0,0,0,0,0,0,0
GeForce Go 7900 GS,2006-04-01,G71M,90,0,0,PCIe x16,375,1000,7:20:20:16,0,0,0,0,256,32.0,GDDR3,256,0,9.0c,2.1,0,0,0,6.0,7.5,0,20,0,0,0,0,0,0,0,0,0,0,0,0,0,0,0,0,0,0,0,0,0.0,0,0.0,0,0,0,0,0,0,0,0.0,0,0,0,0.0,0,0,0,0.0,0.0,0,0,0,0,0.0,0,0.0,0.0,0,0.0,0.0,0,0.0,0,0,0,0,0,0,0,0,0,0.0,0.0,0.0,0.0,0.0,0.0,0,0,0,0.0,0.0,0,0,0,0,0,0,0,0,0,0,0,0,0,0,0,0,0,0.0,0,0,0,0,0,0,0,0,0,0,0,0,0,0,0,0,0,0,0,0,0,0,0,0,0,0,0,0,0,0,0,0
GeForce Go 7900 GTX,2006-04-01,G71M,90,0,0,PCIe x16,500,1200,8:24:24:16,0,0,0,0,256 512,38.4,GDDR3,256,0,9.0c,2.1,0,0,0,8.0,12.0,0,45,0,0,0,0,0,0,0,0,0,0,0,0,0,0,0,0,0,0,0,0,0.0,0,0.0,0,0,0,0,0,0,0,0.0,0,0,0,0.0,0,0,0,0.0,0.0,0,0,0,0,0.0,0,0.0,0.0,0,0.0,0.0,0,0.0,0,0,0,0,0,0,0,0,0,0.0,0.0,0.0,0.0,0.0,0.0,0,0,0,0.0,0.0,0,0,0,0,0,0,0,0,0,0,0,0,0,0,0,0,0,0.0,0,0,0,0,0,0,0,0,0,0,0,0,0,0,0,0,0,0,0,0,0,0,0,0,0,0,0,0,0,0,0,0
GeForce Go 7950 GTX,2006-10-01,G71M,90,0,0,PCIe x16,575,1400,8:24:24:16,0,0,0,0,512,44.8,GDDR3,256,0,9.0c,2.1,0,0,0,9.2,13.8,0,45,0,0,0,0,0,0,0,0,0,0,0,0,0,0,0,0,0,0,0,0,0.0,0,0.0,0,0,0,0,0,0,0,0.0,0,0,0,0.0,0,0,0,0.0,0.0,0,0,0,0,0.0,0,0.0,0.0,0,0.0,0.0,0,0.0,0,0,0,0,0,0,0,0,0,0.0,0.0,0.0,0.0,0.0,0.0,0,0,0,0.0,0.0,0,0,0,0,0,0,0,0,0,0,0,0,0,0,0,0,0,0.0,0,0,0,0,0,0,0,0,0,0,0,0,0,0,0,0,0,0,0,0,0,0,0,0,0,0,0,0,0,0,0,0
GeForce 8200M G,2008-06-01,"MCP77MV, MCP79MVL",80,0,0,Integrated (PCIe 2.0 x16),0,0,8:8:4,0,0,0,0,Up to 256 from system memory,12.817.056,DDR2DDR3,128,0,10.0,3.3,0,0,0,1.6,3.2,0,Un­known,0,0,0,0,0,0,0,0,0,0,0,0,0,0,0,0,0,0,0,0,0.0,0,0.0,0,0,0,0,0,0,0,0.0,0,0,0,0.0,0,0,0,0.0,0.0,0,0,0,0,0.0,0,0.0,0.0,0,400.0,800.0,8001066(system memory),19.2,"PureVideo HD with VP3, Full H.264 / VC-1 / MPEG-2 HW Decode",0,0,0,0,0,0,0,0,0.0,0.0,0.0,0.0,0.0,0.0,0,0,0,0.0,0.0,0,0,0,0,0,0,0,0,0,0,0,0,0,0,0,0,0,0.0,0,0,0,0,0,0,0,0,0,0,0,0,0,0,0,0,0,0,0,0,0,0,0,0,0,0,0,0,0,0,0,0
GeForce 8400M G,2007-05-01,NB8M(G86),80,0,0,PCIe x16,0,0,8:8:4,0,0,0,0,128 / 256,6.4,DDR2 / GDDR3,64,0,10.0,3.3,0,0,0,1.6,3.2,0,10,0,0,0,0,0,0,0,0,0,0,0,0,0,0,0,0,0,0,0,0,0.0,0,0.0,0,0,0,0,0,0,0,0.0,0,0,0,0.0,0,0,0,0.0,0.0,0,0,0,0,0.0,0,0.0,0.0,0,400.0,800.0,800,19.2,"PureVideo HD with VP2, BSP Engine, and AES128 Engine",0,0,0,0,0,0,0,0,0.0,0.0,0.0,0.0,0.0,0.0,0,0,0,0.0,0.0,0,0,0,0,0,0,0,0,0,0,0,0,0,0,0,0,0,0.0,0,0,0,0,0,0,0,0,0,0,0,0,0,0,0,0,0,0,0,0,0,0,0,0,0,0,0,0,0,0,0,0
GeForce 8400M GS,2007-05-01,NB8M(G86),80,0,0,PCIe x16,0,0,16:8:4,0,0,0,0,128 / 256,6.4,DDR2 / GDDR3,64,0,10.0,3.3,0,0,0,1.6,3.2,0,11,0,0,0,0,0,0,0,0,0,0,0,0,0,0,0,0,0,0,0,0,0.0,0,0.0,0,0,0,0,0,0,0,0.0,0,0,0,0.0,0,0,0,0.0,0.0,0,0,0,0,0.0,0,0.0,0.0,0,400.0,800.0,800,38.4,"PureVideo HD with VP2, BSP Engine, and AES128 Engine",0,0,0,0,0,0,0,0,0.0,0.0,0.0,0.0,0.0,0.0,0,0,0,0.0,0.0,0,0,0,0,0,0,0,0,0,0,0,0,0,0,0,0,0,0.0,0,0,0,0,0,0,0,0,0,0,0,0,0,0,0,0,0,0,0,0,0,0,0,0,0,0,0,0,0,0,0,0
GeForce 8400M GT,2007-05-01,NB8M(G86),80,0,0,PCIe x16,0,0,16:8:4,0,0,0,0,256 / 512,19.2,DDR2 / GDDR3,128,0,10.0,3.3,0,0,0,1.8,3.6,0,14,0,0,0,0,0,0,0,0,0,0,0,0,0,0,0,0,0,0,0,0,0.0,0,0.0,0,0,0,0,0,0,0,0.0,0,0,0,0.0,0,0,0,0.0,0.0,0,0,0,0,0.0,0,0.0,0.0,0,450.0,900.0,1200,43.2,"PureVideo HD with VP2, BSP Engine, and AES128 Engine",0,0,0,0,0,0,0,0,0.0,0.0,0.0,0.0,0.0,0.0,0,0,0,0.0,0.0,0,0,0,0,0,0,0,0,0,0,0,0,0,0,0,0,0,0.0,0,0,0,0,0,0,0,0,0,0,0,0,0,0,0,0,0,0,0,0,0,0,0,0,0,0,0,0,0,0,0,0
GeForce 8600M GS,2007-05-01,NB8P(G84),80,0,0,PCIe x16,0,0,16:8:4,0,0,0,0,256 / 512,22.4,DDR2 / GDDR3,128,0,10.0,3.3,0,0,0,2.4,4.8,0,20,0,0,0,0,0,0,0,0,0,0,0,0,0,0,0,0,0,0,0,0,0.0,0,0.0,0,0,0,0,0,0,0,0.0,0,0,0,0.0,0,0,0,0.0,0.0,0,0,0,0,0.0,0,0.0,0.0,0,600.0,1200.0,1400,57.6,"PureVideo HD with VP2, BSP Engine, and AES128 Engine",0,0,0,0,0,0,0,0,0.0,0.0,0.0,0.0,0.0,0.0,0,0,0,0.0,0.0,0,0,0,0,0,0,0,0,0,0,0,0,0,0,0,0,0,0.0,0,0,0,0,0,0,0,0,0,0,0,0,0,0,0,0,0,0,0,0,0,0,0,0,0,0,0,0,0,0,0,0
GeForce 8600M GT,2007-05-01,NB8P(G84),80,0,0,PCIe x16,0,0,32:16:8,0,0,0,0,256 / 512,12.8 / 22.4,DDR2 / GDDR3,128,0,10.0,3.3,0,0,0,3.8,7.6,0,20,0,0,0,0,0,0,0,0,0,0,0,0,0,0,0,0,0,0,0,0,0.0,0,0.0,0,0,0,0,0,0,0,0.0,0,0,0,0.0,0,0,0,0.0,0.0,0,0,0,0,0.0,0,0.0,0.0,0,475.0,950.0,800 / 1400,91.2,"PureVideo HD with VP2, BSP Engine, and AES128 Engine",0,0,0,0,0,0,0,0,0.0,0.0,0.0,0.0,0.0,0.0,0,0,0,0.0,0.0,0,0,0,0,0,0,0,0,0,0,0,0,0,0,0,0,0,0.0,0,0,0,0,0,0,0,0,0,0,0,0,0,0,0,0,0,0,0,0,0,0,0,0,0,0,0,0,0,0,0,0
GeForce 8700M GT,2007-06-01,NB8P(G84),80,0,0,PCIe x16,0,0,32:16:8,0,0,0,0,256 / 512,25.6,GDDR3,128,0,10.0,3.3,0,0,0,5.0,10.0,0,29,0,0,0,0,0,0,0,0,0,0,0,0,0,0,0,0,0,0,0,0,0.0,0,0.0,0,0,0,0,0,0,0,0.0,0,0,0,0.0,0,0,0,0.0,0.0,0,0,0,0,0.0,0,0.0,0.0,0,625.0,1250.0,1600,120.0,"Scalable Link Interface, PureVideo HD with VP2, BSP Engine, and AES128 Engine",0,0,0,0,0,0,0,0,0.0,0.0,0.0,0.0,0.0,0.0,0,0,0,0.0,0.0,0,0,0,0,0,0,0,0,0,0,0,0,0,0,0,0,0,0.0,0,0,0,0,0,0,0,0,0,0,0,0,0,0,0,0,0,0,0,0,0,0,0,0,0,0,0,0,0,0,0,0
GeForce 8800M GTS,2007-11-01,NB8P(G92),65,0,0,PCIe 2.0 x16,0,0,64:32:16,0,0,0,0,512,51.2,GDDR3,256,0,10.0,3.3,0,0,0,8.0,16.0,0,50,0,0,0,0,0,0,0,0,0,0,0,0,0,0,0,0,0,0,0,0,0.0,0,0.0,0,0,0,0,0,0,0,0.0,0,0,0,0.0,0,0,0,0.0,0.0,0,0,0,0,0.0,0,0.0,0.0,0,500.0,1250.0,1600,240.0,"Scalable Link Interface, PureVideo HD with VP2, BSP Engine, and AES128 Engine",0,0,0,0,0,0,0,0,0.0,0.0,0.0,0.0,0.0,0.0,0,0,0,0.0,0.0,0,0,0,0,0,0,0,0,0,0,0,0,0,0,0,0,0,0.0,0,0,0,0,0,0,0,0,0,0,0,0,0,0,0,0,0,0,0,0,0,0,0,0,0,0,0,0,0,0,0,0
GeForce 8800M GTX,2007-11-01,NB8P(G92),65,0,0,PCIe 2.0 x16,0,0,96:48:16,0,0,0,0,512,51.2,GDDR3,256,0,10.0,3.3,0,0,0,8.0,24.0,0,65,0,0,0,0,0,0,0,0,0,0,0,0,0,0,0,0,0,0,0,0,0.0,0,0.0,0,0,0,0,0,0,0,0.0,0,0,0,0.0,0,0,0,0.0,0.0,0,0,0,0,0.0,0,0.0,0.0,0,500.0,1250.0,1600,360.0,"Scalable Link Interface, PureVideo HD with VP2, BSP Engine, and AES128 Engine",0,0,0,0,0,0,0,0,0.0,0.0,0.0,0.0,0.0,0.0,0,0,0,0.0,0.0,0,0,0,0,0,0,0,0,0,0,0,0,0,0,0,0,0,0.0,0,0,0,0,0,0,0,0,0,0,0,0,0,0,0,0,0,0,0,0,0,0,0,0,0,0,0,0,0,0,0,0
GeForce 9100M G mGPU,2008-01-01,"MCP77MH, MCP79MH",65,0,0,Integrated (PCIe 2.0 x16),0,0,8:8:4,0,0,0,0,Up to 256 from system memory,17.056,DDR3,128,0,10.0,3.3,0,0,0,1.8,3.6,0,12,0,0,0,0,0,0,0,0,0,0,0,0,0,0,0,0,0,0,0,0,0.0,0,0.0,0,0,0,0,0,0,0,0.0,0,0,0,0.0,0,0,0,0.0,0.0,0,0,0,0,0.0,0,0.0,0.0,0,450,1100,1066(system memory),26.4,Similar to 8400M G,0,0,0,0,0,0,0,0,0.0,0.0,0.0,0.0,0.0,0.0,0,0,0,0.0,0.0,0,0,0,0,0,0,0,0,0,0,0,0,0,0,0,0,0,0.0,0,0,0,0,0,0,0,0,0,0,0,0,0,0,0,0,0,0,0,0,0,0,0,0,0,0,0,0,0,0,0,0
GeForce 9200M GS,2008-01-01,NB9M-GE(G98),65,0,0,PCIe 2.0 x16,0,0,8:8:4,0,0,0,0,256,11.2,DDR2/GDDR3,64,0,10.0,3.3,0,0,0,2.2,4.4,0,13,0,0,0,0,0,0,0,0,0,0,0,0,0,0,0,0,0,0,0,0,0.0,0,0.0,0,0,0,0,0,0,0,0.0,0,0,0,0.0,0,0,0,0.0,0.0,0,0,0,0,0.0,0,0.0,0.0,0,550,1300,1400,31.2,0,0,0,0,0,0,0,0,0,0.0,0.0,0.0,0.0,0.0,0.0,0,0,0,0.0,0.0,0,0,0,0,0,0,0,0,0,0,0,0,0,0,0,0,0,0.0,0,0,0,0,0,0,0,0,0,0,0,0,0,0,0,0,0,0,0,0,0,0,0,0,0,0,0,0,0,0,0,0
GeForce 9300M G,2008-01-01,NB9M-GE(G86),80,0,0,PCIe 2.0 x16,0,0,16:8:4,0,0,0,0,256/512,9.6,DDR2/GDDR3,64,0,10.0,3.3,0,0,0,1.6,3.2,0,13,0,0,0,0,0,0,0,0,0,0,0,0,0,0,0,0,0,0,0,0,0.0,0,0.0,0,0,0,0,0,0,0,0.0,0,0,0,0.0,0,0,0,0.0,0.0,0,0,0,0,0.0,0,0.0,0.0,0,400,800,1200,38.4,0,0,0,0,0,0,0,0,0,0.0,0.0,0.0,0.0,0.0,0.0,0,0,0,0.0,0.0,0,0,0,0,0,0,0,0,0,0,0,0,0,0,0,0,0,0.0,0,0,0,0,0,0,0,0,0,0,0,0,0,0,0,0,0,0,0,0,0,0,0,0,0,0,0,0,0,0,0,0
GeForce 9300M GS,2008-01-01,NB9M-GE(G98),65,0,0,PCIe 2.0 x16,0,0,8:8:4,0,0,0,0,256/512,11.2,DDR2/GDDR3,64,0,10.0,3.3,0,0,0,2.2,4.4,0,13,0,0,0,0,0,0,0,0,0,0,0,0,0,0,0,0,0,0,0,0,0.0,0,0.0,0,0,0,0,0,0,0,0.0,0,0,0,0.0,0,0,0,0.0,0.0,0,0,0,0,0.0,0,0.0,0.0,0,550,1400,1400,33.6,0,0,0,0,0,0,0,0,0,0.0,0.0,0.0,0.0,0.0,0.0,0,0,0,0.0,0.0,0,0,0,0,0,0,0,0,0,0,0,0,0,0,0,0,0,0.0,0,0,0,0,0,0,0,0,0,0,0,0,0,0,0,0,0,0,0,0,0,0,0,0,0,0,0,0,0,0,0,0
GeForce 9400M G,2008-10-15,MCP79MX,65,0,0,Integrated(PCIe 2.0 x16),0,0,16:8:4,0,0,0,0,Up to 256 from system memory,12.817.056,DDR2DDR3,128,0,10.0,3.3,0,0,0,1.8,3.6,0,12,0,0,0,0,0,0,0,0,0,0,0,0,0,0,0,0,0,0,0,0,0.0,0,0.0,0,0,0,0,0,0,0,0.0,0,0,0,0.0,0,0,0,0.0,0.0,0,0,0,0,0.0,0,0.0,0.0,0,450,1100,8001066(system memory),54,PureVideo HD with VP3. Known as the GeForce 9400M in Apple systems,0,0,0,0,0,0,0,0,0.0,0.0,0.0,0.0,0.0,0.0,0,0,0,0.0,0.0,0,0,0,0,0,0,0,0,0,0,0,0,0,0,0,0,0,0.0,0,0,0,0,0,0,0,0,0,0,0,0,0,0,0,0,0,0,0,0,0,0,0,0,0,0,0,0,0,0,0,0
GeForce 9500M G,2008-01-01,NB9P(G96),65,0,0,PCIe 2.0 x16,0,0,16:8:8,0,0,0,0,512,25.6,DDR2 / GDDR3,128,0,10.0,3.3,0,0,0,4,4,0,20,0,0,0,0,0,0,0,0,0,0,0,0,0,0,0,0,0,0,0,0,0.0,0,0.0,0,0,0,0,0,0,0,0.0,0,0,0,0.0,0,0,0,0.0,0.0,0,0,0,0,0.0,0,0.0,0.0,0,500,1250,1600,60,0,0,0,0,0,0,0,0,0,0.0,0.0,0.0,0.0,0.0,0.0,0,0,0,0.0,0.0,0,0,0,0,0,0,0,0,0,0,0,0,0,0,0,0,0,0.0,0,0,0,0,0,0,0,0,0,0,0,0,0,0,0,0,0,0,0,0,0,0,0,0,0,0,0,0,0,0,0,0
GeForce 9500M GS,2008-01-01,NB9P-GV(G96),80,0,0,PCIe x16,0,0,32:16:8,0,0,0,0,512,22.4,DDR2 / GDDR3,128,0,10.0,3.3,0,0,0,3.8,7.6,0,20,0,0,0,0,0,0,0,0,0,0,0,0,0,0,0,0,0,0,0,0,0.0,0,0.0,0,0,0,0,0,0,0,0.0,0,0,0,0.0,0,0,0,0.0,0.0,0,0,0,0,0.0,0,0.0,0.0,0,475,950,1400,91.2,Rebranded 8600M GT,0,0,0,0,0,0,0,0,0.0,0.0,0.0,0.0,0.0,0.0,0,0,0,0.0,0.0,0,0,0,0,0,0,0,0,0,0,0,0,0,0,0,0,0,0.0,0,0,0,0,0,0,0,0,0,0,0,0,0,0,0,0,0,0,0,0,0,0,0,0,0,0,0,0,0,0,0,0
GeForce 9600M GS,2008-01-01,NB9P-GE2(G96),65,0,0,PCIe 2.0 x16,0,0,32:16:8,0,0,0,0,1024,12.825.6,DDR2 / GDDR3,128,0,10.0,3.3,0,0,0,3.44,6.88,0,20,0,0,0,0,0,0,0,0,0,0,0,0,0,0,0,0,0,0,0,0,0.0,0,0.0,0,0,0,0,0,0,0,0.0,0,0,0,0.0,0,0,0,0.0,0.0,0,0,0,0,0.0,0,0.0,0.0,0,430,1075,8001600,103.2,0,0,0,0,0,0,0,0,0,0.0,0.0,0.0,0.0,0.0,0.0,0,0,0,0.0,0.0,0,0,0,0,0,0,0,0,0,0,0,0,0,0,0,0,0,0.0,0,0,0,0,0,0,0,0,0,0,0,0,0,0,0,0,0,0,0,0,0,0,0,0,0,0,0,0,0,0,0,0
GeForce 9600M GT,2008-01-01,NB9P-GS(G96),65,0,0,PCIe 2.0 x16,0,0,32:16:8,0,0,0,0,512/1024,25.6,DDR2 / GDDR3,128,0,10.0,3.3,0,0,0,4,8,0,23,0,0,0,0,0,0,0,0,0,0,0,0,0,0,0,0,0,0,0,0,0.0,0,0.0,0,0,0,0,0,0,0,0.0,0,0,0,0.0,0,0,0,0.0,0.0,0,0,0,0,0.0,0,0.0,0.0,0,500,1250,1600,120,0,0,0,0,0,0,0,0,0,0.0,0.0,0.0,0.0,0.0,0.0,0,0,0,0.0,0.0,0,0,0,0,0,0,0,0,0,0,0,0,0,0,0,0,0,0.0,0,0,0,0,0,0,0,0,0,0,0,0,0,0,0,0,0,0,0,0,0,0,0,0,0,0,0,0,0,0,0,0
GeForce 9650M GS,2008-01-01,NB9P-GS1(G84),80,0,0,PCIe 2.0 x16,0,0,32:16:8,0,0,0,0,512,25.6,GDDR3,128,0,10.0,3.3,0,0,0,5,10,0,29,0,0,0,0,0,0,0,0,0,0,0,0,0,0,0,0,0,0,0,0,0.0,0,0.0,0,0,0,0,0,0,0,0.0,0,0,0,0.0,0,0,0,0.0,0.0,0,0,0,0,0.0,0,0.0,0.0,0,625,1250,1600,120,Rebranded 8700M GT,0,0,0,0,0,0,0,0,0.0,0.0,0.0,0.0,0.0,0.0,0,0,0,0.0,0.0,0,0,0,0,0,0,0,0,0,0,0,0,0,0,0,0,0,0.0,0,0,0,0,0,0,0,0,0,0,0,0,0,0,0,0,0,0,0,0,0,0,0,0,0,0,0,0,0,0,0,0
GeForce 9650M GT,2008-01-01,NB9P-GT(G96),65/55,0,0,PCIe 2.0 x16,0,0,32:16:8,0,0,0,0,1024,25.6,GDDR3,128,0,10.0,3.3,0,0,0,4.4,8.8,0,23,0,0,0,0,0,0,0,0,0,0,0,0,0,0,0,0,0,0,0,0,0.0,0,0.0,0,0,0,0,0,0,0,0.0,0,0,0,0.0,0,0,0,0.0,0.0,0,0,0,0,0.0,0,0.0,0.0,0,550,1325,1600,127.2,0,0,0,0,0,0,0,0,0,0.0,0.0,0.0,0.0,0.0,0.0,0,0,0,0.0,0.0,0,0,0,0,0,0,0,0,0,0,0,0,0,0,0,0,0,0.0,0,0,0,0,0,0,0,0,0,0,0,0,0,0,0,0,0,0,0,0,0,0,0,0,0,0,0,0,0,0,0,0
GeForce 9700M GT,2008-07-29,NB9E-GE(G96),65,0,0,PCIe x16,0,0,32:16:8,0,0,0,0,512,25.6,GDDR3,128,0,10.0,3.3,0,0,0,5,10,0,45,0,0,0,0,0,0,0,0,0,0,0,0,0,0,0,0,0,0,0,0,0.0,0,0.0,0,0,0,0,0,0,0,0.0,0,0,0,0.0,0,0,0,0.0,0.0,0,0,0,0,0.0,0,0.0,0.0,0,625,1550,1600,148.8,0,0,0,0,0,0,0,0,0,0.0,0.0,0.0,0.0,0.0,0.0,0,0,0,0.0,0.0,0,0,0,0,0,0,0,0,0,0,0,0,0,0,0,0,0,0.0,0,0,0,0,0,0,0,0,0,0,0,0,0,0,0,0,0,0,0,0,0,0,0,0,0,0,0,0,0,0,0,0
GeForce 9700M GTS,2008-07-29,NB9E-GS(G94),65,0,0,PCIe 2.0 x16,0,0,48:24:16,0,0,0,0,512,51.2,GDDR3,256,0,10.0,3.3,0,0,0,8.48,12.7,0,60,0,0,0,0,0,0,0,0,0,0,0,0,0,0,0,0,0,0,0,0,0.0,0,0.0,0,0,0,0,0,0,0,0.0,0,0,0,0.0,0,0,0,0.0,0.0,0,0,0,0,0.0,0,0.0,0.0,0,530,1325,1600,190.8,0,0,0,0,0,0,0,0,0,0.0,0.0,0.0,0.0,0.0,0.0,0,0,0,0.0,0.0,0,0,0,0,0,0,0,0,0,0,0,0,0,0,0,0,0,0.0,0,0,0,0,0,0,0,0,0,0,0,0,0,0,0,0,0,0,0,0,0,0,0,0,0,0,0,0,0,0,0,0
GeForce 9800M GS,2008-01-01,NB9E-GT(G94),65,0,0,PCIe 2.0 x16,0,0,64:32:16,0,0,0,0,512,51.2,GDDR3,256,0,10.0,3.3,0,0,0,8.48,16.96,0,60,0,0,0,0,0,0,0,0,0,0,0,0,0,0,0,0,0,0,0,0,0.0,0,0.0,0,0,0,0,0,0,0,0.0,0,0,0,0.0,0,0,0,0.0,0.0,0,0,0,0,0.0,0,0.0,0.0,0,530,1325,1600,254,Down Clocked 9800M GTS Via Firmware,0,0,0,0,0,0,0,0,0.0,0.0,0.0,0.0,0.0,0.0,0,0,0,0.0,0.0,0,0,0,0,0,0,0,0,0,0,0,0,0,0,0,0,0,0.0,0,0,0,0,0,0,0,0,0,0,0,0,0,0,0,0,0,0,0,0,0,0,0,0,0,0,0,0,0,0,0,0
GeForce 9800M GTS,2008-07-29,NB9E-GT(G94),65/55,0,0,PCIe 2.0 x16,0,0,64:32:16,0,0,0,0,512 / 1024,51.2,GDDR3,256,0,10.0,3.3,0,0,0,9.6,19.2,0,75,0,0,0,0,0,0,0,0,0,0,0,0,0,0,0,0,0,0,0,0,0.0,0,0.0,0,0,0,0,0,0,0,0.0,0,0,0,0.0,0,0,0,0.0,0.0,0,0,0,0,0.0,0,0.0,0.0,0,600,1500,1600,288,0,0,0,0,0,0,0,0,0,0.0,0.0,0.0,0.0,0.0,0.0,0,0,0,0.0,0.0,0,0,0,0,0,0,0,0,0,0,0,0,0,0,0,0,0,0.0,0,0,0,0,0,0,0,0,0,0,0,0,0,0,0,0,0,0,0,0,0,0,0,0,0,0,0,0,0,0,0,0
GeForce 9800M GT,2008-07-29,NB9E-GT2(G92),65/55,0,0,PCIe 2.0 x16,0,0,96:48:16,0,0,0,0,512,51.2,GDDR3,256,0,10.0,3.3,0,0,0,8,24,0,65,0,0,0,0,0,0,0,0,0,0,0,0,0,0,0,0,0,0,0,0,0.0,0,0.0,0,0,0,0,0,0,0,0.0,0,0,0,0.0,0,0,0,0.0,0.0,0,0,0,0,0.0,0,0.0,0.0,0,500,1250,1600,360,Rebranded 8800M GTX,0,0,0,0,0,0,0,0,0.0,0.0,0.0,0.0,0.0,0.0,0,0,0,0.0,0.0,0,0,0,0,0,0,0,0,0,0,0,0,0,0,0,0,0,0.0,0,0,0,0,0,0,0,0,0,0,0,0,0,0,0,0,0,0,0,0,0,0,0,0,0,0,0,0,0,0,0,0
GeForce 9800M GTX,2008-07-29,NB9E-GTX(G92),65,0,0,PCIe 2.0 x16,0,0,112:56:16,0,0,0,0,1024,51.2,GDDR3,256,0,10.0,3.3,0,0,0,8,28,0,75,0,0,0,0,0,0,0,0,0,0,0,0,0,0,0,0,0,0,0,0,0.0,0,0.0,0,0,0,0,0,0,0,0.0,0,0,0,0.0,0,0,0,0.0,0.0,0,0,0,0,0.0,0,0.0,0.0,0,500,1250,1600,420,0,0,0,0,0,0,0,0,0,0.0,0.0,0.0,0.0,0.0,0.0,0,0,0,0.0,0.0,0,0,0,0,0,0,0,0,0,0,0,0,0,0,0,0,0,0.0,0,0,0,0,0,0,0,0,0,0,0,0,0,0,0,0,0,0,0,0,0,0,0,0,0,0,0,0,0,0,0,0
GeForce G 102M,2009-01-08,MCP79XT,65,0,0,Integrated(PCIe 1.0 x16),0,0,16:8:4,0,0,0,0,Up to 512 from system memory,6.4,DDR2,64,0,10.0,3.3,0,0,0,1.8,3.6,0,14,0,0,0,0,0,0,0,0,0,0,0,0,0,0,0,0,0,0,0,0,0.0,0,0.0,0,0,0,0,0,0,0,0.0,0,0,0,0.0,0,0,0,0.0,0.0,0,0,0,0,0.0,0,0.0,0.0,0,450?,1000,800(system memory),48,"PureVideo HD, CUDA, Hybrid SLI, based on GeForce 9400M G",0,0,0,0,0,0,0,0,0.0,0.0,0.0,0.0,0.0,0.0,0,0,0,0.0,0.0,0,0,0,0,0,0,0,0,0,0,0,0,0,0,0,0,0,0.0,0,0,0,0,0,0,0,0,0,0,0,0,0,0,0,0,0,0,0,0,0,0,0,0,0,0,0,0,0,0,0,0
GeForce G 103M,2009-01-01,N10M-GE2(G98),65,0,0,PCIe 2.0 x16,0,0,8:8:4,0,0,0,0,512,8.0,DDR2,64,0,10.0,3.3,0,0,0,2.56,5.12,0,14,0,0,0,0,0,0,0,0,0,0,0,0,0,0,0,0,0,0,0,0,0.0,0,0.0,0,0,0,0,0,0,0,0.0,0,0,0,0.0,0,0,0,0.0,0.0,0,0,0,0,0.0,0,0.0,0.0,0,640,1600,1000,38,"PureVideo HD, CUDA, Hybrid SLI, comparable to the GeForce 9300M GS",0,0,0,0,0,0,0,0,0.0,0.0,0.0,0.0,0.0,0.0,0,0,0,0.0,0.0,0,0,0,0,0,0,0,0,0,0,0,0,0,0,0,0,0,0.0,0,0,0,0,0,0,0,0,0,0,0,0,0,0,0,0,0,0,0,0,0,0,0,0,0,0,0,0,0,0,0,0
GeForce G 105M,2009-01-08,N10M-GE1(G98),65,0,0,PCIe 2.0 x16,0,0,8:8:4,0,0,0,0,0,811.0,GDDR2GDDR3,64,0,10.0,3.3,0,0,0,2.56,5.12,0,14,0,0,0,0,0,0,0,0,0,0,0,0,0,0,0,0,0,0,0,0,0.0,0,0.0,0,0,0,0,0,0,0,0.0,0,0,0,0.0,0,0,0,0.0,0.0,0,0,0,0,0.0,0,0.0,0.0,0,640,1600,10001400,38,"PureVideo HD, CUDA, Hybrid SLI, comparable to the GeForce 9300M GS",0,0,0,0,0,0,0,0,0.0,0.0,0.0,0.0,0.0,0.0,0,0,0,0.0,0.0,0,0,0,0,0,0,0,0,0,0,0,0,0,0,0,0,0,0.0,0,0,0,0,0,0,0,0,0,0,0,0,0,0,0,0,0,0,0,0,0,0,0,0,0,0,0,0,0,0,0,0
GeForce G 110M,2009-01-08,N10M-GE1(G96b),55,0,0,PCIe 2.0 x16,0,0,16:8:4,0,0,0,0,1024,811.0,DDR2GDDR3,64,0,10.0,3.3,0,0,0,1.6,3.2,0,14,0,0,0,0,0,0,0,0,0,0,0,0,0,0,0,0,0,0,0,0,0.0,0,0.0,0,0,0,0,0,0,0,0.0,0,0,0,0.0,0,0,0,0.0,0.0,0,0,0,0,0.0,0,0.0,0.0,0,400,1000,10001400,48,"PureVideo HD, CUDA, Hybrid SLI",0,0,0,0,0,0,0,0,0.0,0.0,0.0,0.0,0.0,0.0,0,0,0,0.0,0.0,0,0,0,0,0,0,0,0,0,0,0,0,0,0,0,0,0,0.0,0,0,0,0,0,0,0,0,0,0,0,0,0,0,0,0,0,0,0,0,0,0,0,0,0,0,0,0,0,0,0,0
GeForce GT 120M,2009-02-11,N10P-GV1(G96b),55,0,0,PCIe 2.0 x16,0,0,32:16:8,0,0,0,0,1024,16.0,DDR2,128,0,10.0,3.3,0,0,0,4.0,8.0,0,23,0,0,0,0,0,0,0,0,0,0,0,0,0,0,0,0,0,0,0,0,0.0,0,0.0,0,0,0,0,0,0,0,0.0,0,0,0,0.0,0,0,0,0.0,0.0,0,0,0,0,0.0,0,0.0,0.0,0,500,1250,1000,110,"PureVideo HD, CUDA, Hybrid SLI, Comparable to the 9500M GT and 9600M GT DDR2 (500/1250/400)",0,0,0,0,0,0,0,0,0.0,0.0,0.0,0.0,0.0,0.0,0,0,0,0.0,0.0,0,0,0,0,0,0,0,0,0,0,0,0,0,0,0,0,0,0.0,0,0,0,0,0,0,0,0,0,0,0,0,0,0,0,0,0,0,0,0,0,0,0,0,0,0,0,0,0,0,0,0
GeForce GT 130M,2009-01-08,N10P-GE1(G96b),55,0,0,PCIe 2.0 x16,0,0,32:16:8,0,0,0,0,1024,1625.6,DDR2GDDR3,128,0,10.0,3.3,0,0,0,4.8,9.6,0,23,0,0,0,0,0,0,0,0,0,0,0,0,0,0,0,0,0,0,0,0,0.0,0,0.0,0,0,0,0,0,0,0,0.0,0,0,0,0.0,0,0,0,0.0,0.0,0,0,0,0,0.0,0,0.0,0.0,0,600,1500,10001600,144,"PureVideo HD, CUDA, Hybrid SLI, comparable to the 9650M GT",0,0,0,0,0,0,0,0,0.0,0.0,0.0,0.0,0.0,0.0,0,0,0,0.0,0.0,0,0,0,0,0,0,0,0,0,0,0,0,0,0,0,0,0,0.0,0,0,0,0,0,0,0,0,0,0,0,0,0,0,0,0,0,0,0,0,0,0,0,0,0,0,0,0,0,0,0,0
GeForce GTS 150M,2009-03-03,N10E-GE1(G94b),55,0,0,PCIe 2.0 x16,0,0,64:32:16,0,0,0,0,1024,51.2,GDDR3,256,0,10.0,3.3,0,0,0,6.4,12.8,0,Un­known,0,0,0,0,0,0,0,0,0,0,0,0,0,0,0,0,0,0,0,0,0.0,0,0.0,0,0,0,0,0,0,0,0.0,0,0,0,0.0,0,0,0,0.0,0.0,0,0,0,0,0.0,0,0.0,0.0,0,400,1000,1600,192,"PureVideo HD, CUDA, Hybrid SLI",0,0,0,0,0,0,0,0,0.0,0.0,0.0,0.0,0.0,0.0,0,0,0,0.0,0.0,0,0,0,0,0,0,0,0,0,0,0,0,0,0,0,0,0,0.0,0,0,0,0,0,0,0,0,0,0,0,0,0,0,0,0,0,0,0,0,0,0,0,0,0,0,0,0,0,0,0,0
GeForce GTS 160M,2009-03-03,N10E-GS1(G94b),55,0,0,PCIe 2.0 x16,0,0,64:32:16,0,0,0,0,1024,51.2,GDDR3,256,0,10.0,3.3,0,0,0,9.6,19.2,0,60,0,0,0,0,0,0,0,0,0,0,0,0,0,0,0,0,0,0,0,0,0.0,0,0.0,0,0,0,0,0,0,0,0.0,0,0,0,0.0,0,0,0,0.0,0.0,0,0,0,0,0.0,0,0.0,0.0,0,600,1500,1600,288,"PureVideo HD, CUDA, Hybrid SLI",0,0,0,0,0,0,0,0,0.0,0.0,0.0,0.0,0.0,0.0,0,0,0,0.0,0.0,0,0,0,0,0,0,0,0,0,0,0,0,0,0,0,0,0,0.0,0,0,0,0,0,0,0,0,0,0,0,0,0,0,0,0,0,0,0,0,0,0,0,0,0,0,0,0,0,0,0,0
GeForce G210M,2009-06-15,GT218,40,0,0,PCIe 2.0 x16,0,0,16:8:4,0,0,0,0,512,12.8,GDDR3,64,0,10.1,3.3,0,0,0,2.5,5.0,0,14,0,0,0,0,0,0,0,0,0,0,0,0,0,0,0,0,0,0,0,0,0.0,0,0.0,0,0,0,0,0,0,0,0.0,0,0,0,0.0,0,0,0,0.0,0.0,0,0,0,0,0.0,0,0.0,0.0,0,625,1500,1600,72,Lower clocked versions of the GT218 core is also known as Nvidia ION 2,0,0,0,0,0,0,0,0,0.0,0.0,0.0,0.0,0.0,0.0,0,0,0,0.0,0.0,0,0,0,0,0,0,0,0,0,0,0,0,0,0,0,0,0,0.0,0,0,0,0,0,0,0,0,0,0,0,0,0,0,0,0,0,0,0,0,0,0,0,0,0,0,0,0,0,0,0,0
GeForce GT 220M,2009-01-01,G96b,55,0,0,PCIe 2.0 x16,0,0,32:16:8,0,0,0,0,1024,1625.6,DDR2GDDR3,128,0,10.1,3.3,0,0,0,4.0,8.0,0,14,0,0,0,0,0,0,0,0,0,0,0,0,0,0,0,0,0,0,0,0,0.0,0,0.0,0,0,0,0,0,0,0,0.0,0,0,0,0.0,0,0,0,0.0,0.0,0,0,0,0,0.0,0,0.0,0.0,0,500,1250,10001600,120,rebranded 9600M GT @55 nm node shrink,0,0,0,0,0,0,0,0,0.0,0.0,0.0,0.0,0.0,0.0,0,0,0,0.0,0.0,0,0,0,0,0,0,0,0,0,0,0,0,0,0,0,0,0,0.0,0,0,0,0,0,0,0,0,0,0,0,0,0,0,0,0,0,0,0,0,0,0,0,0,0,0,0,0,0,0,0,0
GeForce GT 230M,2009-06-15,GT216,40,0,0,PCIe 2.0 x16,0,0,48:16:8,0,0,0,0,1024,25.6,GDDR3,128,0,10.1,3.3,0,0,0,4.0,8.0,0,23,0,0,0,0,0,0,0,0,0,0,0,0,0,0,0,0,0,0,0,0,0.0,0,0.0,0,0,0,0,0,0,0,0.0,0,0,0,0.0,0,0,0,0.0,0.0,0,0,0,0,0.0,0,0.0,0.0,0,500,1100,1600,158,0,0,0,0,0,0,0,0,0,0.0,0.0,0.0,0.0,0.0,0.0,0,0,0,0.0,0.0,0,0,0,0,0,0,0,0,0,0,0,0,0,0,0,0,0,0.0,0,0,0,0,0,0,0,0,0,0,0,0,0,0,0,0,0,0,0,0,0,0,0,0,0,0,0,0,0,0,0,0
GeForce GT 240M,2009-06-15,GT216,40,0,0,PCIe 2.0 x16,0,0,48:16:8,0,0,0,0,1024,25.6,GDDR3,128,0,10.1,3.3,0,0,0,4.4,8.8,0,23,0,0,0,0,0,0,0,0,0,0,0,0,0,0,0,0,0,0,0,0,0.0,0,0.0,0,0,0,0,0,0,0,0.0,0,0,0,0.0,0,0,0,0.0,0.0,0,0,0,0,0.0,0,0.0,0.0,0,550,1210,1600,174,0,0,0,0,0,0,0,0,0,0.0,0.0,0.0,0.0,0.0,0.0,0,0,0,0.0,0.0,0,0,0,0,0,0,0,0,0,0,0,0,0,0,0,0,0,0.0,0,0,0,0,0,0,0,0,0,0,0,0,0,0,0,0,0,0,0,0,0,0,0,0,0,0,0,0,0,0,0,0
GeForce GTS 250M,2009-06-15,GT215,40,0,0,PCIe 2.0 x16,0,0,96:32:8,0,0,0,0,1024,51.2,GDDR5,128,0,10.1,3.3,0,0,0,4.0,16.0,0,28,0,0,0,0,0,0,0,0,0,0,0,0,0,0,0,0,0,0,0,0,0.0,0,0.0,0,0,0,0,0,0,0,0.0,0,0,0,0.0,0,0,0,0.0,0.0,0,0,0,0,0.0,0,0.0,0.0,0,500,1250,3200,360,0,0,0,0,0,0,0,0,0,0.0,0.0,0.0,0.0,0.0,0.0,0,0,0,0.0,0.0,0,0,0,0,0,0,0,0,0,0,0,0,0,0,0,0,0,0.0,0,0,0,0,0,0,0,0,0,0,0,0,0,0,0,0,0,0,0,0,0,0,0,0,0,0,0,0,0,0,0,0
GeForce GTS 260M,2009-06-15,GT215,40,0,0,PCIe 2.0 x16,0,0,96:32:8,0,0,0,0,1024,57.6,GDDR5,128,0,10.1,3.3,0,0,0,4.4,17.6,0,38,0,0,0,0,0,0,0,0,0,0,0,0,0,0,0,0,0,0,0,0,0.0,0,0.0,0,0,0,0,0,0,0,0.0,0,0,0,0.0,0,0,0,0.0,0.0,0,0,0,0,0.0,0,0.0,0.0,0,550,1375,3600,396,0,0,0,0,0,0,0,0,0,0.0,0.0,0.0,0.0,0.0,0.0,0,0,0,0.0,0.0,0,0,0,0,0,0,0,0,0,0,0,0,0,0,0,0,0,0.0,0,0,0,0,0,0,0,0,0,0,0,0,0,0,0,0,0,0,0,0,0,0,0,0,0,0,0,0,0,0,0,0
GeForce GTX 260M,2009-03-03,G92b,55,0,0,PCIe 2.0 x16,0,0,112:56:16,0,0,0,0,1024,60.8,GDDR3,256,0,10.1,3.3,0,0,0,8.8,30.8,0,65,0,0,0,0,0,0,0,0,0,0,0,0,0,0,0,0,0,0,0,0,0.0,0,0.0,0,0,0,0,0,0,0,0.0,0,0,0,0.0,0,0,0,0.0,0.0,0,0,0,0,0.0,0,0.0,0.0,0,550,1375,1900,462,0,0,0,0,0,0,0,0,0,0.0,0.0,0.0,0.0,0.0,0.0,0,0,0,0.0,0.0,0,0,0,0,0,0,0,0,0,0,0,0,0,0,0,0,0,0.0,0,0,0,0,0,0,0,0,0,0,0,0,0,0,0,0,0,0,0,0,0,0,0,0,0,0,0,0,0,0,0,0
GeForce GTX 280M,2009-03-03,G92b,55,0,0,PCIe 2.0 x16,0,0,128:64:16,0,0,0,0,1024,60.8,GDDR3,256,0,10.1,3.3,0,0,0,9.36,37.44,0,75,0,0,0,0,0,0,0,0,0,0,0,0,0,0,0,0,0,0,0,0,0.0,0,0.0,0,0,0,0,0,0,0,0.0,0,0,0,0.0,0,0,0,0.0,0.0,0,0,0,0,0.0,0,0.0,0.0,0,585,1463,1900,562,0,0,0,0,0,0,0,0,0,0.0,0.0,0.0,0.0,0.0,0.0,0,0,0,0.0,0.0,0,0,0,0,0,0,0,0,0,0,0,0,0,0,0,0,0,0.0,0,0,0,0,0,0,0,0,0,0,0,0,0,0,0,0,0,0,0,0,0,0,0,0,0,0,0,0,0,0,0,0
GeForce GTX 285M,2010-02-01,G92b,55,0,0,PCIe 2.0 x16,0,0,128:64:16,0,0,0,0,1024,64.0,GDDR3,256,0,10.1,3.3,0,0,0,9.6,38.4,0,75,0,0,0,0,0,0,0,0,0,0,0,0,0,0,0,0,0,0,0,0,0.0,0,0.0,0,0,0,0,0,0,0,0.0,0,0,0,0.0,0,0,0,0.0,0.0,0,0,0,0,0.0,0,0.0,0.0,0,600,1500,2000,576,Higher Clocked Version of GTX280M with new memory,0,0,0,0,0,0,0,0,0.0,0.0,0.0,0.0,0.0,0.0,0,0,0,0.0,0.0,0,0,0,0,0,0,0,0,0,0,0,0,0,0,0,0,0,0.0,0,0,0,0,0,0,0,0,0,0,0,0,0,0,0,0,0,0,0,0,0,0,0,0,0,0,0,0,0,0,0,0
GeForce 305M,2010-01-10,GT218,40,0,0,PCIe 2.0 x16,0,0,16:8:4,0,0,0,0,512,11.2,DDR3GDDR3,64,0,10.1,3.3,0,0,0,2.1,4.2,0,14,0,0,0,0,0,0,0,0,0,0,0,0,0,0,0,0,0,0,0,0,0.0,0,0.0,0,0,0,0,0,0,0,0.0,0,0,0,0.0,0,0,0,0.0,0.0,0,0,0,0,0.0,0,0.0,0.0,0,525,1150,1400,55.0,0,0,0,0,0,0,0,0,0,0.0,0.0,0.0,0.0,0.0,0.0,0,0,0,0.0,0.0,0,0,0,0,0,0,0,0,0,0,0,0,0,0,0,0,0,0.0,0,0,0,0,0,0,0,0,0,0,0,0,0,0,0,0,0,0,0,0,0,0,0,0,0,0,0,0,0,0,0,0
GeForce 310M,2010-01-10,GT218,40,0,0,PCIe 2.0 x16,0,0,16:8:4,0,0,0,0,512,12.8,DDR3GDDR3,64,0,10.1,3.3,0,0,0,2.5,5.0,0,14,0,0,0,0,0,0,0,0,0,0,0,0,0,0,0,0,0,0,0,0,0.0,0,0.0,0,0,0,0,0,0,0,0.0,0,0,0,0.0,0,0,0,0.0,0.0,0,0,0,0,0.0,0,0.0,0.0,0,625,1530,1600,73.0,0,0,0,0,0,0,0,0,0,0.0,0.0,0.0,0.0,0.0,0.0,0,0,0,0.0,0.0,0,0,0,0,0,0,0,0,0,0,0,0,0,0,0,0,0,0.0,0,0,0,0,0,0,0,0,0,0,0,0,0,0,0,0,0,0,0,0,0,0,0,0,0,0,0,0,0,0,0,0
GeForce 315M,2011-01-05,GT218,40,0,0,PCIe 2.0 x16,0,0,16:8:4,0,0,0,0,512,12.8,DDR3GDDR3,64,0,10.1,3.3,0,0,0,2.42,4.85,0,14,0,0,0,0,0,0,0,0,0,0,0,0,0,0,0,0,0,0,0,0,0.0,0,0.0,0,0,0,0,0,0,0,0.0,0,0,0,0.0,0,0,0,0.0,0.0,0,0,0,0,0.0,0,0.0,0.0,0,606,1212,1600,58.18,0,0,0,0,0,0,0,0,0,0.0,0.0,0.0,0.0,0.0,0.0,0,0,0,0.0,0.0,0,0,0,0,0,0,0,0,0,0,0,0,0,0,0,0,0,0.0,0,0,0,0,0,0,0,0,0,0,0,0,0,0,0,0,0,0,0,0,0,0,0,0,0,0,0,0,0,0,0,0
GeForce 320M,2010-04-01,MCP89,40,0,0,PCIe 2.0 x16,0,0,48:16:8,0,0,0,0,256 (shared w/ system memory),17.056,DDR3,128,0,10.1,3.3,0,0,0,3.6,7.2,0,20,0,0,0,0,0,0,0,0,0,0,0,0,0,0,0,0,0,0,0,0,0.0,0,0.0,0,0,0,0,0,0,0,0.0,0,0,0,0.0,0,0,0,0.0,0.0,0,0,0,0,0.0,0,0.0,0.0,0,450,950,1066,136.8,0,0,0,0,0,0,0,0,0,0.0,0.0,0.0,0.0,0.0,0.0,0,0,0,0.0,0.0,0,0,0,0,0,0,0,0,0,0,0,0,0,0,0,0,0,0.0,0,0,0,0,0,0,0,0,0,0,0,0,0,0,0,0,0,0,0,0,0,0,0,0,0,0,0,0,0,0,0,0
GeForce GT 320M,2010-01-21,GT216,40,0,0,PCIe 2.0 x16,0,0,24:8:8,0,0,0,0,1024,25.3,DDR3GDDR3,128,0,10.1,3.3,0,0,0,4.0,4.0,0,14,0,0,0,0,0,0,0,0,0,0,0,0,0,0,0,0,0,0,0,0,0.0,0,0.0,0,0,0,0,0,0,0,0.0,0,0,0,0.0,0,0,0,0.0,0.0,0,0,0,0,0.0,0,0.0,0.0,0,500,1100,1580,90.0,0,0,0,0,0,0,0,0,0,0.0,0.0,0.0,0.0,0.0,0.0,0,0,0,0.0,0.0,0,0,0,0,0,0,0,0,0,0,0,0,0,0,0,0,0,0.0,0,0,0,0,0,0,0,0,0,0,0,0,0,0,0,0,0,0,0,0,0,0,0,0,0,0,0,0,0,0,0,0
GeForce GT 325M,2010-01-10,GT216,40,0,0,PCIe 2.0 x16,0,0,48:16:8,0,0,0,0,1024,25.6,DDR3GDDR3,128,0,10.1,3.3,0,0,0,3.6,7.2,0,23,0,0,0,0,0,0,0,0,0,0,0,0,0,0,0,0,0,0,0,0,0.0,0,0.0,0,0,0,0,0,0,0,0.0,0,0,0,0.0,0,0,0,0.0,0.0,0,0,0,0,0.0,0,0.0,0.0,0,450,990,1600,142.0,0,0,0,0,0,0,0,0,0,0.0,0.0,0.0,0.0,0.0,0.0,0,0,0,0.0,0.0,0,0,0,0,0,0,0,0,0,0,0,0,0,0,0,0,0,0.0,0,0,0,0,0,0,0,0,0,0,0,0,0,0,0,0,0,0,0,0,0,0,0,0,0,0,0,0,0,0,0,0
GeForce GT 330M,2010-01-10,GT216,40,0,0,PCIe 2.0 x16,0,0,48:16:8,0,0,0,0,1024,25.6,DDR3GDDR3,128,0,10.1,3.3,0,0,0,4.6,9.2,0,23,0,0,0,0,0,0,0,0,0,0,0,0,0,0,0,0,0,0,0,0,0.0,0,0.0,0,0,0,0,0,0,0,0.0,0,0,0,0.0,0,0,0,0.0,0.0,0,0,0,0,0.0,0,0.0,0.0,0,575,1265,1600,182.0,0,0,0,0,0,0,0,0,0,0.0,0.0,0.0,0.0,0.0,0.0,0,0,0,0.0,0.0,0,0,0,0,0,0,0,0,0,0,0,0,0,0,0,0,0,0.0,0,0,0,0,0,0,0,0,0,0,0,0,0,0,0,0,0,0,0,0,0,0,0,0,0,0,0,0,0,0,0,0
GeForce GT 335M,2010-01-07,GT215,40,0,0,PCIe 2.0 x16,0,0,72:24:8,0,0,0,0,1024,25.6,DDR3GDDR3,128,0,10.1,3.3,0,0,0,3.6,10.8,0,28?,0,0,0,0,0,0,0,0,0,0,0,0,0,0,0,0,0,0,0,0,0.0,0,0.0,0,0,0,0,0,0,0,0.0,0,0,0,0.0,0,0,0,0.0,0.0,0,0,0,0,0.0,0,0.0,0.0,0,450,1080,1600,233.0,0,0,0,0,0,0,0,0,0,0.0,0.0,0.0,0.0,0.0,0.0,0,0,0,0.0,0.0,0,0,0,0,0,0,0,0,0,0,0,0,0,0,0,0,0,0.0,0,0,0,0,0,0,0,0,0,0,0,0,0,0,0,0,0,0,0,0,0,0,0,0,0,0,0,0,0,0,0,0
GeForce GTS 350M,2010-01-07,GT215,40,0,0,PCIe 2.0 x16,0,0,96:32:8,0,0,0,0,1024,51.2,DDR3GDDR3GDDR5,128,0,10.1,3.3,0,0,0,4.0,16.0,0,28,0,0,0,0,0,0,0,0,0,0,0,0,0,0,0,0,0,0,0,0,0.0,0,0.0,0,0,0,0,0,0,0,0.0,0,0,0,0.0,0,0,0,0.0,0.0,0,0,0,0,0.0,0,0.0,0.0,0,500,1249,3200,360.0,0,0,0,0,0,0,0,0,0,0.0,0.0,0.0,0.0,0.0,0.0,0,0,0,0.0,0.0,0,0,0,0,0,0,0,0,0,0,0,0,0,0,0,0,0,0.0,0,0,0,0,0,0,0,0,0,0,0,0,0,0,0,0,0,0,0,0,0,0,0,0,0,0,0,0,0,0,0,0
GeForce GTS 360M,2010-01-07,GT215,40,0,0,PCIe 2.0 x16,0,0,96:32:8,0,0,0,0,1024,57.6,DDR3GDDR3GDDR5,128,0,10.1,3.3,0,0,0,4.4,17.6,0,38,0,0,0,0,0,0,0,0,0,0,0,0,0,0,0,0,0,0,0,0,0.0,0,0.0,0,0,0,0,0,0,0,0.0,0,0,0,0.0,0,0,0,0.0,0.0,0,0,0,0,0.0,0,0.0,0.0,0,500,1436,3600,413.0,0,0,0,0,0,0,0,0,0,0.0,0.0,0.0,0.0,0.0,0.0,0,0,0,0.0,0.0,0,0,0,0,0,0,0,0,0,0,0,0,0,0,0,0,0,0.0,0,0,0,0,0,0,0,0,0,0,0,0,0,0,0,0,0,0,0,0,0,0,0,0,0,0,0,0,0,0,0,0
GeForce 410M,2011-01-05,GF119,40,0,0,PCIe 2.0 x16,0,0,48:83:4,0,0,0,0,512 and 1024,12.8,DDR3,64,0,12,4.5,0,0,0,2.3,4.6,0,12,0,0,0,0,0,0,0,0,0,0,0,0,0,0,0,0,0,0,0,0,0.0,0,0.0,0,0,0,0,0,0,0,0.0,0,0,0,0.0,0,0,0,0.0,0.0,0,0,0,0,0.0,0,0.0,0.0,0,575,1150,1600,110.4,Similar to Desktop GT420 OEM,0,0,0,0,0,0,0,0,0.0,0.0,0.0,0.0,0.0,0.0,0,0,0,0.0,0.0,0,0,0,0,0,0,0,0,0,0,0,0,0,0,0,0,0,0.0,0,0,0,0,0,0,0,0,0,0,0,0,0,0,0,0,0,0,0,0,0,0,0,0,0,0,0,0,0,0,0,0
GeForce GT 415M,2010-09-03,GF108,40,0,0,PCIe 2.0 x16,0,0,48:83:4,0,0,0,0,512 and 1024,25.6,DDR3,128,0,12,4.5,0,0,0,2,4.0,0,<12(GPU only),0,0,0,0,0,0,0,0,0,0,0,0,0,0,0,0,0,0,0,0,0.0,0,0.0,0,0,0,0,0,0,0,0.0,0,0,0,0.0,0,0,0,0.0,0.0,0,0,0,0,0.0,0,0.0,0.0,0,500,1000,1600,96.0,Similar to Desktop GT420 OEM,0,0,0,0,0,0,0,0,0.0,0.0,0.0,0.0,0.0,0.0,0,0,0,0.0,0.0,0,0,0,0,0,0,0,0,0,0,0,0,0,0,0,0,0,0.0,0,0,0,0,0,0,0,0,0,0,0,0,0,0,0,0,0,0,0,0,0,0,0,0,0,0,0,0,0,0,0,0
GeForce GT 420M,2010-09-03,GF108,40,0,0,PCIe 2.0 x16,0,0,96:163:4,0,0,0,0,512 and 1024,25.6,DDR3,128,0,12,4.5,0,0,0,2,8.0,0,10–23(GPU only),0,0,0,0,0,0,0,0,0,0,0,0,0,0,0,0,0,0,0,0,0.0,0,0.0,0,0,0,0,0,0,0,0.0,0,0,0,0.0,0,0,0,0.0,0.0,0,0,0,0,0.0,0,0.0,0.0,0,500,1000,1600,192.0,Similar to Desktop GT430,0,0,0,0,0,0,0,0,0.0,0.0,0.0,0.0,0.0,0.0,0,0,0,0.0,0.0,0,0,0,0,0,0,0,0,0,0,0,0,0,0,0,0,0,0.0,0,0,0,0,0,0,0,0,0,0,0,0,0,0,0,0,0,0,0,0,0,0,0,0,0,0,0,0,0,0,0,0
GeForce GT 425M,2010-09-03,GF108,40,0,0,PCIe 2.0 x16,0,0,96:163:4,0,0,0,0,1024,25.6,DDR3,128,0,12,4.5,0,0,0,2.24,8.96,0,20–23(GPU only),0,0,0,0,0,0,0,0,0,0,0,0,0,0,0,0,0,0,0,0,0.0,0,0.0,0,0,0,0,0,0,0,0.0,0,0,0,0.0,0,0,0,0.0,0.0,0,0,0,0,0.0,0,0.0,0.0,0,560,1120,1600,215.04,Similar to Desktop GT430,0,0,0,0,0,0,0,0,0.0,0.0,0.0,0.0,0.0,0.0,0,0,0,0.0,0.0,0,0,0,0,0,0,0,0,0,0,0,0,0,0,0,0,0,0.0,0,0,0,0,0,0,0,0,0,0,0,0,0,0,0,0,0,0,0,0,0,0,0,0,0,0,0,0,0,0,0,0
GeForce GT 435M,2010-09-03,GF108,40,0,0,PCIe 2.0 x16,0,0,96:163:4,0,0,0,0,2048,25.6,DDR3,128,0,12,4.5,0,0,0,2.6,10.4,0,32–35(GPU only),0,0,0,0,0,0,0,0,0,0,0,0,0,0,0,0,0,0,0,0,0.0,0,0.0,0,0,0,0,0,0,0,0.0,0,0,0,0.0,0,0,0,0.0,0.0,0,0,0,0,0.0,0,0.0,0.0,0,650,1300,1600,249.6,Similar to Desktop GT430/440,0,0,0,0,0,0,0,0,0.0,0.0,0.0,0.0,0.0,0.0,0,0,0,0.0,0.0,0,0,0,0,0,0,0,0,0,0,0,0,0,0,0,0,0,0.0,0,0,0,0,0,0,0,0,0,0,0,0,0,0,0,0,0,0,0,0,0,0,0,0,0,0,0,0,0,0,0,0
GeForce GT 445M,2010-09-03,GF106,40,0,0,PCIe 2.0 x16,0,0,144:243:16144:243:24,0,0,0,0,10241536,25.66,DDR3GDDR5,128192,0,12,4.5,0,0,0,9.4414.16,14.16,0,30–35(GPU only),0,0,0,0,0,0,0,0,0,0,0,0,0,0,0,0,0,0,0,0,0.0,0,0.0,0,0,0,0,0,0,0,0.0,0,0,0,0.0,0,0,0,0.0,0.0,0,0,0,0,0.0,0,0.0,0.0,0,590,1180,16002500,339.84,Similar to Desktop GTS450 OEM),0,0,0,0,0,0,0,0,0.0,0.0,0.0,0.0,0.0,0.0,0,0,0,0.0,0.0,0,0,0,0,0,0,0,0,0,0,0,0,0,0,0,0,0,0.0,0,0,0,0,0,0,0,0,0,0,0,0,0,0,0,0,0,0,0,0,0,0,0,0,0,0,0,0,0,0,0,0
GeForce GTX 460M,2010-09-03,GF106,40,0,0,PCIe 2.0 x16,0,0,192:323:24,0,0,0,0,1536,60.0,GDDR5,192,0,12,4.5,0,0,0,16.2,21.6,0,45–50(GPU only),0,0,0,0,0,0,0,0,0,0,0,0,0,0,0,0,0,0,0,0,0.0,0,0.0,0,0,0,0,0,0,0,0.0,0,0,0,0.0,0,0,0,0.0,0.0,0,0,0,0,0.0,0,0.0,0.0,0,675,1350,2500,518.4,Similar to Desktop GTX550 Ti,0,0,0,0,0,0,0,0,0.0,0.0,0.0,0.0,0.0,0.0,0,0,0,0.0,0.0,0,0,0,0,0,0,0,0,0,0,0,0,0,0,0,0,0,0.0,0,0,0,0,0,0,0,0,0,0,0,0,0,0,0,0,0,0,0,0,0,0,0,0,0,0,0,0,0,0,0,0
GeForce GTX 470M,2010-09-03,GF104,40,0,0,PCIe 2.0 x16,0,0,288:483:24,0,0,0,0,1536,60.0,GDDR5,192,0,12,4.5,0,0,0,13.2,26.4,0,45–50(GPU only),0,0,0,0,0,0,0,0,0,0,0,0,0,0,0,0,0,0,0,0,0.0,0,0.0,0,0,0,0,0,0,0,0.0,0,0,0,0.0,0,0,0,0.0,0.0,0,0,0,0,0.0,0,0.0,0.0,0,550,1100,2500,633.6,Similar to Desktop GTX 460/560SE,0,0,0,0,0,0,0,0,0.0,0.0,0.0,0.0,0.0,0.0,0,0,0,0.0,0.0,0,0,0,0,0,0,0,0,0,0,0,0,0,0,0,0,0,0.0,0,0,0,0,0,0,0,0,0,0,0,0,0,0,0,0,0,0,0,0,0,0,0,0,0,0,0,0,0,0,0,0
GeForce GTX 480M,2010-05-25,GF100,40,0,0,PCIe 2.0 x16,0,0,352:443:32,0,0,0,0,2048,76.8,GDDR5,256,0,12,4.5,0,0,0,13.6,18.7,0,100(MXM module),0,0,0,0,0,0,0,0,0,0,0,0,0,0,0,0,0,0,0,0,0.0,0,0.0,0,0,0,0,0,0,0,0.0,0,0,0,0.0,0,0,0,0.0,0.0,0,0,0,0,0.0,0,0.0,0.0,0,425,850,2400,598.4,Similar to Desktop GTX465,0,0,0,0,0,0,0,0,0.0,0.0,0.0,0.0,0.0,0.0,0,0,0,0.0,0.0,0,0,0,0,0,0,0,0,0,0,0,0,0,0,0,0,0,0.0,0,0,Fermi,0,0,0,0,0.0,0,0,0,0.0,0,0,0.0,0,0,1030.4,515.2,0,0,0,0,1× GF100,0,448,1150,—,No,2.0,0,GF100
GeForce GTX 480M,2010-05-25,GF100,40,0,0,PCIe 2.0 x16,0,0,352:443:32,0,0,0,0,2048,76.8,GDDR5,256,0,12,4.5,0,0,0,13.6,18.7,0,100(MXM module),0,0,0,0,0,0,0,0,0,0,0,0,0,0,0,0,0,0,0,0,0.0,0,0.0,0,0,0,0,0,0,0,0.0,0,0,0,0.0,0,0,0,0.0,0.0,0,0,0,0,0.0,0,0.0,0.0,0,425,850,2400,598.4,Similar to Desktop GTX465,0,0,0,0,0,0,0,0,0.0,0.0,0.0,0.0,0.0,0.0,0,0,0,0.0,0.0,0,0,0,0,0,0,0,0,0,0,0,0,0,0,0,0,0,0.0,0,0,Fermi,0,0,0,0,0.0,0,0,0,0.0,0,0,0.0,0,0,1030.4,515.2,0,0,0,0,1× GF100,0,448,1150,—,No,2.0,0,GF100
GeForce GTX 480M,2010-05-25,GF100,40,0,0,PCIe 2.0 x16,0,0,352:443:32,0,0,0,0,2048,76.8,GDDR5,256,0,12,4.5,0,0,0,13.6,18.7,0,100(MXM module),0,0,0,0,0,0,0,0,0,0,0,0,0,0,0,0,0,0,0,0,0.0,0,0.0,0,0,0,0,0,0,0,0.0,0,0,0,0.0,0,0,0,0.0,0.0,0,0,0,0,0.0,0,0.0,0.0,0,425,850,2400,598.4,Similar to Desktop GTX465,0,0,0,0,0,0,0,0,0.0,0.0,0.0,0.0,0.0,0.0,0,0,0,0.0,0.0,0,0,0,0,0,0,0,0,0,0,0,0,0,0,0,0,0,0.0,0,0,Fermi,0,0,0,0,0.0,0,0,0,0.0,0,0,0.0,0,0,1030.4,515.2,0,0,0,0,1× GF100,0,448,1150,—,No,2.0,0,GF100
GeForce GTX 480M,2010-05-25,GF100,40,0,0,PCIe 2.0 x16,0,0,352:443:32,0,0,0,0,2048,76.8,GDDR5,256,0,12,4.5,0,0,0,13.6,18.7,0,100(MXM module),0,0,0,0,0,0,0,0,0,0,0,0,0,0,0,0,0,0,0,0,0.0,0,0.0,0,0,0,0,0,0,0,0.0,0,0,0,0.0,0,0,0,0.0,0.0,0,0,0,0,0.0,0,0.0,0.0,0,425,850,2400,598.4,Similar to Desktop GTX465,0,0,0,0,0,0,0,0,0.0,0.0,0.0,0.0,0.0,0.0,0,0,0,0.0,0.0,0,0,0,0,0,0,0,0,0,0,0,0,0,0,0,0,0,0.0,0,0,Fermi,0,0,0,0,0.0,0,0,0,0.0,0,0,0.0,0,0,1030.4,515.2,0,0,0,0,1× GF100,0,448,1150,—,No,2.0,0,GF100
GeForce GTX 480M,2010-05-25,GF100,40,0,0,PCIe 2.0 x16,0,0,352:443:32,0,0,0,0,2048,76.8,GDDR5,256,0,12,4.5,0,0,0,13.6,18.7,0,100(MXM module),0,0,0,0,0,0,0,0,0,0,0,0,0,0,0,0,0,0,0,0,0.0,0,0.0,0,0,0,0,0,0,0,0.0,0,0,0,0.0,0,0,0,0.0,0.0,0,0,0,0,0.0,0,0.0,0.0,0,425,850,2400,598.4,Similar to Desktop GTX465,0,0,0,0,0,0,0,0,0.0,0.0,0.0,0.0,0.0,0.0,0,0,0,0.0,0.0,0,0,0,0,0,0,0,0,0,0,0,0,0,0,0,0,0,0.0,0,0,Fermi,0,0,0,0,0.0,0,0,0,0.0,0,0,0.0,0,0,1030.4,515.2,0,0,0,0,1× GF100,0,448,1150,—,No,2.0,0,GF100
GeForce GTX 480M,2010-05-25,GF100,40,0,0,PCIe 2.0 x16,0,0,352:443:32,0,0,0,0,2048,76.8,GDDR5,256,0,12,4.5,0,0,0,13.6,18.7,0,100(MXM module),0,0,0,0,0,0,0,0,0,0,0,0,0,0,0,0,0,0,0,0,0.0,0,0.0,0,0,0,0,0,0,0,0.0,0,0,0,0.0,0,0,0,0.0,0.0,0,0,0,0,0.0,0,0.0,0.0,0,425,850,2400,598.4,Similar to Desktop GTX465,0,0,0,0,0,0,0,0,0.0,0.0,0.0,0.0,0.0,0.0,0,0,0,0.0,0.0,0,0,0,0,0,0,0,0,0,0,0,0,0,0,0,0,0,0.0,0,0,Fermi,0,0,0,0,0.0,0,0,0,0.0,0,0,0.0,0,0,4121.6,2060.8,0,0,0,0,4× GF100,0,1792,1150,—,No,2.0,0,GF100
GeForce GTX 480M,2010-05-25,GF100,40,0,0,PCIe 2.0 x16,0,0,352:443:32,0,0,0,0,2048,76.8,GDDR5,256,0,12,4.5,0,0,0,13.6,18.7,0,100(MXM module),0,0,0,0,0,0,0,0,0,0,0,0,0,0,0,0,0,0,0,0,0.0,0,0.0,0,0,0,0,0,0,0,0.0,0,0,0,0.0,0,0,0,0.0,0.0,0,0,0,0,0.0,0,0.0,0.0,0,425,850,2400,598.4,Similar to Desktop GTX465,0,0,0,0,0,0,0,0,0.0,0.0,0.0,0.0,0.0,0.0,0,0,0,0.0,0.0,0,0,0,0,0,0,0,0,0,0,0,0,0,0,0,0,0,0.0,0,0,Fermi,0,0,0,0,0.0,0,0,0,0.0,0,0,0.0,0,0,4121.6,2060.8,0,0,0,0,4× GF100,0,1792,1150,—,No,2.0,0,GF100
GeForce GTX 485M,2011-01-05,GF104,40,0,0,PCIe 2.0 x16,0,0,384:643:32,0,0,0,0,2048,96.0,GDDR5,256,0,12,4.5,0,0,0,18.4,36.8,0,100(MXM module),0,0,0,0,0,0,0,0,0,0,0,0,0,0,0,0,0,0,0,0,0.0,0,0.0,0,0,0,0,0,0,0,0.0,0,0,0,0.0,0,0,0,0.0,0.0,0,0,0,0,0.0,0,0.0,0.0,0,575,1150,3000,883.2,Similar to Desktop GTX560 Ti,0,0,0,0,0,0,0,0,0.0,0.0,0.0,0.0,0.0,0.0,0,0,0,0.0,0.0,0,0,0,0,0,0,0,0,0,0,0,0,0,0,0,0,0,0.0,0,0,0,0,0,0,0,0,0,0,0,0,0,0,0,0,0,0,0,0,0,0,0,0,0,0,0,0,0,0,0,0
GeForce GT 520M,2011-01-05,GF119,40,0,0,PCIe 2.0 x16,0,0,48:8:4,0,0,0,0,1024,12.8,DDR3,64,0,12,4.6,0,0,0,2.96,5.92,0,12,0,0,0,0,0,0,0,0,0,0,0,0,0,0,0,0,0,0,0,0,0.0,0,0.0,0,0,0,0,0,0,0,0.0,0,0,0,0.0,0,0,0,0.0,0.0,0,0,0,0,0.0,0,0.0,0.0,0,740,1480,1600,142.08,Similar to Desktop 510/520,0,0,0,0,0,0,0,0,0.0,0.0,0.0,0.0,0.0,0.0,0,0,0,0.0,0.0,0,0,0,0,0,0,0,0,0,0,0,0,0,0,0,0,0,0.0,0,0,0,0,0,0,0,0,0,0,0,0,0,0,0,0,0,0,0,0,0,0,0,0,0,0,0,0,0,0,0,0
GeForce GT 520M,1995-01-01,GF108,40,0,0,PCIe 2.0 x16,0,0,96:16:4,0,0,0,0,1024,12.8,DDR3,64,0,12,4.6,0,0,0,2.06,8.24,0,20,0,0,0,0,0,0,0,0,0,0,0,0,0,0,0,0,0,0,0,0,0.0,0,0.0,0,0,0,0,0,0,0,0.0,0,0,0,0.0,0,0,0,0.0,0.0,0,0,0,0,0.0,0,0.0,0.0,0,515,1030,1600,197.76,"Noticed in Lenovo laptops, similar to Desktop 530/430/440",0,0,0,0,0,0,0,0,0.0,0.0,0.0,0.0,0.0,0.0,0,0,0,0.0,0.0,0,0,0,0,0,0,0,0,0,0,0,0,0,0,0,0,0,0.0,0,0,0,0,0,0,0,0,0,0,0,0,0,0,0,0,0,0,0,0,0,0,0,0,0,0,0,0,0,0,0,0
GeForce GT 520MX,2011-05-30,GF119,40,0,0,PCIe 2.0 x16,0,0,48:8:4,0,0,0,0,1024,14.4,DDR3,64,0,12,4.6,0,0,0,3.6,7.2,0,20,0,0,0,0,0,0,0,0,0,0,0,0,0,0,0,0,0,0,0,0,0.0,0,0.0,0,0,0,0,0,0,0,0.0,0,0,0,0.0,0,0,0,0.0,0.0,0,0,0,0,0.0,0,0.0,0.0,0,900,1800,1800,172.8,Similar to Desktop 510 & GT520,0,0,0,0,0,0,0,0,0.0,0.0,0.0,0.0,0.0,0.0,0,0,0,0.0,0.0,0,0,0,0,0,0,0,0,0,0,0,0,0,0,0,0,0,0.0,0,0,0,0,0,0,0,0,0,0,0,0,0,0,0,0,0,0,0,0,0,0,0,0,0,0,0,0,0,0,0,0
GeForce GT 525M,2011-01-05,GF108,40,0,0,PCIe 2.0 x16,0,0,96:16:4,0,0,0,0,1024,28.8,DDR3,128,0,12,4.6,0,0,0,2.4,9.6,0,20–23,0,0,0,0,0,0,0,0,0,0,0,0,0,0,0,0,0,0,0,0,0.0,0,0.0,0,0,0,0,0,0,0,0.0,0,0,0,0.0,0,0,0,0.0,0.0,0,0,0,0,0.0,0,0.0,0.0,0,600,1200,1800,230.4,Similar to Desktop GT 530/430/440,0,0,0,0,0,0,0,0,0.0,0.0,0.0,0.0,0.0,0.0,0,0,0,0.0,0.0,0,0,0,0,0,0,0,0,0,0,0,0,0,0,0,0,0,0.0,0,0,0,0,0,0,0,0,0,0,0,0,0,0,0,0,0,0,0,0,0,0,0,0,0,0,0,0,0,0,0,0
GeForce GT 540M,2011-01-05,GF108,40,0,0,PCIe 2.0 x16,0,0,96:16:4,0,0,0,0,20481024,28.8,DDR3,128,0,12,4.6,0,0,0,2.688,10.752,0,32–35,0,0,0,0,0,0,0,0,0,0,0,0,0,0,0,0,0,0,0,0,0.0,0,0.0,0,0,0,0,0,0,0,0.0,0,0,0,0.0,0,0,0,0.0,0.0,0,0,0,0,0.0,0,0.0,0.0,0,672,1344,1800,258.048,Similar to Desktop GT 530/440,0,0,0,0,0,0,0,0,0.0,0.0,0.0,0.0,0.0,0.0,0,0,0,0.0,0.0,0,0,0,0,0,0,0,0,0,0,0,0,0,0,0,0,0,0.0,0,0,0,0,0,0,0,0,0,0,0,0,0,0,0,0,0,0,0,0,0,0,0,0,0,0,0,0,0,0,0,0
GeForce GT 550M,2011-01-05,GF108GF1062,40,0,0,PCIe 2.0 x16,0,0,96:16:4144:24:162,0,0,0,0,1024,28.8,DDR3,128,0,12,4.6,0,0,0,2.96,11.84,0,32–35,0,0,0,0,0,0,0,0,0,0,0,0,0,0,0,0,0,0,0,0,0.0,0,0.0,0,0,0,0,0,0,0,0.0,0,0,0,0.0,0,0,0,0.0,0.0,0,0,0,0,0.0,0,0.0,0.0,0,740475,1480950,18001800,284.16312.6,Similar to Desktop GT 530/440,0,0,0,0,0,0,0,0,0.0,0.0,0.0,0.0,0.0,0.0,0,0,0,0.0,0.0,0,0,0,0,0,0,0,0,0,0,0,0,0,0,0,0,0,0.0,0,0,0,0,0,0,0,0,0,0,0,0,0,0,0,0,0,0,0,0,0,0,0,0,0,0,0,0,0,0,0,0
GeForce GT 555M,2011-01-05,GF106GF108,40,0,0,PCIe 2.0 x16,0,0,144:24:24144:24:1696:16:4,0,0,0,0,153620481024,43.228.850.2,DDR3DDR3GDDR5,192128128,0,12,4.6,0,0,0,14.610.43,14.615.612,0,30–35,0,0,0,0,0,0,0,0,0,0,0,0,0,0,0,0,0,0,0,0,0.0,0,0.0,0,0,0,0,0,0,0,0.0,0,0,0,0.0,0,0,0,0.0,0.0,0,0,0,0,0.0,0,0.0,0.0,0,590650753,118013001506,180018003138,339.84374.4289.15,Similar to Desktop GT545,0,0,0,0,0,0,0,0,0.0,0.0,0.0,0.0,0.0,0.0,0,0,0,0.0,0.0,0,0,0,0,0,0,0,0,0,0,0,0,0,0,0,0,0,0.0,0,0,0,0,0,0,0,0,0,0,0,0,0,0,0,0,0,0,0,0,0,0,0,0,0,0,0,0,0,0,0,0
GeForce GTX 560M,2011-05-30,GF116,40,0,0,PCIe 2.0 x16,0,0,192:32:16192:32:24,0,0,0,0,"20481536, 3072",40.060.0,GDDR5,128192,0,12,4.6,0,0,0,18.6,24.8,0,75,0,0,0,0,0,0,0,0,0,0,0,0,0,0,0,0,0,0,0,0,0.0,0,0.0,0,0,0,0,0,0,0,0.0,0,0,0,0.0,0,0,0,0.0,0.0,0,0,0,0,0.0,0,0.0,0.0,0,775,1550,2500,595.2,Similar to Desktop GTX 550Ti,0,0,0,0,0,0,0,0,0.0,0.0,0.0,0.0,0.0,0.0,0,0,0,0.0,0.0,0,0,0,0,0,0,0,0,0,0,0,0,0,0,0,0,0,0.0,0,0,0,0,0,0,0,0,0,0,0,0,0,0,0,0,0,0,0,0,0,0,0,0,0,0,0,0,0,0,0,0
GeForce GTX 570M,2011-06-28,GF114,40,0,0,PCIe 2.0 x16,0,0,336:56:24,0,0,0,0,1536,72.0,GDDR5,192,0,12,4.6,0,0,0,13.8,32.2,0,75,0,0,0,0,0,0,0,0,0,0,0,0,0,0,0,0,0,0,0,0,0.0,0,0.0,0,0,0,0,0,0,0,0.0,0,0,0,0.0,0,0,0,0.0,0.0,0,0,0,0,0.0,0,0.0,0.0,0,575,1150,3000,772.8,Similar to Desktop GTX 560,0,0,0,0,0,0,0,0,0.0,0.0,0.0,0.0,0.0,0.0,0,0,0,0.0,0.0,0,0,0,0,0,0,0,0,0,0,0,0,0,0,0,0,0,0.0,0,0,0,0,0,0,0,0,0,0,0,0,0,0,0,0,0,0,0,0,0,0,0,0,0,0,0,0,0,0,0,0
GeForce GTX 580M,2011-06-28,GF114,40,0,0,PCIe 2.0 x16,0,0,384:64:32,0,0,0,0,2048,96.0,GDDR5,256,0,12,4.6,0,0,0,19.8,39.7,0,100,0,0,0,0,0,0,0,0,0,0,0,0,0,0,0,0,0,0,0,0,0.0,0,0.0,0,0,0,0,0,0,0,0.0,0,0,0,0.0,0,0,0,0.0,0.0,0,0,0,0,0.0,0,0.0,0.0,0,620,1240,3000,952.3,Similar to Desktop GTX 560 Ti,0,0,0,0,0,0,0,0,0.0,0.0,0.0,0.0,0.0,0.0,0,0,0,0.0,0.0,0,0,0,0,0,0,0,0,0,0,0,0,0,0,0,0,0,0.0,0,0,0,0,0,0,0,0,0,0,0,0,0,0,0,0,0,0,0,0,0,0,0,0,0,0,0,0,0,0,0,0
GeForce 610M,2011-12-01,GF119 (N13M-GE),40,0,0,PCIe 2.0 x16,0,0,48:8:4,0,0,0,0,10242048,14.4,DDR3,64,0,12,4.5,0,0,0,3.6,7.2,0,12,0,0,0,0,0,0,0,0,0,0,0,0,0,0,0,0,0,0,0,0,0.0,0,0.0,0,0,0,0,0,0,0,0.0,0,0,0,0.0,0,0,0,0.0,0.0,0,0,0,0,0.0,0,0.0,0.0,0,900,1800,0,142.08,OEM. Rebadged GT 520MX,1800,0,0,0,0,0,0,0,0.0,0.0,0.0,0.0,0.0,0.0,0,0,0,0.0,0.0,0,0,0,0,0,0,0,0,0,0,0,0,0,0,0,0,0,0.0,0,0,0,0,0,0,0,0,0,0,0,0,0,0,0,0,0,0,0,0,0,0,0,0,0,0,0,0,0,0,0,0
GeForce GT 620M,2012-04-01,GF117 (N13M-GS),28,0,0,PCIe 2.0 x16,0,0,96:16:4,0,0,0,0,10242048,14.428.8,DDR3,64128,0,12,4.5,0,0,0,2.5,10,0,15,0,0,0,0,0,0,0,0,0,0,0,0,0,0,0,0,0,0,0,0,0.0,0,0.0,0,0,0,0,0,0,0,0.0,0,0,0,0.0,0,0,0,0.0,0.0,0,0,0,0,0.0,0,0.0,0.0,0,625,1250,0,240,OEM. Die-Shrink GF108,1800,0,0,0,0,0,0,0,0.0,0.0,0.0,0.0,0.0,0.0,0,0,0,0.0,0.0,0,0,0,0,0,0,0,0,0,0,0,0,0,0,0,0,0,0.0,0,0,0,0,0,0,0,0,0,0,0,0,0,0,0,0,0,0,0,0,0,0,0,0,0,0,0,0,0,0,0,0
GeForce GT 625M,2012-10-01,GF117 (N13M-GS),28,0,0,PCIe 2.0 x16,0,0,96:16:4,0,0,0,0,10242048,14.4,DDR3,64,0,12,4.5,0,0,0,2.5,10,0,15,0,0,0,0,0,0,0,0,0,0,0,0,0,0,0,0,0,0,0,0,0.0,0,0.0,0,0,0,0,0,0,0,0.0,0,0,0,0.0,0,0,0,0.0,0.0,0,0,0,0,0.0,0,0.0,0.0,0,625,1250,0,240,OEM. Die-Shrink GF108,1800,0,0,0,0,0,0,0,0.0,0.0,0.0,0.0,0.0,0.0,0,0,0,0.0,0.0,0,0,0,0,0,0,0,0,0,0,0,0,0,0,0,0,0,0.0,0,0,0,0,0,0,0,0,0,0,0,0,0,0,0,0,0,0,0,0,0,0,0,0,0,0,0,0,0,0,0,0
GeForce GT 630M,2012-04-01,GF108 (N13P-GL)GF117,4028,0,0,PCIe 2.0 x16,0,0,96:16:4,0,0,0,0,10242048,28.832.0,DDR3GDDR5,12864,0,12,4.5,0,0,0,2.63.2,10.712.8,0,33,0,0,0,0,0,0,0,0,0,0,0,0,0,0,0,0,0,0,0,0,0.0,0,0.0,0,0,0,0,0,0,0,0.0,0,0,0,0.0,0,0,0,0.0,0.0,0,0,0,0,0.0,0,0.0,0.0,0,660800,13201600,0,258.0307.2,GF108: OEM. Rebadged GT 540MGF117: OEM Die-Shrink GF108,18004000,0,0,0,0,0,0,0,0.0,0.0,0.0,0.0,0.0,0.0,0,0,0,0.0,0.0,0,0,0,0,0,0,0,0,0,0,0,0,0,0,0,0,0,0.0,0,0,0,0,0,0,0,0,0,0,0,0,0,0,0,0,0,0,0,0,0,0,0,0,0,0,0,0,0,0,0,0
GeForce GT 635M,2012-04-01,GF106 (N12E-GE2)GF116,40,0,0,PCIe 2.0 x16,0,0,144:24:24,0,0,0,0,20481536,28.843.2,DDR3,128192,0,12,4.5,0,0,0,16.2,16.2,0,35,0,0,0,0,0,0,0,0,0,0,0,0,0,0,0,0,0,0,0,0,0.0,0,0.0,0,0,0,0,0,0,0,0.0,0,0,0,0.0,0,0,0,0.0,0.0,0,0,0,0,0.0,0,0.0,0.0,0,675,1350,0,289.2388.8,GF106: OEM. Rebadged GT 555MGF116: 94% of desktop GT640,1800,0,0,0,0,0,0,0,0.0,0.0,0.0,0.0,0.0,0.0,0,0,0,0.0,0.0,0,0,0,0,0,0,0,0,0,0,0,0,0,0,0,0,0,0.0,0,0,0,0,0,0,0,0,0,0,0,0,0,0,0,0,0,0,0,0,0,0,0,0,0,0,0,0,0,0,0,0
GeForce GT 640M LE,2012-03-22,GF108GK107 (N13P-LP),4028,0,0,PCIe 2.0 x16PCIe 3.0 x16,0,0,96:16:4384:32:16(2 SMX),0,0,0,0,10242048,50.228.8,DDR3 GDDR5,128,0,12,4.5,0,0,0,38,12.216,0,3220,0,0,0,0,0,0,0,0,1.2,0,0,0,0,0,0,0,0,0,0,0,0.0,0,0.0,0,0,0,0,0,0,0,0.0,0,0,0,0.0,0,0,0,0.0,0.0,0,0,0,0,0.0,0,0.0,0.0,0,762500,1524500,0,292.6384,GF108: 94% of desktop GT630,31301800,0,0,0,0,0,0,0,0.0,0.0,0.0,0.0,0.0,0.0,0,0,0,0.0,0.0,0,0,0,0,0,0,0,0,0,0,0,0,0,0,0,0,0,0.0,0,0,0,0,0,0,0,0,0,0,0,0,0,0,0,0,0,0,0,0,0,0,0,0,0,0,0,0,0,0,0,0
GeForce GT 640M,2012-03-22,GK107 (N13P-GS),28,0,0,PCIe 3.0 x16,0,0,384:32:16(2 SMX),0,0,0,0,10242048,28.864.0,DDR3 GDDR5,128,0,12,4.5,0,0,0,10,20,0,32,0,0,0,0,0,0,0,0,1.2,0,0,0,0,0,0,0,0,0,0,0,0.0,0,0.0,0,0,0,0,0,0,0,0.0,0,0,0,0.0,0,0,0,0.0,0.0,0,0,0,0,0.0,0,0.0,0.0,0,625,625,0,480,59% of desktop GTX650,18004000,0,0,0,0,0,0,0,0.0,0.0,0.0,0.0,0.0,0.0,0,0,0,0.0,0.0,0,0,0,0,0,0,0,0,0,0,0,0,0,0,0,0,0,0.0,0,0,0,0,0,0,0,0,0,0,0,0,0,0,0,0,0,0,0,0,0,0,0,0,0,0,0,0,0,0,0,0
GeForce GT 645M,2012-10-01,GK107 (N13P-GS),28,0,0,PCIe 3.0 x16,0,0,384:32:16(2 SMX),0,0,0,0,10242048,28.864.0,DDR3 GDDR5,128,0,12,4.5,0,0,0,11.36,22.72,0,32,0,0,0,0,0,0,0,0,1.2,0,0,0,0,0,0,0,0,0,0,0,0.0,0,0.0,0,0,0,0,0,0,0,0.0,0,0,0,0.0,0,0,0,0.0,0.0,0,0,0,0,0.0,0,0.0,0.0,0,710,710,0,545,67% of desktop GTX650,18004000,0,0,0,0,0,0,0,0.0,0.0,0.0,0.0,0.0,0.0,0,0,0,0.0,0.0,0,0,0,0,0,0,0,0,0,0,0,0,0,0,0,0,0,0.0,0,0,0,0,0,0,0,0,0,0,0,0,0,0,0,0,0,0,0,0,0,0,0,0,0,0,0,0,0,0,0,0
GeForce GT 650M,2012-03-22,GK107 (N13P-GT),28,0,0,PCIe 3.0 x16,0,0,384:32:16(2 SMX),0,0,0,0,51210242048,28.864.080.0*,DDR3 GDDR5,128,0,11.2,4.5,0,0,0,11.913.414.4*,23.826.728.8*,0,45,0,0,0,0,0,0,0,0,1.2,0,0,0,0,0,0,0,0,0,0,0,0.0,0,0.0,0,0,0,0,0,0,0,0.0,0,0,0,0.0,0,0,0,0.0,0.0,0,0,0,0,0.0,0,0.0,0.0,0,745835900*,835950900*,0,572.2641.3691.2*,79% of desktop GTX650,180040005000*,0,0,0,0,0,0,0,0.0,0.0,0.0,0.0,0.0,0.0,0,0,0,0.0,0.0,0,0,0,0,0,0,0,0,0,0,0,0,0,0,0,0,0,0.0,0,0,0,0,0,0,0,0,0,0,0,0,0,0,0,0,0,0,0,0,0,0,0,0,0,0,0,0,0,0,0,0
GeForce GTX 660M,2012-03-22,GK107 (N13E-GE),28,0,0,PCIe 3.0 x16,0,0,384:32:16(2 SMX),0,0,0,0,2048,80.0,GDDR5,128,0,11.2,4.5,0,0,0,15.2,30.4,0,50,0,0,0,0,0,0,0,0,1.2,0,0,0,0,0,0,0,0,0,0,0,0.0,0,0.0,0,0,0,0,0,0,0,0.0,0,0,0,0.0,0,0,0,0.0,0.0,0,0,0,0,0.0,0,0.0,0.0,0,835,950,0,729.6,79% of desktop GTX650,5000,0,0,0,0,0,0,0,0.0,0.0,0.0,0.0,0.0,0.0,0,0,0,0.0,0.0,0,0,0,0,0,0,0,0,0,0,0,0,0,0,0,0,0,0.0,0,0,0,0,0,0,0,0,0,0,0,0,0,0,0,0,0,0,0,0,0,0,0,0,0,0,0,0,0,0,0,0
GeForce GTX 670M,2012-04-01,GF114 (N13E-GS1-LP),40,0,0,PCIe 2.0 x16,0,0,336:56:24,0,0,0,0,15363072,72.0,GDDR5,192,0,12,4.5,0,0,0,14.35,33.5,0,75,0,0,0,0,0,0,0,0,0,0,0,0,0,0,0,0,0,0,0,0,0.0,0,0.0,0,0,0,0,0,0,0,0.0,0,0,0,0.0,0,0,0,0.0,0.0,0,0,0,0,0.0,0,0.0,0.0,0,620,1240,0,833,73% of desktop GTX 560,3000,0,0,0,0,0,0,0,0.0,0.0,0.0,0.0,0.0,0.0,0,0,0,0.0,0.0,0,0,0,0,0,0,0,0,0,0,0,0,0,0,0,0,0,0.0,0,0,0,0,0,0,0,0,0,0,0,0,0,0,0,0,0,0,0,0,0,0,0,0,0,0,0,0,0,0,0,0
GeForce GTX 670MX,2012-10-01,GK104 (N13E-GR),28,0,0,PCIe 3.0 x16,0,0,960:80:24(5 SMX),0,0,0,0,15363072,67.2,GDDR5,192,0,12,4.5,0,0,0,14.4,48.0,0,75,0,0,0,0,0,0,0,0,1.2,0,0,0,0,0,0,0,0,0,0,0,0.0,0,0.0,0,0,0,0,0,0,0,0.0,0,0,0,0.0,0,0,0,0.0,0.0,0,0,0,0,0.0,0,0.0,0.0,0,615,615,0,1181,61% of desktop GTX 660,2800,0,0,0,0,0,0,0,0.0,0.0,0.0,0.0,0.0,0.0,0,0,0,0.0,0.0,0,0,0,0,0,0,0,0,0,0,0,0,0,0,0,0,0,0.0,0,0,0,0,0,0,0,0,0,0,0,0,0,0,0,0,0,0,0,0,0,0,0,0,0,0,0,0,0,0,0,0
GeForce GTX 675M,2012-04-01,GF114 (N13E-GS1),40,0,0,PCIe 2.0 x16,0,0,384:64:32,0,0,0,0,2048,96.0,GDDR5,256,0,12,4.5,0,0,0,19.8,39.7,0,100,0,0,0,0,0,0,0,0,0,0,0,0,0,0,0,0,0,0,0,0,0.0,0,0.0,0,0,0,0,0,0,0,0.0,0,0,0,0.0,0,0,0,0.0,0.0,0,0,0,0,0.0,0,0.0,0.0,0,632,1265,0,972,75% of desktop GTX 560Ti,3000,0,0,0,0,0,0,0,0.0,0.0,0.0,0.0,0.0,0.0,0,0,0,0.0,0.0,0,0,0,0,0,0,0,0,0,0,0,0,0,0,0,0,0,0.0,0,0,0,0,0,0,0,0,0,0,0,0,0,0,0,0,0,0,0,0,0,0,0,0,0,0,0,0,0,0,0,0
GeForce GTX 675MX,2012-10-01,GK104 (N13E-GSR),28,0,0,PCIe 3.0 x16,0,0,960:80:32(5 SMX),0,0,0,0,4096,115.2,GDDR5,256,0,12,4.5,0,0,0,19.2,48.0,0,100,0,0,0,0,0,0,0,0,1.2,0,0,0,0,0,0,0,0,0,0,0,0.0,0,0.0,0,0,0,0,0,0,0,0.0,0,0,0,0.0,0,0,0,0.0,0.0,0,0,0,0,0.0,0,0.0,0.0,0,667,667,0,1281,61% of desktop GTX 660,3600,0,0,0,0,0,0,0,0.0,0.0,0.0,0.0,0.0,0.0,0,0,0,0.0,0.0,0,0,0,0,0,0,0,0,0,0,0,0,0,0,0,0,0,0.0,0,0,0,0,0,0,0,0,0,0,0,0,0,0,0,0,0,0,0,0,0,0,0,0,0,0,0,0,0,0,0,0
GeForce GTX 680M,2012-06-04,GK104 (N13E-GTX),28,0,0,PCIe 3.0 x16,0,0,1344:112:32(7 SMX),0,0,0,0,4096,115.2,GDDR5,256,0,12,4.5,0,0,0,23,80.6,0,100,0,0,0,0,0,0,0,0,1.2,0,0,0,0,0,0,0,0,0,0,0,0.0,0,0.0,0,0,0,0,0,0,0,0.0,0,0,0,0.0,0,0,0,0.0,0.0,0,0,0,0,0.0,0,0.0,0.0,0,719,719,0,1933,78% of desktop GTX 670,3600,0,0,0,0,0,0,0,0.0,0.0,0.0,0.0,0.0,0.0,0,0,0,0.0,0.0,0,0,0,0,0,0,0,0,0,0,0,0,0,0,0,0,0,0.0,0,0,0,0,0,0,0,0,0,0,0,0,0,0,0,0,0,0,0,0,0,0,0,0,0,0,0,0,0,0,0,0
GeForce GTX 680MX,2012-10-23,GK104,28,0,0,PCIe 3.0 x16,0,0,1536:128:32(8 SMX),0,0,0,0,4096,160,GDDR5,256,0,12,4.5,0,0,0,23,92.2,0,122,0,0,0,0,0,0,0,0,1.2,0,0,0,0,0,0,0,0,0,0,0,0.0,0,0.0,0,0,0,0,0,0,0,0.0,0,0,0,0.0,0,0,0,0.0,0.0,0,0,0,0,0.0,0,0.0,0.0,0,719,719,0,2209,72% of desktop GTX 680,5000,0,0,0,0,0,0,0,0.0,0.0,0.0,0.0,0.0,0.0,0,0,0,0.0,0.0,0,0,0,0,0,0,0,0,0,0,0,0,0,0,0,0,0,0.0,0,0,Kepler,0,0,0,PCIe 3.0 x16,0.0,0,0,0,0.0,0,0,0.0,0,0,0,0,0,0,0,0,2x GK104,2x 1536,0,0,0,0,0,0,GK104
GeForce GTX 680MX,2012-10-23,GK104,28,0,0,PCIe 3.0 x16,0,0,1536:128:32(8 SMX),0,0,0,0,4096,160,GDDR5,256,0,12,4.5,0,0,0,23,92.2,0,122,0,0,0,0,0,0,0,0,1.2,0,0,0,0,0,0,0,0,0,0,0,0.0,0,0.0,0,0,0,0,0,0,0,0.0,0,0,0,0.0,0,0,0,0.0,0.0,0,0,0,0,0.0,0,0.0,0.0,0,719,719,0,2209,72% of desktop GTX 680,5000,0,0,0,0,0,0,0,0.0,0.0,0.0,0.0,0.0,0.0,0,0,0,0.0,0.0,0,0,0,0,0,0,0,0,0,0,0,0,0,0,0,0,0,0.0,0,0,Kepler,0,0,0,0,0.0,0,0,0,0.0,0,0,0.0,0,0,4577,190.7,0,0,0,0,2× GK104,0,3072,745,?,No,3.0,0,GK104
GeForce 710M,2013-01-01,GF117,28,0,0,PCIe 2.0 x16,0,0,96:16:4,0,0,0,0,10242048,14.4,DDR3,64,0,12,4.5,0,0,0,3.2,12.8,0,12,0,0,0,0,0,0,0,0,0,0,0,0,0,0,0,0,0,0,0,0,0.0,0,0.0,0,0,0,0,0,0,0,0.0,0,0,0,0.0,0,0,0,0.0,0.0,0,0,0,0,0.0,0,0.0,0.0,0,800,1600,0,307.2,OEM. About 115% of Mobile 620 & Desktop 530,1800,2.1,0,0,0,0,0,0,0.0,0.0,0.0,0.0,0.0,0.0,0,0,0,0.0,0.0,0,0,0,0,0,0,0,0,0,0,0,0,0,0,0,0,0,0.0,0,0,0,0,0,0,0,0,0,0,0,0,0,0,0,0,0,0,0,0,0,0,0,0,0,0,0,0,0,0,0,0
GeForce 710M,2013-07-24,GK208,28,0,0,PCIe 3.0 x8,0,0,192:16:8,0,0,0,0,1024,14.4,DDR3,64,0,12,4.5,0,0,0,5.752,11.5,0,15,0,0,0,0,0,0,0,0,1.2,0,0,0,0,0,0,0,0,0,0,0,0.0,0,0.0,0,0,0,0,0,0,0,0.0,0,0,0,0.0,0,0,0,0.0,0.0,0,0,0,0,0.0,0,0.0,0.0,0,719,?,0,276.1,"Kepler, similar to 730M with half of the cores disabled",1800,3.5,0,0,0,0,0,0,0.0,0.0,0.0,0.0,0.0,0.0,0,0,0,0.0,0.0,0,0,0,0,0,0,0,0,0,0,0,0,0,0,0,0,0,0.0,0,0,0,0,0,0,0,0,0,0,0,0,0,0,0,0,0,0,0,0,0,0,0,0,0,0,0,0,0,0,0,0
GeForce GT 720M,2013-04-01,GF117,28,0,0,PCIe 2.0 x16,0,0,96:16:4,0,0,0,0,2048,16.0,DDR3,64,0,12,4.5,0,0,0,3.8,15.0,0,?,0,0,0,0,0,0,0,0,0,0,0,0,0,0,0,0,0,0,0,0,0.0,0,0.0,0,0,0,0,0,0,0,0.0,0,0,0,0.0,0,0,0,0.0,0.0,0,0,0,0,0.0,0,0.0,0.0,0,938,1876,0,360.19,OEM. About 130% of Mobile 625/630 & Desktop 620,2000,2.1,0,0,0,0,0,0,0.0,0.0,0.0,0.0,0.0,0.0,0,0,0,0.0,0.0,0,0,0,0,0,0,0,0,0,0,0,0,0,0,0,0,0,0.0,0,0,0,0,0,0,0,0,0,0,0,0,0,0,0,0,0,0,0,0,0,0,0,0,0,0,0,0,0,0,0,0
GeForce GT 720M,2013-12-25,GK208,28,0,0,PCIe 2.0 x8,0,0,192:16:8,0,0,0,0,2048,12.8,DDR3,64,0,12,4.5,0,0,0,3.032,12.13,0,22,0,0,0,0,0,0,0,0,1.2,0,0,0,0,0,0,0,0,0,0,0,0.0,0,0.0,0,0,0,0,0,0,0,0.0,0,0,0,0.0,0,0,0,0.0,0.0,0,0,0,0,0.0,0,0.0,0.0,0,719,719,0,291,"Kepler, similar to 730M with half of the cores disabled",2000,3.5,0,0,0,0,0,0,0.0,0.0,0.0,0.0,0.0,0.0,0,0,0,0.0,0.0,0,0,0,0,0,0,0,0,0,0,0,0,0,0,0,0,0,0.0,0,0,0,0,0,0,0,0,0,0,0,0,0,0,0,0,0,0,0,0,0,0,0,0,0,0,0,0,0,0,0,0
GeForce GT 730M,2013-01-01,GK208,28,0,0,PCIe 3.0 x8,0,0,384:32:8(2 SMX),0,0,0,0,2048,16.0,DDR3,128,0,12,4.5,0,0,0,5.8,23.0,0,33,0,0,0,0,0,0,0,0,1.2,0,0,0,0,0,0,0,0,0,0,0,0.0,0,0.0,0,0,0,0,0,0,0,0.0,0,0,0,0.0,0,0,0,0.0,0.0,0,0,0,0,0.0,0,0.0,0.0,0,719,719,0,552.2,"Kepler, similar to Desktop GT640",2000,3.5,0,0,0,0,0,0,0.0,0.0,0.0,0.0,0.0,0.0,0,0,0,0.0,0.0,0,0,0,0,0,0,0,0,0,0,0,0,0,0,0,0,0,0.0,0,0,0,0,0,0,0,0,0,0,0,0,0,0,0,0,0,0,0,0,0,0,0,0,0,0,0,0,0,0,0,0
GeForce GT 735M,2013-04-01,GK208,28,0,0,PCIe 3.0 x8,0,0,384:32:8(2 SMX),0,0,0,0,2048,16.0,DDR3,64,0,12,4.5,0,0,0,7.11,28.4,0,?,0,0,0,0,0,0,0,0,1.2,0,0,0,0,0,0,0,0,0,0,0,0.0,0,0.0,0,0,0,0,0,0,0,0.0,0,0,0,0.0,0,0,0,0.0,0.0,0,0,0,0,0.0,0,0.0,0.0,0,889,889,0,682.8,"Kepler, similar to Desktop GT640",2000,3.5,0,0,0,0,0,0,0.0,0.0,0.0,0.0,0.0,0.0,0,0,0,0.0,0.0,0,0,0,0,0,0,0,0,0,0,0,0,0,0,0,0,0,0.0,0,0,0,0,0,0,0,0,0,0,0,0,0,0,0,0,0,0,0,0,0,0,0,0,0,0,0,0,0,0,0,0
GeForce GT 740M,2013-04-01,GK208,28,0,0,PCIe 3.0 x8,0,0,384:32:8(2 SMX),0,0,0,0,2048,14.4,DDR3,64,0,12,4.5,0,0,0,7.84,31.4,0,?,0,0,0,0,0,0,0,0,1.2,0,0,0,0,0,0,0,0,0,0,0,0.0,0,0.0,0,0,0,0,0,0,0,0.0,0,0,0,0.0,0,0,0,0.0,0.0,0,0,0,0,0.0,0,0.0,0.0,0,980,980,0,752.6,"Kepler, similar to Desktop GT640.",1800,3.5,0,0,0,0,0,0,0.0,0.0,0.0,0.0,0.0,0.0,0,0,0,0.0,0.0,0,0,0,0,0,0,0,0,0,0,0,0,0,0,0,0,0,0.0,0,0,0,0,0,0,0,0,0,0,0,0,0,0,0,0,0,0,0,0,0,0,0,0,0,0,0,0,0,0,0,0
GeForce GT 740M,2013-04-01,GK107,28,0,0,PCIe 3.0 x16,0,0,384:32:16(2 SMX),0,0,0,0,2048,28.880,DDR3GDDR5,128,0,12,4.5,0,0,0,12.96,25.92,0,45,0,0,0,0,0,0,0,0,1.2,0,0,0,0,0,0,0,0,0,0,0,0.0,0,0.0,0,0,0,0,0,0,0,0.0,0,0,0,0.0,0,0,0,0.0,0.0,0,0,0,0,0.0,0,0.0,0.0,0,810,810,0,622.1,about 76% of Desktop GTX650,18005000,3.0,0,0,0,0,0,0,0.0,0.0,0.0,0.0,0.0,0.0,0,0,0,0.0,0.0,0,0,0,0,0,0,0,0,0,0,0,0,0,0,0,0,0,0.0,0,0,Kepler,0,0,0,PCIe 3.0 x16,0.0,0,0,0,0.0,0,0,0.0,0,0,0,0,0,0,0,0,4x GK107,4x 192,0,0,0,0,0,0,GK107
GeForce GT 740M,2013-04-01,GK107,28,0,0,PCIe 3.0 x16,0,0,384:32:16(2 SMX),0,0,0,0,2048,28.880,DDR3GDDR5,128,0,12,4.5,0,0,0,12.96,25.92,0,45,0,0,0,0,0,0,0,0,1.2,0,0,0,0,0,0,0,0,0,0,0,0.0,0,0.0,0,0,0,0,0,0,0,0.0,0,0,0,0.0,0,0,0,0.0,0.0,0,0,0,0,0.0,0,0.0,0.0,0,810,810,0,622.1,about 76% of Desktop GTX650,18005000,3.0,0,0,0,0,0,0,0.0,0.0,0.0,0.0,0.0,0.0,0,0,0,0.0,0.0,0,0,0,0,0,0,0,0,0,0,0,0,0,0,0,0,0,0.0,0,0,Kepler,0,0,0,PCIe 3.0 x16,0.0,0,0,0,0.0,0,0,0.0,0,0,0,0,0,0,0,0,4x GK107,4x 384,0,0,0,0,0,0,GK107
GeForce GT 745M,2013-04-01,GK107,28,0,0,PCIe 3.0 x16,0,0,384:32:16(2 SMX),0,0,0,0,2048,3280,DDR3GDDR5,128,0,12,4.5,0,0,0,13.4,26.8,0,45,0,0,0,0,0,0,0,0,1.2,0,0,0,0,0,0,0,0,0,0,0,0.0,0,0.0,0,0,0,0,0,0,0,0.0,0,0,0,0.0,0,0,0,0.0,0.0,0,0,0,0,0.0,0,0.0,0.0,0,837,837,0,642.8,about 79% of Desktop GTX650,20005000,3.0,0,0,0,0,0,0,0.0,0.0,0.0,0.0,0.0,0.0,0,0,0,0.0,0.0,0,0,0,0,0,0,0,0,0,0,0,0,0,0,0,0,0,0.0,0,0,Kepler,0,0,0,PCIe 3.0 x16,0.0,0,0,0,0.0,0,0,0.0,0,0,0,0,0,0,0,0,4x GK107,4x 192,0,0,0,0,0,0,GK107
GeForce GT 745M,2013-04-01,GK107,28,0,0,PCIe 3.0 x16,0,0,384:32:16(2 SMX),0,0,0,0,2048,3280,DDR3GDDR5,128,0,12,4.5,0,0,0,13.4,26.8,0,45,0,0,0,0,0,0,0,0,1.2,0,0,0,0,0,0,0,0,0,0,0,0.0,0,0.0,0,0,0,0,0,0,0,0.0,0,0,0,0.0,0,0,0,0.0,0.0,0,0,0,0,0.0,0,0.0,0.0,0,837,837,0,642.8,about 79% of Desktop GTX650,20005000,3.0,0,0,0,0,0,0,0.0,0.0,0.0,0.0,0.0,0.0,0,0,0,0.0,0.0,0,0,0,0,0,0,0,0,0,0,0,0,0,0,0,0,0,0.0,0,0,Kepler,0,0,0,PCIe 3.0 x16,0.0,0,0,0,0.0,0,0,0.0,0,0,0,0,0,0,0,0,4x GK107,4x 384,0,0,0,0,0,0,GK107
GeForce GT 750M,2013-04-01,GK107,28,0,0,PCIe 3.0 x16,0,0,384:32:16(2 SMX),0,0,0,0,2048,3280,DDR3GDDR5,128,0,12,4.5,0,0,0,15.5,30.9,0,50,0,0,0,0,0,0,0,0,1.2,0,0,0,0,0,0,0,0,0,0,0,0.0,0,0.0,0,0,0,0,0,0,0,0.0,0,0,0,0.0,0,0,0,0.0,0.0,0,0,0,0,0.0,0,0.0,0.0,0,967,967,0,742.7,about 91% of Desktop GTX650,20005000,3.0,0,0,0,0,0,0,0.0,0.0,0.0,0.0,0.0,0.0,0,0,0,0.0,0.0,0,0,0,0,0,0,0,0,0,0,0,0,0,0,0,0,0,0.0,0,0,Kepler,0,0,0,PCIe 3.0 x16,0.0,0,0,0,0.0,0,0,0.0,0,0,0,0,0,0,0,0,4x GK107,4x 192,0,0,0,0,0,0,GK107
GeForce GT 750M,2013-04-01,GK107,28,0,0,PCIe 3.0 x16,0,0,384:32:16(2 SMX),0,0,0,0,2048,3280,DDR3GDDR5,128,0,12,4.5,0,0,0,15.5,30.9,0,50,0,0,0,0,0,0,0,0,1.2,0,0,0,0,0,0,0,0,0,0,0,0.0,0,0.0,0,0,0,0,0,0,0,0.0,0,0,0,0.0,0,0,0,0.0,0.0,0,0,0,0,0.0,0,0.0,0.0,0,967,967,0,742.7,about 91% of Desktop GTX650,20005000,3.0,0,0,0,0,0,0,0.0,0.0,0.0,0.0,0.0,0.0,0,0,0,0.0,0.0,0,0,0,0,0,0,0,0,0,0,0,0,0,0,0,0,0,0.0,0,0,Kepler,0,0,0,PCIe 3.0 x16,0.0,0,0,0,0.0,0,0,0.0,0,0,0,0,0,0,0,0,4x GK107,4x 384,0,0,0,0,0,0,GK107
GeForce GT 755M,1995-01-01,GK107,28,0,0,PCIe 3.0 x16,0,0,384:32:16(2 SMX),0,0,0,0,2048,86.4,GDDR5,128,0,12,4.5,0,0,0,15.7,31.4,0,50,0,0,0,0,0,0,0,0,1.2,0,0,0,0,0,0,0,0,0,0,0,0.0,0,0.0,0,0,0,0,0,0,0,0.0,0,0,0,0.0,0,0,0,0.0,0.0,0,0,0,0,0.0,0,0.0,0.0,0,1020,1020,0,783,about 93% of Desktop GTX650,5400,3.0,0,0,0,0,0,0,0.0,0.0,0.0,0.0,0.0,0.0,0,0,0,0.0,0.0,0,0,0,0,0,0,0,0,0,0,0,0,0,0,0,0,0,0.0,0,0,Kepler,0,0,0,PCIe 3.0 x16,0.0,0,0,0,0.0,0,0,0.0,0,0,0,0,0,0,0,0,4x GK107,4x 192,0,0,0,0,0,0,GK107
GeForce GT 755M,1995-01-01,GK107,28,0,0,PCIe 3.0 x16,0,0,384:32:16(2 SMX),0,0,0,0,2048,86.4,GDDR5,128,0,12,4.5,0,0,0,15.7,31.4,0,50,0,0,0,0,0,0,0,0,1.2,0,0,0,0,0,0,0,0,0,0,0,0.0,0,0.0,0,0,0,0,0,0,0,0.0,0,0,0,0.0,0,0,0,0.0,0.0,0,0,0,0,0.0,0,0.0,0.0,0,1020,1020,0,783,about 93% of Desktop GTX650,5400,3.0,0,0,0,0,0,0,0.0,0.0,0.0,0.0,0.0,0.0,0,0,0,0.0,0.0,0,0,0,0,0,0,0,0,0,0,0,0,0,0,0,0,0,0.0,0,0,Kepler,0,0,0,PCIe 3.0 x16,0.0,0,0,0,0.0,0,0,0.0,0,0,0,0,0,0,0,0,4x GK107,4x 384,0,0,0,0,0,0,GK107
GeForce GTX 760M,2013-05-01,GK106,28,0,0,PCIe 3.0 x16,0,0,768:64:16(4 SMX),0,0,0,0,2048,64,GDDR5,128,0,12,4.5,0,0,0,10.5,42.1,0,55,0,0,0,0,0,0,0,0,1.2,0,0,0,0,0,0,0,0,0,0,0,0.0,0,0.0,0,0,0,0,0,0,0,0.0,0,0,0,0.0,0,0,0,0.0,0.0,0,0,0,0,0.0,0,0.0,0.0,0,719,719,0,1104,about 71% of Desktop GTX 650Ti,4000,3.0,0,0,0,0,0,0,0.0,0.0,0.0,0.0,0.0,0.0,0,0,0,0.0,0.0,0,0,0,0,0,0,0,0,0,0,0,0,0,0,0,0,0,0.0,0,0,0,0,0,0,0,0,0,0,0,0,0,0,0,0,0,0,0,0,0,0,0,0,0,0,0,0,0,0,0,0
GeForce GTX 765M,2013-05-01,GK106,28,0,0,PCIe 3.0 x16,0,0,768:64:16(4 SMX),0,0,0,0,2048,64,GDDR5,128,0,12,4.5,0,0,0,13.6,54.4,0,65,0,0,0,0,0,0,0,0,1.2,0,0,0,0,0,0,0,0,0,0,0,0.0,0,0.0,0,0,0,0,0,0,0,0.0,0,0,0,0.0,0,0,0,0.0,0.0,0,0,0,0,0.0,0,0.0,0.0,0,863,863,0,1326,about 92% of Desktop GTX 650Ti,4000,3.0,0,0,0,0,0,0,0.0,0.0,0.0,0.0,0.0,0.0,0,0,0,0.0,0.0,0,0,0,0,0,0,0,0,0,0,0,0,0,0,0,0,0,0.0,0,0,0,0,0,0,0,0,0,0,0,0,0,0,0,0,0,0,0,0,0,0,0,0,0,0,0,0,0,0,0,0
GeForce GTX 770M,2013-05-01,GK106,28,0,0,PCIe 3.0 x16,0,0,960:80:24(5 SMX),0,0,0,0,3072,96,GDDR5,192,0,12,4.5,0,0,0,19.5,64.9,0,75,0,0,0,0,0,0,0,0,1.2,0,0,0,0,0,0,0,0,0,0,0,0.0,0,0.0,0,0,0,0,0,0,0,0.0,0,0,0,0.0,0,0,0,0.0,0.0,0,0,0,0,0.0,0,0.0,0.0,0,797,797,0,1530,about 83% of Desktop GTX660,4000,3.0,0,0,0,0,0,0,0.0,0.0,0.0,0.0,0.0,0.0,0,0,0,0.0,0.0,0,0,0,0,0,0,0,0,0,0,0,0,0,0,0,0,0,0.0,0,0,0,0,0,0,0,0,0,0,0,0,0,0,0,0,0,0,0,0,0,0,0,0,0,0,0,0,0,0,0,0
GeForce GTX 780M,2013-05-01,GK104,28,0,0,PCIe 3.0 x16,0,0,1536:128:32(8 SMX),0,0,0,0,4096,160,GDDR5,256,0,12,4.5,0,0,0,26.3,105.3,0,122,0,0,0,0,0,0,0,0,1.2,0,0,0,0,0,0,0,0,0,0,0,0.0,0,0.0,0,0,0,0,0,0,0,0.0,0,0,0,0.0,0,0,0,0.0,0.0,0,0,0,0,0.0,0,0.0,0.0,0,797,797,0,2448,about 78% of Desktop GTX770,5000,3.0,0,0,0,0,0,0,0.0,0.0,0.0,0.0,0.0,0.0,0,0,0,0.0,0.0,0,0,0,0,0,0,0,0,0,0,0,0,0,0,0,0,0,0.0,0,0,Kepler,0,0,0,PCIe 3.0 x16,0.0,0,0,0,0.0,0,0,0.0,0,0,0,0,0,0,0,0,2x GK104,2x 1536,0,0,0,0,0,0,GK104
GeForce GTX 780M,2013-05-01,GK104,28,0,0,PCIe 3.0 x16,0,0,1536:128:32(8 SMX),0,0,0,0,4096,160,GDDR5,256,0,12,4.5,0,0,0,26.3,105.3,0,122,0,0,0,0,0,0,0,0,1.2,0,0,0,0,0,0,0,0,0,0,0,0.0,0,0.0,0,0,0,0,0,0,0,0.0,0,0,0,0.0,0,0,0,0.0,0.0,0,0,0,0,0.0,0,0.0,0.0,0,797,797,0,2448,about 78% of Desktop GTX770,5000,3.0,0,0,0,0,0,0,0.0,0.0,0.0,0.0,0.0,0.0,0,0,0,0.0,0.0,0,0,0,0,0,0,0,0,0,0,0,0,0,0,0,0,0,0.0,0,0,Kepler,0,0,0,0,0.0,0,0,0,0.0,0,0,0.0,0,0,4577,190.7,0,0,0,0,2× GK104,0,3072,745,?,No,3.0,0,GK104
GeForce 810M,2014-02-01,GF117,28,0,0,PCIe 2.0 x16,0,0,48:8:4,0,0,0,0,1,14.4,DDR3,64,0,12,4.5,0,0,0,2.95–3.55,5.9–7.1,0,15,0,0,0,0,0,0,0,0,0,0,0,0,0,0,0,0,0,0,0,0,0.0,0,0.0,0,0,0,0,0,0,0,0.0,0,0,0,0.0,0,0,0,0.0,0.0,0,0,0,0,0.0,0,0.0,0.0,0,738–888,1476–1776,0,141.7–170.5,0,1800,0,2.1,0,0,0,0,0,0.0,0.0,0.0,0.0,0.0,0.0,0,0,0,0.0,0.0,0,0,0,0,0,0,0,0,0,0,0,0,0,0,0,0,0,0.0,0,0,0,0,0,0,0,0,0,0,0,0,0,0,0,0,0,0,0,0,0,0,0,0,0,0,0,0,0,0,0,0
GeForce 820M,2014-02-01,GF117,28,0,0,PCIe 2.0 x16,0,0,96:16:4,0,0,0,0,2,16,DDR3,64,0,12,4.5,0,0,0,2.9–3.8,11.5–15.3,0,15,0,0,0,0,0,0,0,0,0,0,0,0,0,0,0,0,0,0,0,0,0.0,0,0.0,0,0,0,0,0,0,0,0.0,0,0,0,0.0,0,0,0,0.0,0.0,0,0,0,0,0.0,0,0.0,0.0,0,719–954,1438–1908,0,276.1–366.3,0,2000,0,2.1,115% of 620 (Fermi),0,0,0,0,0.0,0.0,0.0,0.0,0.0,0.0,0,0,0,0.0,0.0,0,0,0,0,0,0,0,0,0,0,0,0,0,0,0,0,0,0.0,0,0,0,0,0,0,0,0,0,0,0,0,0,0,0,0,0,0,0,0,0,0,0,0,0,0,0,0,0,0,0,0
GeForce 825M,2014-01-27,GK208,28,0,0,PCIe 3.0 x8,0,0,384:16:8(2 SMX),0,0,0,0,2,14.4,DDR3,64,0,12,4.5,0,0,0,6.8,13.6,0,33,0,0,0,0,0,0,0,0,1.2,0,0,0,0,0,0,0,0,0,0,0,0.0,0,0.0,0,0,0,0,0,0,0,0.0,0,0,0,0.0,0,0,0,0.0,0.0,0,0,0,0,0.0,0,0.0,0.0,0,850,850,0,652.8,0,1800,0,3.5,94% of 630 (Kepler),0,0,0,0,0.0,0.0,0.0,0.0,0.0,0.0,0,0,0,0.0,0.0,0,0,0,0,0,0,0,0,0,0,0,0,0,0,0,0,0,0.0,0,0,0,0,0,0,0,0,0,0,0,0,0,0,0,0,0,0,0,0,0,0,0,0,0,0,0,0,0,0,0,0
GeForce 830M,2014-03-12,GM108,28,0,0,PCIe 3.0 x16,0,0,256:16:8(2 SMM),0,0,0,0,2,14.4,DDR3,64,0,12,4.5,0,0,0,8.2,16.5,0,~25,0,0,0,0,0,0,0,0,1.3,0,0,0,0,0,0,0,0,0,0,0,0.0,0,0.0,0,0,0,0,0,0,0,0.0,0,0,0,0.0,0,0,0,0.0,0.0,0,0,0,0,0.0,0,0.0,0.0,0,1029,1029,0,526.8,0,1800,0,5.0,50% of 750 (Maxwell),0,0,0,0,0.0,0.0,0.0,0.0,0.0,0.0,0,0,0,0.0,0.0,0,0,0,0,0,0,0,0,0,0,0,0,0,0,0,0,0,0.0,0,0,Maxwell,GM108(N16V-GMR1-A1),?,256:16:8:3,PCIe 3.0×4,1.0,965,993,1800(DDR3)5000(GDDR5),2.0,14.4(DDR3)40.1(GDDR5),DDR3GDDR5,64.0,(7.944),(15.89),(508.4),(15.89),—,—,—,—,0,0,0,0,0,0,0,GeForce MX110,GM108
GeForce 830M,2014-03-12,GM108,28,0,0,PCIe 3.0 x16,0,0,256:16:8(2 SMM),0,0,0,0,2,14.4,DDR3,64,0,12,4.5,0,0,0,8.2,16.5,0,~25,0,0,0,0,0,0,0,0,1.3,0,0,0,0,0,0,0,0,0,0,0,0.0,0,0.0,0,0,0,0,0,0,0,0.0,0,0,0,0.0,0,0,0,0.0,0.0,0,0,0,0,0.0,0,0.0,0.0,0,1029,1029,0,526.8,0,1800,0,5.0,50% of 750 (Maxwell),0,0,0,0,0.0,0.0,0.0,0.0,0.0,0.0,0,0,0,0.0,0.0,0,0,0,0,0,0,0,0,0,0,0,0,0,0,0,0,0,0.0,0,0,Maxwell,GM108(N16S-GTR-A1),?,384:24:8:3,PCIe 3.0×4,1.0,1122,1242,1800(DDR3)5000(GDDR5),2.0,14.4(DDR3)40.1(GDDR5),DDR3GDDR5,64.0,(9.936),(29.81),861.7(953.9),26.93(29.81),—,—,—,—,0,0,0,0,0,0,0,GeForce MX130,GM108
GeForce 840M,2014-03-12,GM108,28,0,0,PCIe 3.0 x16,0,0,384:24:8(3 SMM),0,0,0,0,2–4,16,DDR3,64,0,12,4.5,0,0,0,8.2,24.7,0,30,0,0,0,0,0,0,0,0,1.3,0,0,0,0,0,0,0,0,0,0,0,0.0,0,0.0,0,0,0,0,0,0,0,0.0,0,0,0,0.0,0,0,0,0.0,0.0,0,0,0,0,0.0,0,0.0,0.0,0,1029,1029,0,790.3,0,2000,0,5.0,50–80% of 745 (Maxwell),0,0,0,0,0.0,0.0,0.0,0.0,0.0,0.0,0,0,0,0.0,0.0,0,0,0,0,0,0,0,0,0,0,0,0,0,0,0,0,0,0.0,0,0,Maxwell,GM108(N16V-GMR1-A1),?,256:16:8:3,PCIe 3.0×4,1.0,965,993,1800(DDR3)5000(GDDR5),2.0,14.4(DDR3)40.1(GDDR5),DDR3GDDR5,64.0,(7.944),(15.89),(508.4),(15.89),—,—,—,—,0,0,0,0,0,0,0,GeForce MX110,GM108
GeForce 840M,2014-03-12,GM108,28,0,0,PCIe 3.0 x16,0,0,384:24:8(3 SMM),0,0,0,0,2–4,16,DDR3,64,0,12,4.5,0,0,0,8.2,24.7,0,30,0,0,0,0,0,0,0,0,1.3,0,0,0,0,0,0,0,0,0,0,0,0.0,0,0.0,0,0,0,0,0,0,0,0.0,0,0,0,0.0,0,0,0,0.0,0.0,0,0,0,0,0.0,0,0.0,0.0,0,1029,1029,0,790.3,0,2000,0,5.0,50–80% of 745 (Maxwell),0,0,0,0,0.0,0.0,0.0,0.0,0.0,0.0,0,0,0,0.0,0.0,0,0,0,0,0,0,0,0,0,0,0,0,0,0,0,0,0,0.0,0,0,Maxwell,GM108(N16S-GTR-A1),?,384:24:8:3,PCIe 3.0×4,1.0,1122,1242,1800(DDR3)5000(GDDR5),2.0,14.4(DDR3)40.1(GDDR5),DDR3GDDR5,64.0,(9.936),(29.81),861.7(953.9),26.93(29.81),—,—,—,—,0,0,0,0,0,0,0,GeForce MX130,GM108
GeForce 845M,2015-02-07,GM108,28,0,0,PCIe 3.0 x16,0,0,384:32:16(3 SMM),0,0,0,0,2,40,GDDR5,64,0,12,4.5,0,0,0,18.8,37.6,0,33,0,0,0,0,0,0,0,0,1.3,0,0,0,0,0,0,0,0,0,0,0,0.0,0,0.0,0,0,0,0,0,0,0,0.0,0,0,0,0.0,0,0,0,0.0,0.0,0,0,0,0,0.0,0,0.0,0.0,0,1071-1150,1071-1150,0,903.2,0,5000,0,5.0,0,0,0,0,0,0.0,0.0,0.0,0.0,0.0,0.0,0,0,0,0.0,0.0,0,0,0,0,0,0,0,0,0,0,0,0,0,0,0,0,0,0.0,0,0,Maxwell,GM108(N16V-GMR1-A1),?,256:16:8:3,PCIe 3.0×4,1.0,965,993,1800(DDR3)5000(GDDR5),2.0,14.4(DDR3)40.1(GDDR5),DDR3GDDR5,64.0,(7.944),(15.89),(508.4),(15.89),—,—,—,—,0,0,0,0,0,0,0,GeForce MX110,GM108
GeForce 845M,2015-02-07,GM108,28,0,0,PCIe 3.0 x16,0,0,384:32:16(3 SMM),0,0,0,0,2,40,GDDR5,64,0,12,4.5,0,0,0,18.8,37.6,0,33,0,0,0,0,0,0,0,0,1.3,0,0,0,0,0,0,0,0,0,0,0,0.0,0,0.0,0,0,0,0,0,0,0,0.0,0,0,0,0.0,0,0,0,0.0,0.0,0,0,0,0,0.0,0,0.0,0.0,0,1071-1150,1071-1150,0,903.2,0,5000,0,5.0,0,0,0,0,0,0.0,0.0,0.0,0.0,0.0,0.0,0,0,0,0.0,0.0,0,0,0,0,0,0,0,0,0,0,0,0,0,0,0,0,0,0.0,0,0,Maxwell,GM108(N16S-GTR-A1),?,384:24:8:3,PCIe 3.0×4,1.0,1122,1242,1800(DDR3)5000(GDDR5),2.0,14.4(DDR3)40.1(GDDR5),DDR3GDDR5,64.0,(9.936),(29.81),861.7(953.9),26.93(29.81),—,—,—,—,0,0,0,0,0,0,0,GeForce MX130,GM108
GeForce 845M,2015-08-16,GM107,28,0,0,PCIe 3.0 x16,0,0,512:32:16(4 SMM),0,0,0,0,2,16,DDR3,64,0,12,4.5,0,0,0,13.8,27.6,0,45,0,0,0,0,0,0,0,0,1.3,0,0,0,0,0,0,0,0,0,0,0,0.0,0,0.0,0,0,0,0,0,0,0,0.0,0,0,0,0.0,0,0,0,0.0,0.0,0,0,0,0,0.0,0,0.0,0.0,0,863,863,0,883.7,0,2000,0,5.0,0,0,0,0,0,0.0,0.0,0.0,0.0,0.0,0.0,0,0,0,0.0,0.0,0,0,0,0,0,0,0,0,0,0,0,0,0,0,0,0,0,0.0,0,0,Maxwell,0,0,0,0,0.0,0,0,0,0.0,0,0,0.0,0,0,5289,165.3,0,0,0,0,4× GM107,0,2560,1033,?,No,5.2,0,GM107
GeForce GTX 850M,2014-03-12,GM107,28,0,0,PCIe 3.0 x16,0,0,640:40:16(5 SMM),0,0,0,0,2-4,80.2,GDDR5,128,0,12,4.5,0,0,0,14.0,35.0,0,40,0,0,0,0,0,0,0,0,1.3,0,0,0,0,0,0,0,0,0,0,0,0.0,0,0.0,0,0,0,0,0,0,0,0.0,0,0,0,0.0,0,0,0,0.0,0.0,0,0,0,0,0.0,0,0.0,0.0,0,876+Boost,876+Boost,0,1121.3,0,5000,0,5.0,80% of 750Ti,0,0,0,0,0.0,0.0,0.0,0.0,0.0,0.0,0,0,0,0.0,0.0,0,0,0,0,0,0,0,0,0,0,0,0,0,0,0,0,0,0.0,0,0,Maxwell,0,0,0,0,0.0,0,0,0,0.0,0,0,0.0,0,0,5289,165.3,0,0,0,0,4× GM107,0,2560,1033,?,No,5.2,0,GM107
GeForce GTX 850M,2014-03-12,GM107,28,0,0,PCIe 3.0 x16,0,0,640:40:16(5 SMM),0,0,0,0,2-4,32,DDR3,128,0,12,4.5,0,0,0,15.0,37.4,0,40,0,0,0,0,0,0,0,0,1.3,0,0,0,0,0,0,0,0,0,0,0,0.0,0,0.0,0,0,0,0,0,0,0,0.0,0,0,0,0.0,0,0,0,0.0,0.0,0,0,0,0,0.0,0,0.0,0.0,0,936+Boost,936+Boost,0,1198.1,0,2000,0,5.0,85% of 750Ti,0,0,0,0,0.0,0.0,0.0,0.0,0.0,0.0,0,0,0,0.0,0.0,0,0,0,0,0,0,0,0,0,0,0,0,0,0,0,0,0,0.0,0,0,Maxwell,0,0,0,0,0.0,0,0,0,0.0,0,0,0.0,0,0,5289,165.3,0,0,0,0,4× GM107,0,2560,1033,?,No,5.2,0,GM107
GeForce GTX 860M,2014-03-12,GM107,28,0,0,PCIe 3.0 x16,0,0,640:40:16(5 SMM),0,0,0,0,2,80,GDDR5,128,0,12,4.5,0,0,0,16.5,41.2,0,40–45,0,0,0,0,0,0,0,0,1.3,0,0,0,0,0,0,0,0,0,0,0,0.0,0,0.0,0,0,0,0,0,0,0,0.0,0,0,0,0.0,0,0,0,0.0,0.0,0,0,0,0,0.0,0,0.0,0.0,0,1029–1085,1029–1085,0,1389,0,5000,0,5.0,equal to 750Ti,0,0,0,0,0.0,0.0,0.0,0.0,0.0,0.0,0,0,0,0.0,0.0,0,0,0,0,0,0,0,0,0,0,0,0,0,0,0,0,0,0.0,0,0,Maxwell,0,0,0,0,0.0,0,0,0,0.0,0,0,0.0,0,0,5289,165.3,0,0,0,0,4× GM107,0,2560,1033,?,No,5.2,0,GM107
GeForce GTX 860M,2014-03-12,GK104,28,0,0,PCIe 3.0 x16,0,0,1152:96:16(6 SMX),0,0,0,0,4,80,GDDR5,128,0,12,4.5,0,0,0,12.8,76.5,0,75,0,0,0,0,0,0,0,0,1.2,0,0,0,0,0,0,0,0,0,0,0,0.0,0,0.0,0,0,0,0,0,0,0,0.0,0,0,0,0.0,0,0,0,0.0,0.0,0,0,0,0,0.0,0,0.0,0.0,0,797–915,797–915,0,2108,0,5000,0,3.0,similar to 660 OEM.,0,0,0,0,0.0,0.0,0.0,0.0,0.0,0.0,0,0,0,0.0,0.0,0,0,0,0,0,0,0,0,0,0,0,0,0,0,0,0,0,0.0,0,0,Kepler,0,0,0,PCIe 3.0 x16,0.0,0,0,0,0.0,0,0,0.0,0,0,0,0,0,0,0,0,2x GK104,2x 1536,0,0,0,0,0,0,GK104
GeForce GTX 860M,2014-03-12,GK104,28,0,0,PCIe 3.0 x16,0,0,1152:96:16(6 SMX),0,0,0,0,4,80,GDDR5,128,0,12,4.5,0,0,0,12.8,76.5,0,75,0,0,0,0,0,0,0,0,1.2,0,0,0,0,0,0,0,0,0,0,0,0.0,0,0.0,0,0,0,0,0,0,0,0.0,0,0,0,0.0,0,0,0,0.0,0.0,0,0,0,0,0.0,0,0.0,0.0,0,797–915,797–915,0,2108,0,5000,0,3.0,similar to 660 OEM.,0,0,0,0,0.0,0.0,0.0,0.0,0.0,0.0,0,0,0,0.0,0.0,0,0,0,0,0,0,0,0,0,0,0,0,0,0,0,0,0,0.0,0,0,Kepler,0,0,0,0,0.0,0,0,0,0.0,0,0,0.0,0,0,4577,190.7,0,0,0,0,2× GK104,0,3072,745,?,No,3.0,0,GK104
GeForce GTX 870M,2014-03-12,GK104,28,0,0,PCIe 3.0 x16,0,0,1344:112:24(7 SMX),0,0,0,0,"3, 6",120,GDDR5,192,0,12,4.5,0,0,0,22.6,105.4,0,110,0,0,0,0,0,0,0,0,1.2,0,0,0,0,0,0,0,0,0,0,0,0.0,0,0.0,0,0,0,0,0,0,0,0.0,0,0,0,0.0,0,0,0,0.0,0.0,0,0,0,0,0.0,0,0.0,0.0,0,941–967,941–967,0,2599,0,5000,0,3.0,105% of 660Ti,0,0,0,0,0.0,0.0,0.0,0.0,0.0,0.0,0,0,0,0.0,0.0,0,0,0,0,0,0,0,0,0,0,0,0,0,0,0,0,0,0.0,0,0,Kepler,0,0,0,PCIe 3.0 x16,0.0,0,0,0,0.0,0,0,0.0,0,0,0,0,0,0,0,0,2x GK104,2x 1536,0,0,0,0,0,0,GK104
GeForce GTX 870M,2014-03-12,GK104,28,0,0,PCIe 3.0 x16,0,0,1344:112:24(7 SMX),0,0,0,0,"3, 6",120,GDDR5,192,0,12,4.5,0,0,0,22.6,105.4,0,110,0,0,0,0,0,0,0,0,1.2,0,0,0,0,0,0,0,0,0,0,0,0.0,0,0.0,0,0,0,0,0,0,0,0.0,0,0,0,0.0,0,0,0,0.0,0.0,0,0,0,0,0.0,0,0.0,0.0,0,941–967,941–967,0,2599,0,5000,0,3.0,105% of 660Ti,0,0,0,0,0.0,0.0,0.0,0.0,0.0,0.0,0,0,0,0.0,0.0,0,0,0,0,0,0,0,0,0,0,0,0,0,0,0,0,0,0.0,0,0,Kepler,0,0,0,0,0.0,0,0,0,0.0,0,0,0.0,0,0,4577,190.7,0,0,0,0,2× GK104,0,3072,745,?,No,3.0,0,GK104
GeForce GTX 880M,2014-03-12,GK104,28,0,0,PCIe 3.0 x16,0,0,1536:128:32(8 SMX),0,0,0,0,"4, 8",160,GDDR5,256,0,12,4.5,0,0,0,30.5,122.1,0,130,0,0,0,0,0,0,0,0,1.2,0,0,0,0,0,0,0,0,0,0,0,0.0,0,0.0,0,0,0,0,0,0,0,0.0,0,0,0,0.0,0,0,0,0.0,0.0,0,0,0,0,0.0,0,0.0,0.0,0,954–993,954–993,0,3104,0,5000,0,3.0,90% of 770,0,0,0,0,0.0,0.0,0.0,0.0,0.0,0.0,0,0,0,0.0,0.0,0,0,0,0,0,0,0,0,0,0,0,0,0,0,0,0,0,0.0,0,0,Kepler,0,0,0,PCIe 3.0 x16,0.0,0,0,0,0.0,0,0,0.0,0,0,0,0,0,0,0,0,2x GK104,2x 1536,0,0,0,0,0,0,GK104
GeForce GTX 880M,2014-03-12,GK104,28,0,0,PCIe 3.0 x16,0,0,1536:128:32(8 SMX),0,0,0,0,"4, 8",160,GDDR5,256,0,12,4.5,0,0,0,30.5,122.1,0,130,0,0,0,0,0,0,0,0,1.2,0,0,0,0,0,0,0,0,0,0,0,0.0,0,0.0,0,0,0,0,0,0,0,0.0,0,0,0,0.0,0,0,0,0.0,0.0,0,0,0,0,0.0,0,0.0,0.0,0,954–993,954–993,0,3104,0,5000,0,3.0,90% of 770,0,0,0,0,0.0,0.0,0.0,0.0,0.0,0.0,0,0,0,0.0,0.0,0,0,0,0,0,0,0,0,0,0,0,0,0,0,0,0,0,0.0,0,0,Kepler,0,0,0,0,0.0,0,0,0,0.0,0,0,0.0,0,0,4577,190.7,0,0,0,0,2× GK104,0,3072,745,?,No,3.0,0,GK104
GeForce 910M,2015-03-13,GK208B,28,0,0,PCIe 3.0 x8,0,0,384:32:8 (2 SMX),0,0,0,0,2,16.02,DDR3,64,0,12 (11_0),4.6,0,0,0,5.128,20.51,0,33,0,0,0,0,0,0,0,0,1.2,1.2,0,0,0,0,0,0,0,0,0,0,0.0,0,0.0,0,0,0,0,0,0,0,0.0,0,0,0,0.0,0,0,0,0.0,0.0,0,0,0,0,0.0,0,0.0,0.0,0,0,0,0,492.3,0,0,0,0,0,641,0,0,0,0.0,0.0,0.0,0.0,0.0,0.0,0,0,0,0.0,0.0,0,0,0,0,0,0,0,0,0,0,0,0,0,0,0,0,0,0.0,0,0,0,0,0,0,0,0,0,0,0,0,0,0,0,0,0,0,0,0,0,0,0,0,0,0,0,0,0,0,0,0
GeForce 920M,2015-03-12,GK208,28,0,0,PCIe 3.0 x16,0,0,384:32:8(2 SMX),0,0,0,0,2,14.4,DDR3,64,0,12 (11_0),4.6,0,0,0,7.6,30.5,0,33,0,0,0,0,0,0,0,0,1.2,1.2,0,0,0,0,0,0,0,0,0,0,0.0,0,0.0,0,0,0,0,0,0,0,0.0,0,0,0,0.0,0,0,0,0.0,0.0,0,0,0,0,0.0,0,0.0,0.0,0,0,0,0,733,0,1800,0,0,0,954,Un­known,0,0,0.0,0.0,0.0,0.0,0.0,0.0,0,0,0,0.0,0.0,0,0,0,0,0,0,0,0,0,0,0,0,0,0,0,0,0,0.0,0,0,0,0,0,0,0,0,0,0,0,0,0,0,0,0,0,0,0,0,0,0,0,0,0,0,0,0,0,0,0,0
GeForce 930M,2015-03-12,GM108,28,0,0,PCIe 3.0 x16,0,0,384:24:8(3 SMM),0,0,0,0,2,14.4,DDR3,64,0,12 (11_0),4.6,0,0,0,7.4,22.3,0,29,0,0,0,0,0,0,0,0,1.3,1.2,0,0,0,0,0,0,0,0,0,0,0.0,0,0.0,0,0,0,0,0,0,0,0.0,0,0,0,0.0,0,0,0,0.0,0.0,0,0,0,0,0.0,0,0.0,0.0,0,0,0,0,713,0,1800,0,0,0,928,941,0,0,0.0,0.0,0.0,0.0,0.0,0.0,0,0,0,0.0,0.0,0,0,0,0,0,0,0,0,0,0,0,0,0,0,0,0,0,0.0,0,0,Maxwell,GM108(N16V-GMR1-A1),?,256:16:8:3,PCIe 3.0×4,1.0,965,993,1800(DDR3)5000(GDDR5),2.0,14.4(DDR3)40.1(GDDR5),DDR3GDDR5,64.0,(7.944),(15.89),(508.4),(15.89),—,—,—,—,0,0,0,0,0,0,0,GeForce MX110,GM108
GeForce 930M,2015-03-12,GM108,28,0,0,PCIe 3.0 x16,0,0,384:24:8(3 SMM),0,0,0,0,2,14.4,DDR3,64,0,12 (11_0),4.6,0,0,0,7.4,22.3,0,29,0,0,0,0,0,0,0,0,1.3,1.2,0,0,0,0,0,0,0,0,0,0,0.0,0,0.0,0,0,0,0,0,0,0,0.0,0,0,0,0.0,0,0,0,0.0,0.0,0,0,0,0,0.0,0,0.0,0.0,0,0,0,0,713,0,1800,0,0,0,928,941,0,0,0.0,0.0,0.0,0.0,0.0,0.0,0,0,0,0.0,0.0,0,0,0,0,0,0,0,0,0,0,0,0,0,0,0,0,0,0.0,0,0,Maxwell,GM108(N16S-GTR-A1),?,384:24:8:3,PCIe 3.0×4,1.0,1122,1242,1800(DDR3)5000(GDDR5),2.0,14.4(DDR3)40.1(GDDR5),DDR3GDDR5,64.0,(9.936),(29.81),861.7(953.9),26.93(29.81),—,—,—,—,0,0,0,0,0,0,0,GeForce MX130,GM108
GeForce 940M,2015-03-12,GM108,28,0,0,PCIe 3.0 x16,0,0,384:24:8(3 SMM),0,0,0,0,2,16,DDR3,64,0,12 (11_0),4.6,0,0,0,8.6,25.7,0,36,0,0,0,0,0,0,0,0,1.3,1.2,0,0,0,0,0,0,0,0,0,0,0.0,0,0.0,0,0,0,0,0,0,0,0.0,0,0,0,0.0,0,0,0,0.0,0.0,0,0,0,0,0.0,0,0.0,0.0,0,0,0,0,823,0,2000,0,0,0,1072,1176,0,0,0.0,0.0,0.0,0.0,0.0,0.0,0,0,0,0.0,0.0,0,0,0,0,0,0,0,0,0,0,0,0,0,0,0,0,0,0.0,0,0,Maxwell,GM108(N16V-GMR1-A1),?,256:16:8:3,PCIe 3.0×4,1.0,965,993,1800(DDR3)5000(GDDR5),2.0,14.4(DDR3)40.1(GDDR5),DDR3GDDR5,64.0,(7.944),(15.89),(508.4),(15.89),—,—,—,—,0,0,0,0,0,0,0,GeForce MX110,GM108
GeForce 940M,2015-03-12,GM108,28,0,0,PCIe 3.0 x16,0,0,384:24:8(3 SMM),0,0,0,0,2,16,DDR3,64,0,12 (11_0),4.6,0,0,0,8.6,25.7,0,36,0,0,0,0,0,0,0,0,1.3,1.2,0,0,0,0,0,0,0,0,0,0,0.0,0,0.0,0,0,0,0,0,0,0,0.0,0,0,0,0.0,0,0,0,0.0,0.0,0,0,0,0,0.0,0,0.0,0.0,0,0,0,0,823,0,2000,0,0,0,1072,1176,0,0,0.0,0.0,0.0,0.0,0.0,0.0,0,0,0,0.0,0.0,0,0,0,0,0,0,0,0,0,0,0,0,0,0,0,0,0,0.0,0,0,Maxwell,GM108(N16S-GTR-A1),?,384:24:8:3,PCIe 3.0×4,1.0,1122,1242,1800(DDR3)5000(GDDR5),2.0,14.4(DDR3)40.1(GDDR5),DDR3GDDR5,64.0,(9.936),(29.81),861.7(953.9),26.93(29.81),—,—,—,—,0,0,0,0,0,0,0,GeForce MX130,GM108
GeForce 940MX,2016-01-01,GM108,28,0,0,PCIe 3.0 x16,0,0,384:24:8(3 SMM),0,0,0,0,2,16,DDR3,64,0,12 (11_0),4.6,0,0,0,9.9,29.8,0,23,0,0,0,0,0,0,0,0,1.3,1.2,0,0,0,0,0,0,0,0,0,0,0.0,0,0.0,0,0,0,0,0,0,0,0.0,0,0,0,0.0,0,0,0,0.0,0.0,0,0,0,0,0.0,0,0.0,0.0,0,0,0,0,954,0,2000,0,0,0,1004,1242,0,0,0.0,0.0,0.0,0.0,0.0,0.0,0,0,0,0.0,0.0,0,0,0,0,0,0,0,0,0,0,0,0,0,0,0,0,0,0.0,0,0,Maxwell,GM108(N16V-GMR1-A1),?,256:16:8:3,PCIe 3.0×4,1.0,965,993,1800(DDR3)5000(GDDR5),2.0,14.4(DDR3)40.1(GDDR5),DDR3GDDR5,64.0,(7.944),(15.89),(508.4),(15.89),—,—,—,—,0,0,0,0,0,0,0,GeForce MX110,GM108
GeForce 940MX,2016-01-01,GM108,28,0,0,PCIe 3.0 x16,0,0,384:24:8(3 SMM),0,0,0,0,2,16,DDR3,64,0,12 (11_0),4.6,0,0,0,9.9,29.8,0,23,0,0,0,0,0,0,0,0,1.3,1.2,0,0,0,0,0,0,0,0,0,0,0.0,0,0.0,0,0,0,0,0,0,0,0.0,0,0,0,0.0,0,0,0,0.0,0.0,0,0,0,0,0.0,0,0.0,0.0,0,0,0,0,954,0,2000,0,0,0,1004,1242,0,0,0.0,0.0,0.0,0.0,0.0,0.0,0,0,0,0.0,0.0,0,0,0,0,0,0,0,0,0,0,0,0,0,0,0,0,0,0.0,0,0,Maxwell,GM108(N16S-GTR-A1),?,384:24:8:3,PCIe 3.0×4,1.0,1122,1242,1800(DDR3)5000(GDDR5),2.0,14.4(DDR3)40.1(GDDR5),DDR3GDDR5,64.0,(9.936),(29.81),861.7(953.9),26.93(29.81),—,—,—,—,0,0,0,0,0,0,0,GeForce MX130,GM108
GeForce 940MX,2016-06-28,GM107,28,0,0,PCIe 3.0 x16,0,0,512:32:8(4 SMM),0,0,0,0,2,40,GDDR5,64,0,12 (11_0),4.6,0,0,0,6.9,27.6,0,23,0,0,0,0,0,0,0,0,1.3,1.2,0,0,0,0,0,0,0,0,0,0,0.0,0,0.0,0,0,0,0,0,0,0,0.0,0,0,0,0.0,0,0,0,0.0,0.0,0,0,0,0,0.0,0,0.0,0.0,0,0,0,0,882,0,5000,0,0,0,795,861,0,0,0.0,0.0,0.0,0.0,0.0,0.0,0,0,0,0.0,0.0,0,0,0,0,0,0,0,0,0,0,0,0,0,0,0,0,0,0.0,0,0,Maxwell,0,0,0,0,0.0,0,0,0,0.0,0,0,0.0,0,0,5289,165.3,0,0,0,0,4× GM107,0,2560,1033,?,No,5.2,0,GM107
GeForce GTX 950M,2015-03-12,GM107,28,0,0,PCIe 3.0 x16,0,0,640:40:16(5 SMM),0,0,0,0,"2, 4",80,GDDR5,128,0,12 (11_0),4.6,0,0,0,14.6,36.6,0,Un­known,0,0,0,0,0,0,0,0,1.3,1.2,0,0,0,0,0,0,0,0,0,0,0.0,0,0.0,0,0,0,0,0,0,0,0.0,0,0,0,0.0,0,0,0,0.0,0.0,0,0,0,0,0.0,0,0.0,0.0,0,0,0,0,1170,Similar core config to GTX 750 Ti (GM107-400-A2),5000,0,0,0,914,Un­known,0,0,0.0,0.0,0.0,0.0,0.0,0.0,0,0,0,0.0,0.0,0,0,0,0,0,0,0,0,0,0,0,0,0,0,0,0,0,0.0,0,0,Maxwell,0,0,0,0,0.0,0,0,0,0.0,0,0,0.0,0,0,5289,165.3,0,0,0,0,4× GM107,0,2560,1033,?,No,5.2,0,GM107
GeForce GTX 950M,2015-03-12,GM107,28,0,0,PCIe 3.0 x16,0,0,640:40:16(5 SMM),0,0,0,0,"2, 4",32,DDR3,128,0,12 (11_0),4.6,0,0,0,14.6,36.6,0,55,0,0,0,0,0,0,0,0,1.3,1.2,0,0,0,0,0,0,0,0,0,0,0.0,0,0.0,0,0,0,0,0,0,0,0.0,0,0,0,0.0,0,0,0,0.0,0.0,0,0,0,0,0.0,0,0.0,0.0,0,0,0,0,1170,Similar core config to GTX 750 Ti (GM107-400-A2),2000,0,0,0,914,Un­known,0,0,0.0,0.0,0.0,0.0,0.0,0.0,0,0,0,0.0,0.0,0,0,0,0,0,0,0,0,0,0,0,0,0,0,0,0,0,0.0,0,0,Maxwell,0,0,0,0,0.0,0,0,0,0.0,0,0,0.0,0,0,5289,165.3,0,0,0,0,4× GM107,0,2560,1033,?,No,5.2,0,GM107
GeForce GTX 960M,2015-03-12,GM107,28,0,0,PCIe 3.0 x16,0,0,640:40:16(5 SMM),0,0,0,0,"2, 4",80,GDDR5,128,0,12 (11_0),4.6,0,0,0,17.5,43.8,0,65,0,0,0,0,0,0,0,0,1.3,1.2,0,0,0,0,0,0,0,0,0,0,0.0,0,0.0,0,0,0,0,0,0,0,0.0,0,0,0,0.0,0,0,0,0.0,0.0,0,0,0,0,0.0,0,0.0,0.0,0,0,0,0,1403,Similar core config to GTX 750 Ti (GM107-400-A2),5000,0,0,0,1097,1176,0,0,0.0,0.0,0.0,0.0,0.0,0.0,0,0,0,0.0,0.0,0,0,0,0,0,0,0,0,0,0,0,0,0,0,0,0,0,0.0,0,0,Maxwell,0,0,0,0,0.0,0,0,0,0.0,0,0,0.0,0,0,5289,165.3,0,0,0,0,4× GM107,0,2560,1033,?,No,5.2,0,GM107
GeForce GTX 965M,2015-01-05,GM204,28,0,0,PCIe 3.0 x16,0,0,1024:64:32(8 SMM),0,0,0,0,"2, 4",80,GDDR5,128,0,12 (12_1),4.6,0,0,0,30.2,60.4,0,60,0,0,0,0,0,0,0,0,1.3,1.2,0,0,0,0,0,0,0,0,0,0,0.0,0,0.0,0,0,0,0,0,0,0,0.0,0,0,0,0.0,0,0,0,0.0,0.0,0,0,0,0,0.0,0,0.0,0.0,0,0,0,0,1933,Similar core config to GTX 960 (GM206-300),5000,0,0,0,944,Un­known,0,0,0.0,0.0,0.0,0.0,0.0,0.0,0,0,0,0.0,0.0,0,0,0,0,0,0,0,0,0,0,0,0,0,0,0,0,0,0.0,0,0,0,0,0,0,0,0,0,0,0,0,0,0,0,0,0,0,0,0,0,0,0,0,0,0,0,0,0,0,0,0
GeForce GTX 970M,2014-10-07,GM204,28,0,0,PCIe 3.0 x16,0,0,1280:80:48(10 SMM),0,0,0,0,"3, 6",120,GDDR5,192,0,12 (12_1),4.6,0,0,0,44.4,73.9,0,75,0,0,0,0,0,0,0,0,1.3,1.2,0,0,0,0,0,0,0,0,0,0,0.0,0,0.0,0,0,0,0,0,0,0,0.0,0,0,0,0.0,0,0,0,0.0,0.0,0,0,0,0,0.0,0,0.0,0.0,0,0,0,0,2365,Similar core config to GTX 960 OEM (GM204),5000,0,0,0,944,993,0,0,0.0,0.0,0.0,0.0,0.0,0.0,0,0,0,0.0,0.0,0,0,0,0,0,0,0,0,0,0,0,0,0,0,0,0,0,0.0,0,0,0,0,0,0,0,0,0,0,0,0,0,0,0,0,0,0,0,0,0,0,0,0,0,0,0,0,0,0,0,0
GeForce GTX 980M,2014-10-07,GM204,28,0,0,PCIe 3.0 x16,0,0,1536:96:64(12 SMM),0,0,0,0,"4, 8",160,GDDR5,256,0,12 (12_1),4.6,0,0,0,66.4,99.6,0,100,0,0,0,0,0,0,0,0,1.3,1.2,0,0,0,0,0,0,0,0,0,0,0.0,0,0.0,0,0,0,0,0,0,0,0.0,0,0,0,0.0,0,0,0,0.0,0.0,0,0,0,0,0.0,0,0.0,0.0,0,0,0,0,3189,Similar core config to GTX 970 (GM204-200) with one SMM disabled,5000,0,0,0,1038,1127,0,0,0.0,0.0,0.0,0.0,0.0,0.0,0,0,0,0.0,0.0,0,0,0,0,0,0,0,0,0,0,0,0,0,0,0,0,0,0.0,0,0,0,0,0,0,0,0,0,0,0,0,0,0,0,0,0,0,0,0,0,0,0,0,0,0,0,0,0,0,0,0
GeForce GTX 980,2015-09-22,GM204,28,0,0,PCIe 3.0 x16,0,0,2048:128:64(16 SMM),0,0,0,0,8,224,GDDR5,256,0,12 (12_1),4.6,0,0,0,68.1,136.2,0,"165, oc to 200",0,0,0,0,0,0,0,0,1.3,1.2,0,0,0,0,0,0,0,0,0,0,0.0,0,0.0,0,0,0,0,0,0,0,0.0,0,0,0,0.0,0,0,0,0.0,0.0,0,0,0,0,0.0,0,0.0,0.0,0,0,0,0,4358,Similar to Desktop GTX 980,7010,0,0,0,1064,Un­known,0,0,0.0,0.0,0.0,0.0,0.0,0.0,0,0,0,0.0,0.0,0,0,0,0,0,0,0,0,0,0,0,0,0,0,0,0,0,0.0,0,0,0,0,0,0,0,0,0,0,0,0,0,0,0,0,0,0,0,0,0,0,0,0,0,0,0,0,0,0,0,0
GeForce GTX 1050,2017-01-03,GP107(N17P-G0-A1),14 nm,0,135,PCIe 3.0 x16,0,0,640:40:16,0,0,0,0,4,112,GDDR5,128,0,0,4.5,0,0,0,21.7,54.2,0,53,0,0,0,0,0,0,0,0,1.3,1.2,27.0,0,0,0,0,0,0,0,3.3,0,0.0,0,0.0,No,0,0,0,7000,14.0,0,1354.0,1493,0,0,0.0,0,0,0,0.0,0.0,0,0,0,0,0.0,0,0.0,0.0,0,0,0,0,0,0,0,0,0,0,0,0,12 (12_1),1733 (1911),0.0,0.0,0.0,0.0,0.0,0.0,0,0,0,0.0,0.0,0,0,0,0,0,0,0,0,0,0,0,0,0,0,0,0,0,0.0,0,0,0,0,0,0,0,0,0,0,0,0,0,0,0,0,0,0,0,0,0,0,0,0,0,0,0,0,0,0,0,0
GeForce GTX 1050 Ti,2017-01-03,GP107(N17P-G1-A1),14 nm,0,135,PCIe 3.0 x16,0,0,768:48:32,0,0,0,0,4,112,GDDR5,128,0,0,4.5,0,0,0,47.8,71.7,0,64,0,0,0,0,0,0,0,0,1.3,1.2,36.0,0,0,0,0,0,0,0,3.3,0,0.0,0,0.0,No,0,0,0,7000,18.0,0,1493.0,1620,0,0,0.0,0,0,0,0.0,0.0,0,0,0,0,0.0,0,0.0,0.0,0,0,0,0,0,0,0,0,0,0,0,0,12 (12_1),2293 (2488),0.0,0.0,0.0,0.0,0.0,0.0,0,0,0,0.0,0.0,0,0,0,0,0,0,0,0,0,0,0,0,0,0,0,0,0,0.0,0,0,0,0,0,0,0,0,0,0,0,0,0,0,0,0,0,0,0,0,0,0,0,0,0,0,0,0,0,0,0,0
GeForce GTX 1060,2016-08-16,GP106,16,0,200,PCIe 3.0 x16,0,0,1280:80:48,0,0,0,0,6,192,GDDR5,192,0,0,4.5,0,0,0,67.4,112.0,0,80,0,0,0,0,0,0,0,0,1.3,1.2,112.0,0,0,0,0,0,0,0,4.4,0,0.0,0,0.0,No,0,0,0,8000,56.0,0,1404.0,1670,0,0,0.0,0,0,0,0.0,0.0,0,0,0,0,0.0,0,0.0,0.0,0,0,0,0,0,0,0,0,0,0,0,0,12 (12_1),3594 (4275),0.0,0.0,0.0,0.0,0.0,0.0,0,0,0,0.0,0.0,0,0,0,0,0,0,0,0,0,0,0,0,0,0,0,0,0,0.0,0,0,0,0,0,0,0,0,0,0,0,0,0,0,0,0,0,0,0,0,0,0,0,0,0,0,0,0,0,0,0,0
GeForce GTX 1060 Max-Q,2017-05-01,GP106,16,0,200,PCIe 3.0 x16,0,0,1280:80:48,0,0,0,0,6,192,GDDR5,192,0,0,4.5,0,0,0,71.04,118.4,0,80,0,0,0,0,0,0,0,0,1.3,1.2,118.4,0,0,0,0,0,0,0,4.4,0,0.0,0,0.0,No,0,0,0,8000,59.2,0,1063.0,1480,0,0,0.0,0,0,0,0.0,0.0,0,0,0,0,0.0,0,0.0,0.0,0,0,0,0,0,0,0,0,0,0,0,0,12 (12_1),3789,0.0,0.0,0.0,0.0,0.0,0.0,0,0,0,0.0,0.0,0,0,0,0,0,0,0,0,0,0,0,0,0,0,0,0,0,0.0,0,0,0,0,0,0,0,0,0,0,0,0,0,0,0,0,0,0,0,0,0,0,0,0,0,0,0,0,0,0,0,0
GeForce GTX 1060 Max-Q,2017-05-01,GP106B,16,0,200,PCIe 3.0 x16,0,0,1280:80:48,0,0,0,0,6,192,GDDR5,192,0,0,4.5,0,0,0,71.04,118.4,0,80,0,0,0,0,0,0,0,0,1.3,1.2,118.4,0,0,0,0,0,0,0,4.4,0,0.0,0,0.0,No,0,0,0,8000,59.2,0,1265.0,1480,0,0,0.0,0,0,0,0.0,0.0,0,0,0,0,0.0,0,0.0,0.0,0,0,0,0,0,0,0,0,0,0,0,0,12 (12_1),3789,0.0,0.0,0.0,0.0,0.0,0.0,0,0,0,0.0,0.0,0,0,0,0,0,0,0,0,0,0,0,0,0,0,0,0,0,0.0,0,0,0,0,0,0,0,0,0,0,0,0,0,0,0,0,0,0,0,0,0,0,0,0,0,0,0,0,0,0,0,0
GeForce GTX 1070,2016-08-16,GP104/GP104B,16,0,314,PCIe 3.0 x16,0,0,2048:128:64,0,0,0,0,8,256,GDDR5,256,0,0,4.5,0,0,0,92.3,185.0,0,115,0,0,0,0,0,0,0,0,1.3,1.2,185.0,0,0,0,0,0,0,0,7.2,0,0.0,0,0.0,Yes,0,0,0,8000,92.0,0,1442.0,1645,0,0,0.0,0,0,0,0.0,0.0,0,0,0,0,0.0,0,0.0,0.0,0,0,0,0,0,0,0,0,0,0,0,0,12 (12_1),5906 (6738),0.0,0.0,0.0,0.0,0.0,0.0,0,0,0,0.0,0.0,0,0,0,0,0,0,0,0,0,0,0,0,0,0,0,0,0,0.0,0,0,0,0,0,0,0,0,0,0,0,0,0,0,0,0,0,0,0,0,0,0,0,0,0,0,0,0,0,0,0,0
GeForce GTX 1070 Max-Q,2017-05-01,GP104/GP104B,16,0,314,PCIe 3.0 x16,0,0,2048:128:64,0,0,0,0,8,256,GDDR5,256,0,0,4.5,0,0,0,88.26,176.5,0,?,0,0,0,0,0,0,0,0,1.3,1.2,176.5,0,0,0,0,0,0,0,7.2,0,0.0,0,0.0,No,0,0,0,8000,88.26,0,1101.0,1379,0,0,0.0,0,0,0,0.0,0.0,0,0,0,0,0.0,0,0.0,0.0,0,0,0,0,0,0,0,0,0,0,0,0,12 (12_1),5648,0.0,0.0,0.0,0.0,0.0,0.0,0,0,0,0.0,0.0,0,0,0,0,0,0,0,0,0,0,0,0,0,0,0,0,0,0.0,0,0,0,0,0,0,0,0,0,0,0,0,0,0,0,0,0,0,0,0,0,0,0,0,0,0,0,0,0,0,0,0
GeForce GTX 1080,2016-08-16,GP104/GP104B,16,0,314,PCIe 3.0 x16,0,0,2560:160:64,0,0,0,0,8,320,GDDR5X,256,0,0,4.5,0,0,0,99.6,249.0,0,150,0,0,0,0,0,0,0,0,1.3,1.2,249.0,0,0,0,0,0,0,0,7.2,0,0.0,0,0.0,Yes,0,0,0,10000,124.0,0,1556.0,1733,0,0,0.0,0,0,0,0.0,0.0,0,0,0,0,0.0,0,0.0,0.0,0,0,0,0,0,0,0,0,0,0,0,0,12 (12_1),7967 (8873),0.0,0.0,0.0,0.0,0.0,0.0,0,0,0,0.0,0.0,0,0,0,0,0,0,0,0,0,0,0,0,0,0,0,0,0,0.0,0,0,0,0,0,0,0,0,0,0,0,0,0,0,0,0,0,0,0,0,0,0,0,0,0,0,0,0,0,0,0,0
GeForce GTX 1080 Max-Q,2017-05-01,GP104/GP104B,16,0,314,PCIe 3.0 x16,0,0,2560:160:64,0,0,0,0,8,320,GDDR5X,256,0,0,4.5,0,0,0,93.95,234.9,0,?,0,0,0,0,0,0,0,0,1.3,1.2,234.9,0,0,0,0,0,0,0,7.2,0,0.0,0,0.0,No,0,0,0,10000,117.4,0,1101.0,1468,0,0,0.0,0,0,0,0.0,0.0,0,0,0,0,0.0,0,0.0,0.0,0,0,0,0,0,0,0,0,0,0,0,0,12 (12_1),7516,0.0,0.0,0.0,0.0,0.0,0.0,0,0,0,0.0,0.0,0,0,0,0,0,0,0,0,0,0,0,0,0,0,0,0,0,0.0,0,0,0,0,0,0,0,0,0,0,0,0,0,0,0,0,0,0,0,0,0,0,0,0,0,0,0,0,0,0,0,0
Geforce GTX 1630,2022-06-28,TU117,0,0,200,PCIe 3.0 x16,0,0,512:32:16,0,0,0,0,4,96,GDDR6,64,0,0,0,0,0,0,28.56,57.12,1828,75,0,0,0,0,0,0,0,0,0,0,57.12,0,0,0,0,0,0,TSMC 12FFN,4.7,1.0,0.0,0,0.0,0,0,0,0,0,3.656,0,1740.0,1785,0,0,0.0,0,0,0,0.0,0.0,0,0,0,0,0.0,0,0.0,0.0,0,0,0,0,0,0,0,0,0,0,0,0,0,0,12000.0,0.0,0.0,0.0,0.0,0.0,0,0,0,0.0,0.0,0,0,0,0,0,0,0,0,0,0,0,0,0,0,0,0,0,0.0,0,0,Turing,TU117(N18S-LP-A1)(N18S-G5-A1),200,896:56:32:14,PCIe 4.0×4,1.0,720(LP)1395,930(LP)1575,7000,2.0,56,GDDR5,64.0,23.04(50.40),40.32(88.20),1290(2822),40.32(88.20),2581(5645),—,—,—,0,0,0,0,0,0,0,GeForce MX450,TU117
Geforce GTX 1630,2022-06-28,TU117,0,0,200,PCIe 3.0 x16,0,0,512:32:16,0,0,0,0,4,96,GDDR6,64,0,0,0,0,0,0,28.56,57.12,1828,75,0,0,0,0,0,0,0,0,0,0,57.12,0,0,0,0,0,0,TSMC 12FFN,4.7,1.0,0.0,0,0.0,0,0,0,0,0,3.656,0,1740.0,1785,0,0,0.0,0,0,0,0.0,0.0,0,0,0,0,0.0,0,0.0,0.0,0,0,0,0,0,0,0,0,0,0,0,0,0,0,12000.0,0.0,0.0,0.0,0.0,0.0,0,0,0,0.0,0.0,0,0,0,0,0,0,0,0,0,0,0,0,0,0,0,0,0,0.0,0,0,Turing,TU117(N18S-LP-A1)(N18S-G5-A1),200,896:56:32:14,PCIe 4.0×4,1.0,720(LP)1395,930(LP)1575,10000,2.0,80,GDDR6,64.0,23.04(50.40),40.32(88.20),1290(2822),40.32(88.20),2581(5645),—,—,—,0,0,0,0,0,0,0,GeForce MX450,TU117
GeForce GTX 1650,2019-04-23,TU117,0,0,200,PCIe 3.0 x16,0,0,1024:64:32,0,0,0,0,4,128,GDDR5,128,0,0,0,0,0,0,49.92,99.84,3195,50,0,0,0,0,0,0,0,0,0,0,99.84,0,0,0,0,0,0,TSMC 12FFN,4.7,1.0,0.0,0,0.0,0,0,0,0,0,6390.0,0,1395.0,1560,0,0,0.0,0,0,0,0.0,0.0,0,0,0,0,0.0,0,0.0,0.0,0,0,0,0,0,0,0,0,0,0,0,0,0,0,8000.0,0.0,0.0,0.0,0.0,0.0,0,0,0,0.0,0.0,0,0,0,0,0,0,0,0,0,0,0,0,0,0,0,0,0,0.0,0,0,Turing,TU117(N18S-LP-A1)(N18S-G5-A1),200,896:56:32:14,PCIe 4.0×4,1.0,720(LP)1395,930(LP)1575,7000,2.0,56,GDDR5,64.0,23.04(50.40),40.32(88.20),1290(2822),40.32(88.20),2581(5645),—,—,—,0,0,0,0,0,0,0,GeForce MX450,TU117
GeForce GTX 1650,2019-04-23,TU117,0,0,200,PCIe 3.0 x16,0,0,1024:64:32,0,0,0,0,4,128,GDDR5,128,0,0,0,0,0,0,49.92,99.84,3195,50,0,0,0,0,0,0,0,0,0,0,99.84,0,0,0,0,0,0,TSMC 12FFN,4.7,1.0,0.0,0,0.0,0,0,0,0,0,6390.0,0,1395.0,1560,0,0,0.0,0,0,0,0.0,0.0,0,0,0,0,0.0,0,0.0,0.0,0,0,0,0,0,0,0,0,0,0,0,0,0,0,8000.0,0.0,0.0,0.0,0.0,0.0,0,0,0,0.0,0.0,0,0,0,0,0,0,0,0,0,0,0,0,0,0,0,0,0,0.0,0,0,Turing,TU117(N18S-LP-A1)(N18S-G5-A1),200,896:56:32:14,PCIe 4.0×4,1.0,720(LP)1395,930(LP)1575,10000,2.0,80,GDDR6,64.0,23.04(50.40),40.32(88.20),1290(2822),40.32(88.20),2581(5645),—,—,—,0,0,0,0,0,0,0,GeForce MX450,TU117
GeForce GTX 1650 Max-Q,2019-04-23,TU117(N18P-G0-MP-A1),0,0,200,PCIe 3.0 x16,0,0,1024:64:32,0,0,0,0,4,112,GDDR5,128,0,0,0,0,0,0,39.84,79.68,2550,30,0,0,0,0,0,0,0,0,0,0,79.68,0,0,0,0,0,0,TSMC 12FFN,4.7,1.0,0.0,0,0.0,0,0,0,0,0,5100.0,0,1020.0,1245,0,0,0.0,0,0,0,0.0,0.0,0,0,0,0,0.0,0,0.0,0.0,0,0,0,0,0,0,0,0,0,0,0,0,0,0,8000.0,0.0,0.0,0.0,0.0,0.0,0,0,0,0.0,0.0,0,0,0,0,0,0,0,0,0,0,0,0,0,0,0,0,0,0.0,0,0,0,0,0,0,0,0,0,0,0,0,0,0,0,0,0,0,0,0,0,0,0,0,0,0,0,0,0,0,0,0
GeForce GTX 1650 Ti Max-Q,2020-04-02,TU117,0,0,200,PCIe 3.0 x16,0,0,1024:64:32,0,0,0,0,4,192,GDDR6,128,0,0,0,0,0,0,38.4,76.8,2458,35,0,0,0,0,0,0,0,0,0,0,76.8,0,0,0,0,0,0,TSMC 12FFN,4.7,1.0,0.0,0,0.0,0,0,0,0,0,4915.0,0,1035.0,1200,0,0,0.0,0,0,0,0.0,0.0,0,0,0,0,0.0,0,0.0,0.0,0,0,0,0,0,0,0,0,0,0,0,0,0,0,12000.0,0.0,0.0,0.0,0.0,0.0,0,0,0,0.0,0.0,0,0,0,0,0,0,0,0,0,0,0,0,0,0,0,0,0,0.0,0,0,Turing,TU117(N18S-LP-A1)(N18S-G5-A1),200,896:56:32:14,PCIe 4.0×4,1.0,720(LP)1395,930(LP)1575,7000,2.0,56,GDDR5,64.0,23.04(50.40),40.32(88.20),1290(2822),40.32(88.20),2581(5645),—,—,—,0,0,0,0,0,0,0,GeForce MX450,TU117
GeForce GTX 1650 Ti Max-Q,2020-04-02,TU117,0,0,200,PCIe 3.0 x16,0,0,1024:64:32,0,0,0,0,4,192,GDDR6,128,0,0,0,0,0,0,38.4,76.8,2458,35,0,0,0,0,0,0,0,0,0,0,76.8,0,0,0,0,0,0,TSMC 12FFN,4.7,1.0,0.0,0,0.0,0,0,0,0,0,4915.0,0,1035.0,1200,0,0,0.0,0,0,0,0.0,0.0,0,0,0,0,0.0,0,0.0,0.0,0,0,0,0,0,0,0,0,0,0,0,0,0,0,12000.0,0.0,0.0,0.0,0.0,0.0,0,0,0,0.0,0.0,0,0,0,0,0,0,0,0,0,0,0,0,0,0,0,0,0,0.0,0,0,Turing,TU117(N18S-LP-A1)(N18S-G5-A1),200,896:56:32:14,PCIe 4.0×4,1.0,720(LP)1395,930(LP)1575,10000,2.0,80,GDDR6,64.0,23.04(50.40),40.32(88.20),1290(2822),40.32(88.20),2581(5645),—,—,—,0,0,0,0,0,0,0,GeForce MX450,TU117
GeForce GTX 1650 Ti,2020-04-02,TU117(N18P-G62-A1),0,0,200,PCIe 3.0 x16,0,0,1024:64:32,0,0,0,0,4,192,GDDR6,128,0,0,0,0,0,0,47.52,95.04,3041,55,0,0,0,0,0,0,0,0,0,0,95.04,0,0,0,0,0,0,TSMC 12FFN,4.7,1.0,0.0,0,0.0,0,0,0,0,0,6083.0,0,1350.0,1485,0,0,0.0,0,0,0,0.0,0.0,0,0,0,0,0.0,0,0.0,0.0,0,0,0,0,0,0,0,0,0,0,0,0,0,0,12000.0,0.0,0.0,0.0,0.0,0.0,0,0,0,0.0,0.0,0,0,0,0,0,0,0,0,0,0,0,0,0,0,0,0,0,0.0,0,0,0,0,0,0,0,0,0,0,0,0,0,0,0,0,0,0,0,0,0,0,0,0,0,0,0,0,0,0,0,0
GeForce GTX 1660,1995-01-01,TU116,0,0,284,PCIe 3.0 x16,0,0,1408:88:48,0,0,0,0,6,384,GDDR6,192,0,0,0,0,0,0,76.32,127.2,4070,?,0,0,0,0,0,0,0,0,0,0,127.2,0,0,0,0,0,0,TSMC 12FFN,6.6,1.5,0.0,0,0.0,0,0,0,0,0,8141.0,0,1455.0,1599,0,0,0.0,0,0,0,0.0,0.0,0,0,0,0,0.0,0,0.0,0.0,0,0,0,0,0,0,0,0,0,0,0,0,0,0,16000.0,0.0,0.0,0.0,0.0,0.0,0,0,0,0.0,0.0,0,0,0,0,0,0,0,0,0,0,0,0,0,0,0,0,0,0.0,0,0,0,0,0,0,0,0,0,0,0,0,0,0,0,0,0,0,0,0,0,0,0,0,0,0,0,0,0,0,0,0
GeForce GTX 1660 Ti Max-Q,2019-04-23,TU116,0,0,284,PCIe 3.0 x16,0,0,1536:96:46,0,0,0,0,6,288,GDDR6,192,0,0,0,0,0,0,64.08,128.2,4101,60,0,0,0,0,0,0,0,0,0,0,128.2,0,0,0,0,0,0,TSMC 12FFN,6.6,1.5,0.0,0,0.0,0,0,0,0,0,8202.0,0,1140.0,1335,0,0,0.0,0,0,0,0.0,0.0,0,0,0,0,0.0,0,0.0,0.0,0,0,0,0,0,0,0,0,0,0,0,0,0,0,12000.0,0.0,0.0,0.0,0.0,0.0,0,0,0,0.0,0.0,0,0,0,0,0,0,0,0,0,0,0,0,0,0,0,0,0,0.0,0,0,0,0,0,0,0,0,0,0,0,0,0,0,0,0,0,0,0,0,0,0,0,0,0,0,0,0,0,0,0,0
GeForce GTX 1660 Ti,2019-04-23,TU116,0,0,284,PCIe 3.0 x16,0,0,1536:96:46,0,0,0,0,6,288,GDDR6,192,0,0,0,0,0,0,76.32,152.6,4884,80,0,0,0,0,0,0,0,0,0,0,152.6,0,0,0,0,0,0,TSMC 12FFN,6.6,1.5,0.0,0,0.0,0,0,0,0,0,9769.0,0,1455.0,1590,0,0,0.0,0,0,0,0.0,0.0,0,0,0,0,0.0,0,0.0,0.0,0,0,0,0,0,0,0,0,0,0,0,0,0,0,12000.0,0.0,0.0,0.0,0.0,0.0,0,0,0,0.0,0.0,0,0,0,0,0,0,0,0,0,0,0,0,0,0,0,0,0,0.0,0,0,0,0,0,0,0,0,0,0,0,0,0,0,0,0,0,0,0,0,0,0,0,0,0,0,0,0,0,0,0,0
GeForce RTX 2050,2022-01-01,GA107,0,0,200,PCIe 3.0 x8,0,0,2048:128:48:256:32 (32) (3),0,0,0,0,4,112.0,GDDR6,64,0,0,0,0,0,0,0.0,0.0,0.0,30-45,0,0,0,0,0,0,0,0,0,0,0.0,0,0,0,0,0,0,Samsung 8N,8.7,2,0.0,0,0.0,0,0,0,0,14000,0.0,0,1155.0,1477,0,0,0.0,0,0,0.0,0.0,0.0,0,0,0,0,0.0,0,0.0,0.0,0,0,0,0,0,0,0,0,0,0,0,0,0,0,0.0,0.0,0.0,0.0,0.0,0.0,0,0,0,0.0,0.0,0,0,0,0,0,0,0,0,0,0,0,0,0,0,0,0,0,0.0,0,0,Ampere,GA107(GN20-S5-A1),200,204864:40:16:16:64,PCIe 4.0×4,2.0,1087,1155,12000,24.0,96,GDDR6,64.0,(46.20),(73.92),(4731),(73.92),(4731),0,0,0,0,0,0,0,0,0,0,GeForce MX570,GA107
GeForce RTX 2050,2022-01-01,GA107,0,0,200,PCIe 3.0 x8,0,0,2048:128:48:256:32 (32) (3),0,0,0,0,4,112.0,GDDR6,64,0,0,0,0,0,0,0.0,0.0,0.0,30-45,0,0,0,0,0,0,0,0,0,0,0.0,0,0,0,0,0,0,Samsung 8N,8.7,2,0.0,0,0.0,0,0,0,0,14000,0.0,0,1155.0,1477,0,0,0.0,0,0,0.0,0.0,0.0,0,0,0,0,0.0,0,0.0,0.0,0,0,0,0,0,0,0,0,0,0,0,0,0,0,0.0,0.0,0.0,0.0,0.0,0.0,0,0,0,0.0,0.0,0,0,0,0,0,0,0,0,0,0,0,0,0,0,0,0,0,0.0,0,0,Ampere,0,0,0,0,0.0,0,0,0,0.0,0,0,0.0,0,0,4531,140,0,0,0,0,1× GA107,0,1280,1440,1770,18124,8.6,0,GA107
GeForce RTX 2050,2022-01-01,GA107,0,0,200,PCIe 3.0 x8,0,0,2048:128:48:256:32 (32) (3),0,0,0,0,4,112.0,GDDR6,64,0,0,0,0,0,0,0.0,0.0,0.0,30-45,0,0,0,0,0,0,0,0,0,0,0.0,0,0,0,0,0,0,Samsung 8N,8.7,2,0.0,0,0.0,0,0,0,0,14000,0.0,0,1155.0,1477,0,0,0.0,0,0,0.0,0.0,0.0,0,0,0,0,0.0,0,0.0,0.0,0,0,0,0,0,0,0,0,0,0,0,0,0,0,0.0,0.0,0.0,0.0,0.0,0.0,0,0,0,0.0,0.0,0,0,0,0,0,0,0,0,0,0,0,0,0,0,0,0,0,0.0,0,0,Ampere,0,0,0,0,0.0,0,0,0,0.0,0,0,0.0,0,0,"4× 4,608",1084.8,0,0,0,0,4× GA107,0,"4× 1,280",885,1695,"4x 18,432",8.6,0,GA107
GeForce RTX 2060,2019-01-29,TU106,0,0,445,PCIe 3.0 x16,0,0,1920:120:48:240:30 (30) (3),0,0,0,0,6,336.0,GDDR6,192,0,0,0,0,0,0,57.6,144.0,4608.0,80,0,0,0,0,0,0,0,0,0,0,144.0,0,0,0,0,0,0,TSMC12FFN,10.8,3,0.0,0,0.0,0,0,0,0,14000,9216.0,0,960.0,1200,0,0,0.0,0,0,0.0,0.0,0.0,0,0,0,0,0.0,0,0.0,0.0,0,0,0,0,0,0,0,0,0,0,0,0,0,0,0.0,0.0,0.0,0.0,0.0,0.0,0,0,0,0.0,0.0,0,0,0,0,0,0,0,0,0,0,0,0,0,0,0,0,0,0.0,0,0,0,0,0,0,0,0,0,0,0,0,0,0,0,0,0,0,0,0,0,0,0,0,0,0,0,0,0,0,0,0
GeForce RTX 2060 Max-Q,2019-01-29,TU106,0,0,445,PCIe 3.0 x16,0,0,1920:120:48:240:30 (30) (3),0,0,0,0,6,264.0,GDDR6,192,0,0,0,0,0,0,56.88,142.2,4550.0,65,0,0,0,0,0,0,0,0,0,0,142.2,0,0,0,0,0,0,TSMC12FFN,10.8,3,0.0,0,0.0,0,0,0,0,11000,9101.0,0,975.0,1175,0,0,0.0,0,0,0.0,0.0,0.0,0,0,0,0,0.0,0,0.0,0.0,0,0,0,0,0,0,0,0,0,0,0,0,0,0,0.0,0.0,0.0,0.0,0.0,0.0,0,0,0,0.0,0.0,0,0,0,0,0,0,0,0,0,0,0,0,0,0,0,0,0,0.0,0,0,0,0,0,0,0,0,0,0,0,0,0,0,0,0,0,0,0,0,0,0,0,0,0,0,0,0,0,0,0,0
GeForce RTX 2070,2019-01-29,TU106,0,0,445,PCIe 3.0 x16,0,0,2304:144:64:288:36 (36) (3),0,0,0,0,8,448.0,GDDR6,256,0,0,0,0,0,0,92.16,207.4,6636.0,115,0,0,0,0,0,0,0,0,0,0,207.4,0,0,0,0,0,0,TSMC12FFN,10.8,4,0.0,0,0.0,0,0,0,0,14000,13270.0,0,1215.0,1440,0,0,0.0,0,0,0.0,0.0,0.0,0,0,0,0,0.0,0,0.0,0.0,0,0,0,0,0,0,0,0,0,0,0,0,0,0,0.0,0.0,0.0,0.0,0.0,0.0,0,0,0,0.0,0.0,0,0,0,0,0,0,0,0,0,0,0,0,0,0,0,0,0,0.0,0,0,0,0,0,0,0,0,0,0,0,0,0,0,0,0,0,0,0,0,0,0,0,0,0,0,0,0,0,0,0,0
GeForce RTX 2070 Max-Q,2019-01-29,TU106,0,0,445,PCIe 3.0 x16,0,0,2304:144:64:288:36 (36) (3),0,0,0,0,8,448.0,GDDR6,256,0,0,0,0,0,0,75.84,170.6,5460.0,80,0,0,0,0,0,0,0,0,0,0,170.6,0,0,0,0,0,0,TSMC12FFN,10.8,4,0.0,0,0.0,0,0,0,0,12000,10920.0,0,885.0,1185,0,0,0.0,0,0,0.0,0.0,0.0,0,0,0,0,0.0,0,0.0,0.0,0,0,0,0,0,0,0,0,0,0,0,0,0,0,0.0,0.0,0.0,0.0,0.0,0.0,0,0,0,0.0,0.0,0,0,0,0,0,0,0,0,0,0,0,0,0,0,0,0,0,0.0,0,0,0,0,0,0,0,0,0,0,0,0,0,0,0,0,0,0,0,0,0,0,0,0,0,0,0,0,0,0,0,0
GeForce RTX 2070 Super,2020-04-02,TU104,0,0,545,PCIe 3.0 x16,0,0,2560:160:64:320:40 (40) (5),0,0,0,0,8,448.0,GDDR6,256,0,0,0,0,0,0,88.3,220.8,7066.0,115,0,0,0,0,0,0,0,0,0,0,220.8,0,0,0,0,0,0,TSMC12FFN,13.6,4,0.0,0,0.0,0,0,0,0,14000,14130.0,0,1140.0,1380,0,0,0.0,0,0,0.0,0.0,0.0,0,0,0,0,0.0,0,0.0,0.0,0,0,0,0,0,0,0,0,0,0,0,0,0,0,0.0,0.0,0.0,0.0,0.0,0.0,0,0,0,0.0,0.0,0,0,0,0,0,0,0,0,0,0,0,0,0,0,0,0,0,0.0,0,0,0,0,0,0,0,0,0,0,0,0,0,0,0,0,0,0,0,0,0,0,0,0,0,0,0,0,0,0,0,0
GeForce RTX 2070 Super Max-Q,2020-04-02,TU104,0,0,545,PCIe 3.0 x16,0,0,2560:160:64:320:40 (40) (5),0,0,0,0,8,448.0,GDDR6,256,0,0,0,0,0,0,69.1,172.8,5530.0,80,0,0,0,0,0,0,0,0,0,0,172.8,0,0,0,0,0,0,TSMC12FFN,13.6,4,0.0,0,0.0,0,0,0,0,12000,11060.0,0,930.0,1155,0,0,0.0,0,0,0.0,0.0,0.0,0,0,0,0,0.0,0,0.0,0.0,0,0,0,0,0,0,0,0,0,0,0,0,0,0,0.0,0.0,0.0,0.0,0.0,0.0,0,0,0,0.0,0.0,0,0,0,0,0,0,0,0,0,0,0,0,0,0,0,0,0,0.0,0,0,0,0,0,0,0,0,0,0,0,0,0,0,0,0,0,0,0,0,0,0,0,0,0,0,0,0,0,0,0,0
GeForce RTX 2080,2019-01-29,TU104,0,0,545,PCIe 3.0 x16,0,0,2944:184:64:368:46 (46) (6),0,0,0,0,8,384.0,GDDR6,256,0,0,0,0,0,0,101.8,292.6,9362.0,150,0,0,0,0,0,0,0,0,0,0,292.6,0,0,0,0,0,0,TSMC12FFN,13.6,4,0.0,0,0.0,0,0,0,0,14000,18720.0,0,1380.0,1590,0,0,0.0,0,0,0.0,0.0,0.0,0,0,0,0,0.0,0,0.0,0.0,0,0,0,0,0,0,0,0,0,0,0,0,0,0,0.0,0.0,0.0,0.0,0.0,0.0,0,0,0,0.0,0.0,0,0,0,0,0,0,0,0,0,0,0,0,0,0,0,0,0,0.0,0,0,0,0,0,0,0,0,0,0,0,0,0,0,0,0,0,0,0,0,0,0,0,0,0,0,0,0,0,0,0,0
GeForce RTX 2080 Max-Q,2019-01-29,TU104,0,0,545,PCIe 3.0 x16,0,0,2944:184:64:368:46 (46) (6),0,0,0,0,8,384.0,GDDR6,256,0,0,0,0,0,0,70.08,201.5,6447.0,80,0,0,0,0,0,0,0,0,0,0,201.5,0,0,0,0,0,0,TSMC12FFN,13.6,4,0.0,0,0.0,0,0,0,0,12000,12890.0,0,735.0,1095,0,0,0.0,0,0,0.0,0.0,0.0,0,0,0,0,0.0,0,0.0,0.0,0,0,0,0,0,0,0,0,0,0,0,0,0,0,0.0,0.0,0.0,0.0,0.0,0.0,0,0,0,0.0,0.0,0,0,0,0,0,0,0,0,0,0,0,0,0,0,0,0,0,0.0,0,0,0,0,0,0,0,0,0,0,0,0,0,0,0,0,0,0,0,0,0,0,0,0,0,0,0,0,0,0,0,0
GeForce RTX 2080 Super,2020-04-02,TU104,0,0,545,PCIe 3.0 x16,0,0,3072:192:64:384:48 (48) (6),0,0,0,0,8,448.0,GDDR6,256,0,0,0,0,0,0,99.8,299.5,9585.0,150,0,0,0,0,0,0,0,0,0,0,299.5,0,0,0,0,0,0,TSMC12FFN,13.6,4,0.0,0,0.0,0,0,0,0,14000,19170.0,0,1365.0,1560,0,0,0.0,0,0,0.0,0.0,0.0,0,0,0,0,0.0,0,0.0,0.0,0,0,0,0,0,0,0,0,0,0,0,0,0,0,0.0,0.0,0.0,0.0,0.0,0.0,0,0,0,0.0,0.0,0,0,0,0,0,0,0,0,0,0,0,0,0,0,0,0,0,0.0,0,0,0,0,0,0,0,0,0,0,0,0,0,0,0,0,0,0,0,0,0,0,0,0,0,0,0,0,0,0,0,0
GeForce RTX 2080 Super Max-Q,2020-04-02,TU104,0,0,545,PCIe 3.0 x16,0,0,3072:192:64:384:48 (48) (6),0,0,0,0,8,352.0,GDDR6,256,0,0,0,0,0,0,69.1,207.4,6636.0,80,0,0,0,0,0,0,0,0,0,0,207.4,0,0,0,0,0,0,TSMC12FFN,13.6,4,0.0,0,0.0,0,0,0,0,11000,13270.0,0,735.0,1080,0,0,0.0,0,0,0.0,0.0,0.0,0,0,0,0,0.0,0,0.0,0.0,0,0,0,0,0,0,0,0,0,0,0,0,0,0,0.0,0.0,0.0,0.0,0.0,0.0,0,0,0,0.0,0.0,0,0,0,0,0,0,0,0,0,0,0,0,0,0,0,0,0,0.0,0,0,0,0,0,0,0,0,0,0,0,0,0,0,0,0,0,0,0,0,0,0,0,0,0,0,0,0,0,0,0,0
GeForce RTX 3050,2021-05-11,GA107,0,0,200,PCIe 4.0 x8,0,0,2048:64:32:64:16(16) (3),0,0,0,0,4,176192,GDDR6,128,0,0,0,0,0,0,22.8-49.033.8-55.7,45.6-97.967.7-111.4,0,35-80,0,0,0,0,0,0,0,0,0,0,0,0,0,0,0,0,0,Samsung 8N,8.7,2,0.0,0,0.0,0,0,712-1530,1057-1740,1100012000,0,0,0.0,0,0,0,0.0,0,0,0,0.0,0.0,2.92-6.274.33-7.13,0.046-0.0980.068-0.111,2.92-6.274.33-7.13,0,0.0,0,0.0,0.0,0,0,0,0,0,0,0,0,0,0,0,0,0,0,0.0,0.0,0.0,0.0,0.0,0.0,0,0,0,0.0,0.0,0,0,0,0,0,0,0,0,0,0,0,0,0,0,0,0,0,0.0,0,0,Ampere,GA107(GN20-S5-A1),200,204864:40:16:16:64,PCIe 4.0×4,2.0,1087,1155,12000,24.0,96,GDDR6,64.0,(46.20),(73.92),(4731),(73.92),(4731),0,0,0,0,0,0,0,0,0,0,GeForce MX570,GA107
GeForce RTX 3050,2021-05-11,GA107,0,0,200,PCIe 4.0 x8,0,0,2048:64:32:64:16(16) (3),0,0,0,0,4,176192,GDDR6,128,0,0,0,0,0,0,22.8-49.033.8-55.7,45.6-97.967.7-111.4,0,35-80,0,0,0,0,0,0,0,0,0,0,0,0,0,0,0,0,0,Samsung 8N,8.7,2,0.0,0,0.0,0,0,712-1530,1057-1740,1100012000,0,0,0.0,0,0,0,0.0,0,0,0,0.0,0.0,2.92-6.274.33-7.13,0.046-0.0980.068-0.111,2.92-6.274.33-7.13,0,0.0,0,0.0,0.0,0,0,0,0,0,0,0,0,0,0,0,0,0,0,0.0,0.0,0.0,0.0,0.0,0.0,0,0,0,0.0,0.0,0,0,0,0,0,0,0,0,0,0,0,0,0,0,0,0,0,0.0,0,0,Ampere,0,0,0,0,0.0,0,0,0,0.0,0,0,0.0,0,0,4531,140,0,0,0,0,1× GA107,0,1280,1440,1770,18124,8.6,0,GA107
GeForce RTX 3050,2021-05-11,GA107,0,0,200,PCIe 4.0 x8,0,0,2048:64:32:64:16(16) (3),0,0,0,0,4,176192,GDDR6,128,0,0,0,0,0,0,22.8-49.033.8-55.7,45.6-97.967.7-111.4,0,35-80,0,0,0,0,0,0,0,0,0,0,0,0,0,0,0,0,0,Samsung 8N,8.7,2,0.0,0,0.0,0,0,712-1530,1057-1740,1100012000,0,0,0.0,0,0,0,0.0,0,0,0,0.0,0.0,2.92-6.274.33-7.13,0.046-0.0980.068-0.111,2.92-6.274.33-7.13,0,0.0,0,0.0,0.0,0,0,0,0,0,0,0,0,0,0,0,0,0,0,0.0,0.0,0.0,0.0,0.0,0.0,0,0,0,0.0,0.0,0,0,0,0,0,0,0,0,0,0,0,0,0,0,0,0,0,0.0,0,0,Ampere,0,0,0,0,0.0,0,0,0,0.0,0,0,0.0,0,0,"4× 4,608",1084.8,0,0,0,0,4× GA107,0,"4× 1,280",885,1695,"4x 18,432",8.6,0,GA107
GeForce RTX 3050 Ti,2021-05-11,GA107,0,0,200,PCIe 4.0 x8,0,0,2560:80:48:80:20(20) (3),0,0,0,0,4,192,GDDR6,128,0,0,0,0,0,0,35.3-70.249.7-81.4,58.8-117.082.8-135.6,0,35-80,0,0,0,0,0,0,0,0,0,0,0,0,0,0,0,0,0,Samsung 8N,8.7,2,0.0,0,0.0,0,0,735-1462,1035-1695,12000,0,0,0.0,0,0,0,0.0,0,0,0,0.0,0.0,3.76-7.495.30-8.68,0.059-0.1170.083-0.136,3.76-7.495.30-8.68,0,0.0,0,0.0,0.0,0,0,0,0,0,0,0,0,0,0,0,0,0,0,0.0,0.0,0.0,0.0,0.0,0.0,0,0,0,0.0,0.0,0,0,0,0,0,0,0,0,0,0,0,0,0,0,0,0,0,0.0,0,0,Ampere,GA107(GN20-S5-A1),200,204864:40:16:16:64,PCIe 4.0×4,2.0,1087,1155,12000,24.0,96,GDDR6,64.0,(46.20),(73.92),(4731),(73.92),(4731),0,0,0,0,0,0,0,0,0,0,GeForce MX570,GA107
GeForce RTX 3050 Ti,2021-05-11,GA107,0,0,200,PCIe 4.0 x8,0,0,2560:80:48:80:20(20) (3),0,0,0,0,4,192,GDDR6,128,0,0,0,0,0,0,35.3-70.249.7-81.4,58.8-117.082.8-135.6,0,35-80,0,0,0,0,0,0,0,0,0,0,0,0,0,0,0,0,0,Samsung 8N,8.7,2,0.0,0,0.0,0,0,735-1462,1035-1695,12000,0,0,0.0,0,0,0,0.0,0,0,0,0.0,0.0,3.76-7.495.30-8.68,0.059-0.1170.083-0.136,3.76-7.495.30-8.68,0,0.0,0,0.0,0.0,0,0,0,0,0,0,0,0,0,0,0,0,0,0,0.0,0.0,0.0,0.0,0.0,0.0,0,0,0,0.0,0.0,0,0,0,0,0,0,0,0,0,0,0,0,0,0,0,0,0,0.0,0,0,Ampere,0,0,0,0,0.0,0,0,0,0.0,0,0,0.0,0,0,4531,140,0,0,0,0,1× GA107,0,1280,1440,1770,18124,8.6,0,GA107
GeForce RTX 3050 Ti,2021-05-11,GA107,0,0,200,PCIe 4.0 x8,0,0,2560:80:48:80:20(20) (3),0,0,0,0,4,192,GDDR6,128,0,0,0,0,0,0,35.3-70.249.7-81.4,58.8-117.082.8-135.6,0,35-80,0,0,0,0,0,0,0,0,0,0,0,0,0,0,0,0,0,Samsung 8N,8.7,2,0.0,0,0.0,0,0,735-1462,1035-1695,12000,0,0,0.0,0,0,0,0.0,0,0,0,0.0,0.0,3.76-7.495.30-8.68,0.059-0.1170.083-0.136,3.76-7.495.30-8.68,0,0.0,0,0.0,0.0,0,0,0,0,0,0,0,0,0,0,0,0,0,0,0.0,0.0,0.0,0.0,0.0,0.0,0,0,0,0.0,0.0,0,0,0,0,0,0,0,0,0,0,0,0,0,0,0,0,0,0.0,0,0,Ampere,0,0,0,0,0.0,0,0,0,0.0,0,0,0.0,0,0,"4× 4,608",1084.8,0,0,0,0,4× GA107,0,"4× 1,280",885,1695,"4x 18,432",8.6,0,GA107
GeForce RTX 3060,2021-01-12,GA106,0,0,276,PCIe 4.0 x16,0,0,3840:120:48:120:30(30) (3),0,0,0,0,6,288336,GDDR6,192,0,0,0,0,0,0,39.2-66.661.54-81.7,98.0-166.4153.8-204.2,0,60-115,0,0,0,0,0,0,0,0,0,0,0,0,0,0,0,0,0,Samsung 8N,12.0,3,0.0,0,0.0,0,0,817-1387,1282-1702,1200014000,0,0,0.0,0,0,0,0.0,0,0,0,0.0,0.0,6.27-10.659.85-13.07,0.108-0.1660.154-0.204,6.27-10.659.85-13.07,0,0.0,0,0.0,0.0,0,0,0,0,0,0,0,0,0,0,0,0,0,0,0.0,0.0,0.0,0.0,0.0,0.0,0,0,0,0.0,0.0,0,0,0,0,0,0,0,0,0,0,0,0,0,0,0,0,0,0.0,0,0,0,0,0,0,0,0,0,0,0,0,0,0,0,0,0,0,0,0,0,0,0,0,0,0,0,0,0,0,0,0
GeForce RTX 3070,2021-01-12,GA104-770-A1,0,0,392,PCIe 4.0 x16,0,0,5120:160:80:160:40(40) (6),0,0,0,0,8,384448,GDDR6,256,0,0,0,0,0,0,62.4-97.2103.2-129.6,124.8-194.4206.4-259.2,0,80-125,0,0,0,0,0,0,0,0,0,0,0,0,0,0,0,0,0,Samsung 8N,17.4,4,0.0,0,0.0,0,0,780-1215,1290-1620,1200014000,0,0,0.0,0,0,0,0.0,0,0,0,0.0,0.0,7.99-12.4413.21-16.59,0.125-0.1940.206-0.259,7.99-12.4413.21-16.59,0,0.0,0,0.0,0.0,0,0,0,0,0,0,0,0,0,0,0,0,0,0,0.0,0.0,0.0,0.0,0.0,0.0,0,0,0,0.0,0.0,0,0,0,0,0,0,0,0,0,0,0,0,0,0,0,0,0,0.0,0,0,0,0,0,0,0,0,0,0,0,0,0,0,0,0,0,0,0,0,0,0,0,0,0,0,0,0,0,0,0,0
GeForce RTX 3070 Ti,2022-01-04,GA104,0,0,392,PCIe 4.0 x16,0,0,5888:184:96:184:46 (46) (6),0,0,0,0,8,384448,GDDR6,256,0,0,0,0,0,0,46.9-95.295.2-136.6,93.8-190.4190.4-273.2,0,80-125,0,0,0,0,0,0,0,0,0,0,0,0,0,0,0,0,0,Samsung 8N,17.4,4,0.0,0,0.0,0,0,510-1035,1035-1485,1200014000,0,0,0.0,0,0,0,0.0,0,0,0,0.0,0.0,6.01-12.1912.19-17.49,0.094-0.1900.190-0.273,6.01-12.1912.19-17.49,0,0.0,0,0.0,0.0,0,0,0,0,0,0,0,0,0,0,0,0,0,0,0.0,16.6,0.0,0.0,0.0,0.0,0,0,0,0.0,0.0,0,0,0,0,0,0,0,0,0,0,0,0,0,0,0,0,0,0.0,0,0,0,0,0,0,0,0,0,0,0,0,0,0,0,0,0,0,0,0,0,0,0,0,0,0,0,0,0,0,0,0
GeForce RTX 3080,2021-01-12,GA104-775-A1,0,0,392,PCIe 4.0 x16,0,0,6144:192:96:192:48(48) (6),0,0,0,0,8-16,384448,GDDR6,256,0,0,0,0,0,0,74.9-129.6119.5-164.2,149.8-259.2239.0-328.3,0,80-150,0,0,0,0,0,0,0,0,0,0,0,0,0,0,0,0,0,Samsung 8N,17.4,4,0.0,0,0.0,0,0,780-1350,1245-1710,1200014000,0,0,0.0,0,0,0,0.0,0,0,0,0.0,0.0,9.59-16.5915.30-21.01,0.150-0.2590.239-0.328,9.59-16.5915.30-21.01,0,0.0,0,0.0,0.0,0,0,0,0,0,0,0,0,0,0,0,0,0,0,0.0,0.0,0.0,0.0,0.0,0.0,0,0,0,0.0,0.0,0,0,0,0,0,0,0,0,0,0,0,0,0,0,0,0,0,0.0,0,0,0,0,0,0,0,0,0,0,0,0,0,0,0,0,0,0,0,0,0,0,0,0,0,0,0,0,0,0,0,0
GeForce RTX 3080 Ti Mobile,2022-01-25,GA103,0,0,496,PCIe 4.0 x16,0,0,7424:232:116:232:58 (58) (6),0,0,0,0,16,384512,GDDR6,256,0,0,0,0,0,0,67.9-142.7 130.5-184.4,135.7-285.4 261.0-368.9,0,80-150,0,0,0,0,0,0,0,0,0,0,0,0,0,0,0,0,0,Samsung 8N,22.0,4,0.0,0,0.0,0,0,585-1230,1125-1590,1200016000,0,0,0.0,0,0,0,0.0,0,0,0,0.0,0.0,8.68-18.26 16.7-23.60,0.136-0.285 0.261-0.369,8.68-18.26 16.7-23.60,0,0.0,0,0.0,0.0,0,0,0,0,0,0,0,0,0,0,0,0,0,0,0.0,18.71,0.0,0.0,0.0,0.0,0,0,0,0.0,0.0,0,0,0,0,0,0,0,0,0,0,0,0,0,0,0,0,0,0.0,0,0,0,0,0,0,0,0,0,0,0,0,0,0,0,0,0,0,0,0,0,0,0,0,0,0,0,0,0,0,0,0
GeForce RTX 4050,2023-02-22,AD107,0,0,146,PCIe 4.0 x16,0,0,2560:80:32:80:20(20) (2),0,0,0,0,6,168192,GDDR6,96,0,0,0,0,0,0,0,0,0,35-115,0,0,0,0,0,0,0,0,0,0,0,0,0,0,0,0,0,TSMC 4N,18.9,12,0.0,0,0.0,0,0,0,1605-2370,14000 (Max-Q)16000,0,0,0.0,0,0,0,0.0,0,0,0,0.0,0.0,0,0,0,0,0.0,0,0.0,0.0,0,0,0,0,0,0,0,0,0,0,0,0,0,0,0.0,0,0.0,0.0,0.0,0.0,0,0,0,0.0,0.0,0,0,0,0,0,0,0,0,0,0,0,0,0,0,0,0,0,0.0,0,0,0,0,0,0,0,0,0,0,0,0,0,0,0,0,0,0,0,0,0,0,0,0,0,0,0,0,0,0,0,0
GeForce RTX 4060,2023-02-22,AD107,0,0,146,PCIe 4.0 x16,0,0,3072:96:32:96:24(24) (2),0,0,0,0,8,224256,GDDR6,128,0,0,0,0,0,0,36-7347-75,0,0,35-115,0,0,0,0,0,0,0,0,0,0,0,0,0,0,0,0,0,TSMC 4N,18.9,32,0.0,0,0.0,0,0,1140-2295,1470-2370,14000 (Max-Q)16000,0,0,0.0,0,0,0,0.0,0,0,0,0.0,0.0,0,0,0,0,0.0,0,0.0,0.0,0,0,0,0,0,0,0,0,0,0,0,0,0,0,0.0,0,0.0,0.0,0.0,0.0,0,0,0,0.0,0.0,0,0,0,0,0,0,0,0,0,0,0,0,0,0,0,0,0,0.0,0,0,0,0,0,0,0,0,0,0,0,0,0,0,0,0,0,0,0,0,0,0,0,0,0,0,0,0,0,0,0,0
GeForce RTX 4070,2023-02-22,AD106,0,0,190,PCIe 4.0 x16,0,0,4608:144:48:144:36(36) (3),0,0,0,0,8,224256,GDDR6,128,0,0,0,0,0,0,35-9959-104,105-298 177-313,0,35-115,0,0,0,0,0,0,0,0,0,0,0,0,0,0,0,0,0,TSMC 4N,22.9,32,0.0,0,0.0,0,0,735-2070,1230-2175,14000 (Max-Q)16000,0,0,0.0,0,0,0,0.0,0,0,0,0.0,0.0,6.77-19.0 11.3-20.0,0.10-0.29 0.17-0.31,6.77-19.0 11.3-20.0,0,0.0,0,0.0,0.0,0,0,0,0,0,0,0,0,0,0,0,0,0,0,0.0,54.1-152.6 90.6-160.3,0.0,0.0,0.0,0.0,0,0,0,0.0,0.0,0,0,0,0,0,0,0,0,0,0,0,0,0,0,0,0,0,0.0,0,0,0,0,0,0,0,0,0,0,0,0,0,0,0,0,0,0,0,0,0,0,0,0,0,0,0,0,0,0,0,0
GeForce RTX 4080,2023-02-08,AD104,0,0,295,PCIe 4.0 x16,0,0,7424:232:80:232:58(58) (5),0,0,0,0,12,336432,GDDR6,192,0,0,0,0,0,0,63-148 108-182,184-431 313-528,0,60-150,0,0,0,0,0,0,0,0,0,0,0,0,0,0,0,0,0,TSMC 4N,35.8,48,0.0,0,0.0,0,0,795-1860,1350-2280,14000 (Max-Q)18000,0,0,0.0,0,0,0,0.0,0,0,0,0.0,0.0,11.8-27.6 20.0-33.8,0.18-0.43 0.31-0.52,11.8-27.6 20.0-33.8,0,0.0,0,0.0,0.0,0,0,0,0,0,0,0,0,0,0,0,0,0,0,0.0,94.4-220.9160.3-270.8,0.0,0.0,0.0,0.0,0,0,0,0.0,0.0,0,0,0,0,0,0,0,0,0,0,0,0,0,0,0,0,0,0.0,0,0,Ada Lovelace,0,0,0,0,0.0,0,0,0,0.0,0,0,0.0,0,0,30300,490,0,0,0,0,1x AD104,0,7424,795,2040,121000,8.9,0,AD104
GeForce RTX 4090,2023-02-08,AD103,0,0,379,PCIe 4.0 x16,0,0,9728:304:112:304:76(76) (7),0,0,0,0,16,448576,GDDR6,256,0,0,0,0,0,0,104-181 162-285,282-492 442-775,0,80-150,0,0,0,0,0,0,0,0,0,0,0,0,0,0,0,0,0,TSMC 4N,45.9,64,0.0,0,0.0,0,0,930-1620,1455-2550,14000 (Max-Q)18000,0,0,0.0,0,0,0,0.0,0,0,0,0.0,0.0,18.0-31.5 28.3-49.6,0.28-0.49 0.44-0.77,18.0-31.5 28.3-49.6,0,0.0,0,0.0,0.0,0,0,0,0,0,0,0,0,0,0,0,0,0,0,0.0,144.7-252.1 226.4-396.9,0.0,0.0,0.0,0.0,0,0,0,0.0,0.0,0,0,0,0,0,0,0,0,0,0,0,0,0,0,0,0,0,0.0,0,0,0,0,0,0,0,0,0,0,0,0,0,0,0,0,0,0,0,0,0,0,0,0,0,0,0,0,0,0,0,0
Quadro,1995-01-01,NV10GL,220,0,0,AGP 4x,135,166,0:4:4:4,0,0,0,0,64,2.66,SDR,128,0,7,1.2,0,0,0,0.54,0.54,0,0,0,0,0,0,0,0,0,0,0,0,0,0,0,0,0,0,0,0,0,0,0.0,0,0.0,0,0,0,0,0,0,0,0.0,0,0,0,0.0,0,0,0,0.0,0.0,0,0,0,0,0.0,0,0.0,0.0,0,0,0,0,0,0,0,0,0,0,0,0,0,0,0.0,0,0.0,0.0,0.0,0.0,0,0,0,0.0,0.0,0,0,0,0,0,0,0,0,0,0,0,0,0,0,0,0,0,0.0,0,0,0,0,0,0,0,0,0,0,0,0,0,0,0,0,0,0,0,0,0,0,0,0,0,0,0,0,0,0,0,0
Quadro DDR,1995-01-01,NV10GL,220,0,0,AGP 4x,135,333,0:4:4:4,0,0,0,0,64,5.312,DDR,128,0,7,1.2,0,0,0,0.54,0.54,0,0,0,0,0,0,0,0,0,0,0,0,0,0,0,0,0,0,0,0,0,0,0.0,0,0.0,0,0,0,0,0,0,0,0.0,0,0,0,0.0,0,0,0,0.0,0.0,0,0,0,0,0.0,0,0.0,0.0,0,0,0,0,0,0,0,0,0,0,0,0,0,0,0.0,0,0.0,0.0,0.0,0.0,0,0,0,0.0,0.0,0,0,0,0,0,0,0,0,0,0,0,0,0,0,0,0,0,0.0,0,0,0,0,0,0,0,0,0,0,0,0,0,0,0,0,0,0,0,0,0,0,0,0,0,0,0,0,0,0,0,0
Quadro2 MXR,1995-01-01,NV11GL,180,0,0,AGP 4x,200,183,0:2:4:2,0,0,0,0,64,2.93,SDR,128,0,7,1.2,0,0,0,0.4,0.4,0,0,0,0,0,0,0,0,0,0,0,0,0,0,0,0,0,0,0,0,0,0,0.0,0,0.0,0,0,0,0,0,0,0,0.0,0,0,0,0.0,0,0,0,0.0,0.0,0,0,0,0,0.0,0,0.0,0.0,0,0,0,0,0,0,0,0,0,0,0,0,0,0,0.0,0,0.0,0.0,0.0,0.0,0,0,0,0.0,0.0,0,0,0,0,0,0,0,0,0,0,0,0,0,0,0,0,0,0.0,0,0,0,0,0,0,0,0,0,0,0,0,0,0,0,0,0,0,0,0,0,0,0,0,0,0,0,0,0,0,0,0
Quadro2 EX,1995-01-01,NV11GL,180,0,0,AGP 4x,175,166,0:2:4:2,0,0,0,0,64,2.7,SDR,128,0,7,1.2,0,0,0,0.35,0.35,0,0,0,0,0,0,0,0,0,0,0,0,0,0,0,0,0,0,0,0,0,0,0.0,0,0.0,0,0,0,0,0,0,0,0.0,0,0,0,0.0,0,0,0,0.0,0.0,0,0,0,0,0.0,0,0.0,0.0,0,0,0,0,0,0,0,0,0,0,0,0,0,0,0.0,0,0.0,0.0,0.0,0.0,0,0,0,0.0,0.0,0,0,0,0,0,0,0,0,0,0,0,0,0,0,0,0,0,0.0,0,0,0,0,0,0,0,0,0,0,0,0,0,0,0,0,0,0,0,0,0,0,0,0,0,0,0,0,0,0,0,0
Quadro2 PRO,1995-01-01,NV15GL,150,0,0,AGP 4x,250,400,0:4:8:4,0,0,0,0,64,6.4,DDR,128,0,7,1.2,0,0,0,1,2,0,0,0,0,0,0,0,0,0,0,0,0,0,0,0,0,0,0,0,0,0,0,0.0,0,0.0,0,0,0,0,0,0,0,0.0,0,0,0,0.0,0,0,0,0.0,0.0,0,0,0,0,0.0,0,0.0,0.0,0,0,0,0,0,0,0,0,0,0,0,0,0,0,0.0,0,0.0,0.0,0.0,0.0,0,0,0,0.0,0.0,0,0,0,0,0,0,0,0,0,0,0,0,0,0,0,0,0,0.0,0,0,0,0,0,0,0,0,0,0,0,0,0,0,0,0,0,0,0,0,0,0,0,0,0,0,0,0,0,0,0,0
Quadro DCC,1995-01-01,NV20GL,180,0,0,AGP 4x,200,460,1:4:8:4,0,0,0,0,128,7.4,DDR,128,0,8,1.4,0,0,0,0.8,1.6,0,0,0,0,0,0,0,0,0,0,0,0,0,0,0,0,0,0,0,0,0,0,0.0,0,0.0,0,0,0,0,0,0,0,0.0,0,0,0,0.0,0,0,0,0.0,0.0,0,0,0,0,0.0,0,0.0,0.0,0,0,0,0,0,0,0,0,0,0,0,0,0,0,0.0,0,0.0,0.0,0.0,0.0,0,0,0,0.0,0.0,0,0,0,0,0,0,0,0,0,0,0,0,0,0,0,0,0,0.0,0,0,0,0,0,0,0,0,0,0,0,0,0,0,0,0,0,0,0,0,0,0,0,0,0,0,0,0,0,0,0,0
Quadro4 380XGL,1995-01-01,NV18GL,150,0,0,AGP 8x,275,513,0:2:4:2,0,0,0,0,128,8.2,DDR,128,0,7,1.4,0,0,0,0.55,1.1,0,0,0,0,0,0,0,0,0,0,0,0,0,0,0,0,0,0,0,0,0,0,0.0,0,0.0,0,0,0,0,0,0,0,0.0,0,0,0,0.0,0,0,0,0.0,0.0,0,0,0,0,0.0,0,0.0,0.0,0,0,0,0,0,0,0,0,0,0,0,0,0,0,0.0,0,0.0,0.0,0.0,0.0,0,0,0,0.0,0.0,0,0,0,0,0,0,0,0,0,0,0,0,0,0,0,0,0,0.0,0,0,0,0,0,0,0,0,0,0,0,0,0,0,0,0,0,0,0,0,0,0,0,0,0,0,0,0,0,0,0,0
Quadro4 500XGL,1995-01-01,NV17GL,150,0,0,AGP 4x,250,166,0:2:4:2,0,0,0,0,128,2.7,SDR,128,0,7,1.4,0,0,0,0.5,1,0,0,0,0,0,0,0,0,0,0,0,0,0,0,0,0,0,0,0,0,0,0,0.0,0,0.0,0,0,0,0,0,0,0,0.0,0,0,0,0.0,0,0,0,0.0,0.0,0,0,0,0,0.0,0,0.0,0.0,0,0,0,0,0,0,0,0,0,0,0,0,0,0,0.0,0,0.0,0.0,0.0,0.0,0,0,0,0.0,0.0,0,0,0,0,0,0,0,0,0,0,0,0,0,0,0,0,0,0.0,0,0,0,0,0,0,0,0,0,0,0,0,0,0,0,0,0,0,0,0,0,0,0,0,0,0,0,0,0,0,0,0
Quadro4 550XGL,1995-01-01,NV17GL,150,0,0,AGP 4x,270,400,0:2:4:2,0,0,0,0,64,6.4,DDR,128,0,7,1.4,0,0,0,0.59,1.08,0,0,0,0,0,0,0,0,0,0,0,0,0,0,0,0,0,0,0,0,0,0,0.0,0,0.0,0,0,0,0,0,0,0,0.0,0,0,0,0.0,0,0,0,0.0,0.0,0,0,0,0,0.0,0,0.0,0.0,0,0,0,0,0,0,0,0,0,0,0,0,0,0,0.0,0,0.0,0.0,0.0,0.0,0,0,0,0.0,0.0,0,0,0,0,0,0,0,0,0,0,0,0,0,0,0,0,0,0.0,0,0,0,0,0,0,0,0,0,0,0,0,0,0,0,0,0,0,0,0,0,0,0,0,0,0,0,0,0,0,0,0
Quadro4 580XGL,1995-01-01,NV18GL,150,0,0,AGP 8x,300,400,0:2:4:2,0,0,0,0,64,6.4,DDR,128,0,7,1.4,0,0,0,0.6,1.2,0,0,0,0,0,0,0,0,0,0,0,0,0,0,0,0,0,0,0,0,0,0,0.0,0,0.0,0,0,0,0,0,0,0,0.0,0,0,0,0.0,0,0,0,0.0,0.0,0,0,0,0,0.0,0,0.0,0.0,0,0,0,0,0,0,0,0,0,0,0,0,0,0,0.0,0,0.0,0.0,0.0,0.0,0,0,0,0.0,0.0,0,0,0,0,0,0,0,0,0,0,0,0,0,0,0,0,0,0.0,0,0,0,0,0,0,0,0,0,0,0,0,0,0,0,0,0,0,0,0,0,0,0,0,0,0,0,0,0,0,0,0
Quadro4 700XGL,1995-01-01,NV25,150,0,0,AGP 4x,275,550,2:4:8:4,0,0,0,0,64,8.8,DDR,128,0,8,1.4,0,0,0,1.1,2.2,0,0,0,0,0,0,0,0,0,0,0,0,0,0,0,0,0,0,0,0,0,0,0.0,0,0.0,0,0,0,0,0,0,0,0.0,0,0,0,0.0,0,0,0,0.0,0.0,0,0,0,0,0.0,0,0.0,0.0,0,0,0,0,0,0,0,0,0,0,0,0,0,0,0.0,0,0.0,0.0,0.0,0.0,0,0,0,0.0,0.0,0,0,0,0,0,0,0,0,0,0,0,0,0,0,0,0,0,0.0,0,0,0,0,0,0,0,0,0,0,0,0,0,0,0,0,0,0,0,0,0,0,0,0,0,0,0,0,0,0,0,0
Quadro4 750XGL,1995-01-01,NV25,150,0,0,AGP 4x,275,550,2:4:8:4,0,0,0,0,128,8.8,DDR,128,0,8,1.5,0,0,0,1.1,2.2,0,0,0,0,0,0,0,0,0,0,0,0,0,0,0,0,0,0,0,0,0,0,0.0,0,0.0,0,0,0,0,0,0,0,0.0,0,0,0,0.0,0,0,0,0.0,0.0,0,0,0,0,0.0,0,0.0,0.0,0,0,0,0,0,Stereo display,0,0,0,0,0,0,0,0,0.0,0,0.0,0.0,0.0,0.0,0,0,0,0.0,0.0,0,0,0,0,0,0,0,0,0,0,0,0,0,0,0,0,0,0.0,0,0,0,0,0,0,0,0,0,0,0,0,0,0,0,0,0,0,0,0,0,0,0,0,0,0,0,0,0,0,0,0
Quadro4 900XGL,1995-01-01,NV25,150,0,0,AGP 4x,300,650,2:4:8:4,0,0,0,0,128,10.4,DDR,128,0,8,1.4,0,0,0,1.2,2.4,0,0,0,0,0,0,0,0,0,0,0,0,0,0,0,0,0,0,0,0,0,0,0.0,0,0.0,0,0,0,0,0,0,0,0.0,0,0,0,0.0,0,0,0,0.0,0.0,0,0,0,0,0.0,0,0.0,0.0,0,0,0,0,0,Stereo display,0,0,0,0,0,0,0,0,0.0,0,0.0,0.0,0.0,0.0,0,0,0,0.0,0.0,0,0,0,0,0,0,0,0,0,0,0,0,0,0,0,0,0,0.0,0,0,0,0,0,0,0,0,0,0,0,0,0,0,0,0,0,0,0,0,0,0,0,0,0,0,0,0,0,0,0,0
Quadro4 980XGL,1995-01-01,NV28GL,150,0,0,AGP 8x,300,650,2:4:8:4,0,0,0,0,128,10.4,DDR,128,0,8,1.4,0,0,0,1.2,2.4,0,0,0,0,0,0,0,0,0,0,0,0,0,0,0,0,0,0,0,0,0,0,0.0,0,0.0,0,0,0,0,0,0,0,0.0,0,0,0,0.0,0,0,0,0.0,0.0,0,0,0,0,0.0,0,0.0,0.0,0,0,0,0,0,Stereo display,0,0,0,0,0,0,0,0,0.0,0,0.0,0.0,0.0,0.0,0,0,0,0.0,0.0,0,0,0,0,0,0,0,0,0,0,0,0,0,0,0,0,0,0.0,0,0,0,0,0,0,0,0,0,0,0,0,0,0,0,0,0,0,0,0,0,0,0,0,0,0,0,0,0,0,0,0
Quadro FX 500,1995-01-01,NV34GL,150,0,0,AGP 8x,270,480,2:4:4:4,0,0,0,0,128,7.687,DDR,128,0,9.0,2.0,0,0,0,1.08,1.08,0,0.0,0,0,0,0,0,0,0,0,0,0,0,0,0,0,0,0,0,0,0,0,0.0,0,0.0,0,0,0,0,0,0,0,0.0,0,0,0,0.0,0,0,0,0.0,0.0,0,0,0,0,0.0,0,0.0,0.0,0,0,0,0,0,Stereo display,0,0,0,0,0,0,0,0,0.0,0,0.0,0.0,0.0,0.0,0,0,0,0.0,0.0,0,0,0,0,0,0,0,0,0,0,0,0,0,0,0,0,0,0.0,0,0,0,0,0,0,0,0,0,0,0,0,0,0,0,0,0,0,0,0,0,0,0,0,0,0,0,0,0,0,0,0
Quadro FX 600,1995-01-01,NV34GL,150,0,0,PCI,350,800,2:4:4:4,0,0,0,0,256,7.8,DDR,128,0,9.0,2.0,0,0,0,1.0,1.0,0,0.0,0,0,0,0,0,0,0,0,0,0,0,0,0,0,0,0,0,0,0,0,0.0,0,0.0,0,0,0,0,0,0,0,0.0,0,0,0,0.0,0,0,0,0.0,0.0,0,0,0,0,0.0,0,0.0,0.0,0,0,0,0,0,Stereo display,0,0,0,0,0,0,0,0,0.0,0,0.0,0.0,0.0,0.0,0,0,0,0.0,0.0,0,0,0,0,0,0,0,0,0,0,0,0,0,0,0,0,0,0.0,0,0,0,0,0,0,0,0,0,0,0,0,0,0,0,0,0,0,0,0,0,0,0,0,0,0,0,0,0,0,0,0
Quadro FX 700,1995-01-01,NV35GL,150,0,0,AGP 8x,275,550,3:4:8:4,0,0,0,0,128,8.8,DDR,128,0,9.0,2.0,0,0,0,1.1,2.2,0,0.0,0,0,0,0,0,0,0,0,0,0,0,0,0,0,0,0,0,0,0,0,0.0,0,0.0,0,0,0,0,0,0,0,0.0,0,0,0,0.0,0,0,0,0.0,0.0,0,0,0,0,0.0,0,0.0,0.0,0,0,0,0,0,Stereo display,0,0,0,0,0,0,0,0,0.0,0,0.0,0.0,0.0,0.0,0,0,0,0.0,0.0,0,0,0,0,0,0,0,0,0,0,0,0,0,0,0,0,0,0.0,0,0,0,0,0,0,0,0,0,0,0,0,0,0,0,0,0,0,0,0,0,0,0,0,0,0,0,0,0,0,0,0
Quadro FX 1000,1995-01-01,NV30GL,130,0,0,AGP 8x,300,600,2:4:8:4,0,0,0,0,128,9.6,GDDR2,128,0,9.0,2.0,0,0,0,1.2,2.4,0,0.0,0,0,0,0,0,0,0,0,0,0,0,0,0,0,0,0,0,0,0,0,0.0,0,0.0,0,0,0,0,0,0,0,0.0,0,0,0,0.0,0,0,0,0.0,0.0,0,0,0,0,0.0,0,0.0,0.0,0,0,0,0,0,Stereo display,0,0,0,0,0,0,0,0,0.0,0,0.0,0.0,0.0,0.0,0,0,0,0.0,0.0,0,0,0,0,0,0,0,0,0,0,0,0,0,0,0,0,0,0.0,0,0,0,0,0,0,0,0,0,0,0,0,0,0,0,0,0,0,0,0,0,0,0,0,0,0,0,0,0,0,0,0
Quadro FX 1100,1995-01-01,NV36GL,130,0,0,AGP 8x,425,648,3:4:4:4,0,0,0,0,128,10.1,DDR,128,0,9.0,2.0,0,0,0,1.7,1.7,0,0.0,0,0,0,0,0,0,0,0,0,0,0,0,0,0,0,0,0,0,0,0,0.0,0,0.0,0,0,0,0,0,0,0,0.0,0,0,0,0.0,0,0,0,0.0,0.0,0,0,0,0,0.0,0,0.0,0.0,0,0,0,0,0,Stereo display,0,0,0,0,0,0,0,0,0.0,0,0.0,0.0,0.0,0.0,0,0,0,0.0,0.0,0,0,0,0,0,0,0,0,0,0,0,0,0,0,0,0,0,0.0,0,0,0,0,0,0,0,0,0,0,0,0,0,0,0,0,0,0,0,0,0,0,0,0,0,0,0,0,0,0,0,0
Quadro FX 2000,1995-01-01,NV30GL,130,0,0,AGP 8x,400,800,2:4:8:4,0,0,0,0,128,12.8,GDDR2,128,0,9.0,2.0,0,0,0,1.6,3.2,0,0.0,0,0,0,0,0,0,0,0,0,0,0,0,0,0,0,0,0,0,0,0,0.0,0,0.0,0,0,0,0,0,0,0,0.0,0,0,0,0.0,0,0,0,0.0,0.0,0,0,0,0,0.0,0,0.0,0.0,0,0,0,0,0,Stereo display,0,0,0,0,0,0,0,0,0.0,0,0.0,0.0,0.0,0.0,0,0,0,0.0,0.0,0,0,0,0,0,0,0,0,0,0,0,0,0,0,0,0,0,0.0,0,0,0,0,0,0,0,0,0,0,0,0,0,0,0,0,0,0,0,0,0,0,0,0,0,0,0,0,0,0,0,0
Quadro FX 3000,1995-01-01,NV35GL,130,0,0,AGP 8x,400,850,3:4:8:4,0,0,0,0,256,27.2,DDR,256,0,9.0,2.0,0,0,0,1.6,3.2,0,0.0,0,0,0,0,0,0,0,0,0,0,0,0,0,0,0,0,0,0,0,0,0.0,0,0.0,0,0,0,0,0,0,0,0.0,0,0,0,0.0,0,0,0,0.0,0.0,0,0,0,0,0.0,0,0.0,0.0,0,0,0,0,0,Stereo display,0,0,0,0,0,0,0,0,0.0,0,0.0,0.0,0.0,0.0,0,0,0,0.0,0.0,0,0,0,0,0,0,0,0,0,0,0,0,0,0,0,0,0,0.0,0,0,0,0,0,0,0,0,0,0,0,0,0,0,0,0,0,0,0,0,0,0,0,0,0,0,0,0,0,0,0,0
Quadro FX 3000G,1995-01-01,NV35GL,130,0,0,AGP 8x,400,850,3:4:8:4,0,0,0,0,256,27.2,DDR,256,0,9.0,2.0,0,0,0,1.6,3.2,0,0.0,0,0,0,0,0,0,0,0,0,0,0,0,0,0,0,0,0,0,0,0,0.0,0,0.0,0,0,0,0,0,0,0,0.0,0,0,0,0.0,0,0,0,0.0,0.0,0,0,0,0,0.0,0,0.0,0.0,0,0,0,0,0,"Stereo display, Genlock",0,0,0,0,0,0,0,0,0.0,0,0.0,0.0,0.0,0.0,0,0,0,0.0,0.0,0,0,0,0,0,0,0,0,0,0,0,0,0,0,0,0,0,0.0,0,0,0,0,0,0,0,0,0,0,0,0,0,0,0,0,0,0,0,0,0,0,0,0,0,0,0,0,0,0,0,0
Quadro FX 4000,1995-01-01,NV40GL,130,0,0,AGP 8x,375,1000,6:12:12:12,0,0,0,0,256,32.0,GDDR3,256,0,9.0c,2.1,0,0,0,4.5,4.5,0,142.0,0,0,0,0,0,0,0,0,0,0,0,0,0,0,0,0,0,0,0,0,0.0,0,0.0,0,0,0,0,0,0,0,0.0,0,0,0,0.0,0,0,0,0.0,0.0,0,0,0,0,0.0,0,0.0,0.0,0,0,0,0,0,Stereo display,0,0,0,0,0,0,0,0,0.0,0,0.0,0.0,0.0,0.0,0,0,0,0.0,0.0,0,0,0,0,0,0,0,0,0,0,0,0,0,0,0,0,0,0.0,0,0,0,0,0,0,0,0,0,0,0,0,0,0,0,0,0,0,0,0,0,0,0,0,0,0,0,0,0,0,0,0
Quadro FX 4000 SDI,1995-01-01,NV40GL,130,0,0,AGP 8x,375,1000,6:12:12:12,0,0,0,0,256,32.0,GDDR3,256,0,9.0c,2.1,0,0,0,4.5,4.5,0,0.0,0,0,0,0,0,0,0,0,0,0,0,0,0,0,0,0,0,0,0,0,0.0,0,0.0,0,0,0,0,0,0,0,0.0,0,0,0,0.0,0,0,0,0.0,0.0,0,0,0,0,0.0,0,0.0,0.0,0,0,0,0,0,"Stereo display, Genlock",0,0,0,0,0,0,0,0,0.0,0,0.0,0.0,0.0,0.0,0,0,0,0.0,0.0,0,0,0,0,0,0,0,0,0,0,0,0,0,0,0,0,0,0.0,0,0,0,0,0,0,0,0,0,0,0,0,0,0,0,0,0,0,0,0,0,0,0,0,0,0,0,0,0,0,0,0
Quadro FX 330,1995-01-01,NV37GL,150,0,0,PCIe x16,250,400,2:4:4:4,0,0,0,0,64,3.2,DDR,128,0,9.0,2.0,0,0,0,1.0,1.0,0,21,0,0,0,0,0,0,0,0,0,0,0,0,0,0,0,0,0,0,0,0,0.0,0,0.0,0,0,0,0,0,0,0,0.0,0,0,0,0.0,0,0,0,0.0,0.0,0,0,0,0,0.0,0,0.0,0.0,0,0,0,0,0,0,0,0,0,0,0,0,0,0,0.0,0,0.0,0.0,0.0,0.0,0,0,0,0.0,0.0,0,0,0,0,0,0,0,0,0,0,0,0,0,0,0,0,0,0.0,0,0,0,0,0,0,0,0,0,0,0,0,0,0,0,0,0,0,0,0,0,0,0,0,0,0,0,0,0,0,0,0
Quadro FX 1300,1995-01-01,NV38,130,0,0,PCIe x16,350,550,3:4:8:4,0,0,0,0,128,17.6,DDR,256,0,9.0,2.1,0,0,0,1.4,2.8,0,55,0,0,0,0,0,0,0,0,0,0,0,0,0,0,0,0,0,0,0,0,0.0,0,0.0,0,0,0,0,0,0,0,0.0,0,0,0,0.0,0,0,0,0.0,0.0,0,0,0,0,0.0,0,0.0,0.0,0,0,0,0,0,0,0,0,0,0,0,0,0,0,0.0,0,0.0,0.0,0.0,0.0,0,0,0,0.0,0.0,0,0,0,0,0,0,0,0,0,0,0,0,0,0,0,0,0,0.0,0,0,0,0,0,0,0,0,0,0,0,0,0,0,0,0,0,0,0,0,0,0,0,0,0,0,0,0,0,0,0,0
Quadro FX 540,1995-01-01,NV43GL,90,0,0,PCIe x16,300,550,4:8:8:8,0,0,0,0,128,8.8,GDDR3,128,0,9.0c,2.1,0,0,0,2.4,2.4,0,35,0,0,0,0,0,0,0,0,0,0,0,0,0,0,0,0,0,0,0,0,0.0,0,0.0,0,0,0,0,0,0,0,0.0,0,0,0,0.0,0,0,0,0.0,0.0,0,0,0,0,0.0,0,0.0,0.0,0,0,0,0,0,0,0,0,0,0,0,0,0,0,0.0,0,0.0,0.0,0.0,0.0,0,0,0,0.0,0.0,0,0,0,0,0,0,0,0,0,0,0,0,0,0,0,0,0,0.0,0,0,0,0,0,0,0,0,0,0,0,0,0,0,0,0,0,0,0,0,0,0,0,0,0,0,0,0,0,0,0,0
Quadro FX 1400,1995-01-01,NV41,130,0,0,PCIe x16,350,600,5:8:8:8,0,0,0,0,128,19.2,DDR,256,0,9.0c,2.1,0,0,0,2.8,2.8,0,75,0,0,0,0,0,0,0,0,0,0,0,0,0,0,0,0,0,0,0,0,0.0,0,0.0,0,0,0,0,0,0,0,0.0,0,0,0,0.0,0,0,0,0.0,0.0,0,0,0,0,0.0,0,0.0,0.0,0,0,0,0,0,"Stereo display, SLI",0,0,0,0,0,0,0,0,0.0,0,0.0,0.0,0.0,0.0,0,0,0,0.0,0.0,0,0,0,0,0,0,0,0,0,0,0,0,0,0,0,0,0,0.0,0,0,0,0,0,0,0,0,0,0,0,0,0,0,0,0,0,0,0,0,0,0,0,0,0,0,0,0,0,0,0,0
Quadro FX 3400,1995-01-01,NV45GL/ NV40,130,0,0,PCIe x16,350,900,5:12:12:12,0,0,0,0,256,28.8,GDDR3,256,0,9.0c,2.1,0,0,0,4.2,4.2,0,101,0,0,0,0,0,0,0,0,0,0,0,0,0,0,0,0,0,0,0,0,0.0,0,0.0,0,0,0,0,0,0,0,0.0,0,0,0,0.0,0,0,0,0.0,0.0,0,0,0,0,0.0,0,0.0,0.0,0,0,0,0,0,"Stereo display, SLI",0,0,0,0,0,0,0,0,0.0,0,0.0,0.0,0.0,0.0,0,0,0,0.0,0.0,0,0,0,0,0,0,0,0,0,0,0,0,0,0,0,0,0,0.0,0,0,0,0,0,0,0,0,0,0,0,0,0,0,0,0,0,0,0,0,0,0,0,0,0,0,0,0,0,0,0,0
Quadro FX 3450,1995-01-01,NV41,110,0,0,PCIe x16,425,1000,5:12:12:12,0,0,0,0,256,32.0,GDDR3,256,0,9.0c,2.1,0,0,0,5.1,5.1,0,83,0,0,0,0,0,0,0,0,0,0,0,0,0,0,0,0,0,0,0,0,0.0,0,0.0,0,0,0,0,0,0,0,0.0,0,0,0,0.0,0,0,0,0.0,0.0,0,0,0,0,0.0,0,0.0,0.0,0,0,0,0,0,"Stereo display, SLI",0,0,0,0,0,0,0,0,0.0,0,0.0,0.0,0.0,0.0,0,0,0,0.0,0.0,0,0,0,0,0,0,0,0,0,0,0,0,0,0,0,0,0,0.0,0,0,0,0,0,0,0,0,0,0,0,0,0,0,0,0,0,0,0,0,0,0,0,0,0,0,0,0,0,0,0,0
Quadro FX 4400,1995-01-01,NV45GL A3/ NV40,130,0,0,PCIe x16,400,1050,6:16:16:16,0,0,0,0,512,33.7,GDDR3,256,0,9.0c,2.1,0,0,0,6.4,6.4,0,110,0,0,0,0,0,0,0,0,0,0,0,0,0,0,0,0,0,0,0,0,0.0,0,0.0,0,0,0,0,0,0,0,0.0,0,0,0,0.0,0,0,0,0.0,0.0,0,0,0,0,0.0,0,0.0,0.0,0,0,0,0,0,"Stereo display, SLI",0,0,0,0,0,0,0,0,0.0,0,0.0,0.0,0.0,0.0,0,0,0,0.0,0.0,0,0,0,0,0,0,0,0,0,0,0,0,0,0,0,0,0,0.0,0,0,0,0,0,0,0,0,0,0,0,0,0,0,0,0,0,0,0,0,0,0,0,0,0,0,0,0,0,0,0,0
Quadro FX 350,1995-01-01,G72,90,0,0,PCIe x16,550,400,3:4:4:2,0,0,0,0,128,6.4,DDR2,64,0,9.0c,2.1,0,0,0,1.1,2.2,0,21,0,0,0,0,0,0,0,0,0,0,0,0,0,0,0,0,0,0,0,0,0.0,0,0.0,0,0,0,0,0,0,0,0.0,0,0,0,0.0,0,0,0,0.0,0.0,0,0,0,0,0.0,0,0.0,0.0,0,0,0,0,0,0,0,0,0,0,0,0,0,0,0.0,0,0.0,0.0,0.0,0.0,0,0,0,0.0,0.0,0,0,0,0,0,0,0,0,0,0,0,0,0,0,0,0,0,0.0,0,0,0,0,0,0,0,0,0,0,0,0,0,0,0,0,0,0,0,0,0,0,0,0,0,0,0,0,0,0,0,0
Quadro FX 550,1995-01-01,NV43,110,0,0,PCIe x16,360,400,4:8:8:8,0,0,0,0,128,12.8,GDDR3,128,0,9.0c,2.1,0,0,0,2.88,2.88,0,30,0,0,0,0,0,0,0,0,0,0,0,0,0,0,0,0,0,0,0,0,0.0,0,0.0,0,0,0,0,0,0,0,0.0,0,0,0,0.0,0,0,0,0.0,0.0,0,0,0,0,0.0,0,0.0,0.0,0,0,0,0,0,0,0,0,0,0,0,0,0,0,0.0,0,0.0,0.0,0.0,0.0,0,0,0,0.0,0.0,0,0,0,0,0,0,0,0,0,0,0,0,0,0,0,0,0,0.0,0,0,0,0,0,0,0,0,0,0,0,0,0,0,0,0,0,0,0,0,0,0,0,0,0,0,0,0,0,0,0,0
Quadro FX 1500,1995-01-01,G71,90,0,0,PCIe x16,325,625,6:16:16:16,0,0,0,0,256,40.0,GDDR3,256,0,9.0c,2.1,0,0,0,5.2,5.2,0,65,0,0,0,0,0,0,0,0,0,0,0,0,0,0,0,0,0,0,0,0,0.0,0,0.0,0,0,0,0,0,0,0,0.0,0,0,0,0.0,0,0,0,0.0,0.0,0,0,0,0,0.0,0,0.0,0.0,0,0,0,0,0,0,0,0,0,0,0,0,0,0,0.0,0,0.0,0.0,0.0,0.0,0,0,0,0.0,0.0,0,0,0,0,0,0,0,0,0,0,0,0,0,0,0,0,0,0.0,0,0,0,0,0,0,0,0,0,0,0,0,0,0,0,0,0,0,0,0,0,0,0,0,0,0,0,0,0,0,0,0
Quadro FX 3500,1995-01-01,G71,90,0,0,PCIe x16,450,660,7:20:20:16,0,0,0,0,256,42.2,GDDR3,256,0,9.0c,2.1,0,0,0,7.2,9,0,80,0,0,0,0,0,0,0,0,0,0,0,0,0,0,0,0,0,0,0,0,0.0,0,0.0,0,0,0,0,0,0,0,0.0,0,0,0,0.0,0,0,0,0.0,0.0,0,0,0,0,0.0,0,0.0,0.0,0,0,0,0,0,"Stereo display, SLI",0,0,0,0,0,0,0,0,0.0,0,0.0,0.0,0.0,0.0,0,0,0,0.0,0.0,0,0,0,0,0,0,0,0,0,0,0,0,0,0,0,0,0,0.0,0,0,0,0,0,0,0,0,0,0,0,0,0,0,0,0,0,0,0,0,0,0,0,0,0,0,0,0,0,0,0,0
Quadro FX 4500,1995-01-01,G70,110,0,0,PCIe x16,430,525,8:24:24:16,0,0,0,0,512,33.6,GDDR3,256,0,9.0c,2.1,0,0,0,6.88,10.3,0,109,0,0,0,0,0,0,0,0,0,0,0,0,0,0,0,0,0,0,0,0,0.0,0,0.0,0,0,0,0,0,0,0,0.0,0,0,0,0.0,0,0,0,0.0,0.0,0,0,0,0,0.0,0,0.0,0.0,0,0,0,0,0,"Stereo display, SLI",0,0,0,0,0,0,0,0,0.0,0,0.0,0.0,0.0,0.0,0,0,0,0.0,0.0,0,0,0,0,0,0,0,0,0,0,0,0,0,0,0,0,0,0.0,0,0,0,0,0,0,0,0,0,0,0,0,0,0,0,0,0,0,0,0,0,0,0,0,0,0,0,0,0,0,0,0
Quadro FX 4500 SDI,1995-01-01,G70,110,0,0,PCIe x16,430,525,8:24:24:16,0,0,0,0,512,33.6,GDDR3,256,0,9.0c,2.1,0,0,0,6.88,10.3,0,116,0,0,0,0,0,0,0,0,0,0,0,0,0,0,0,0,0,0,0,0,0.0,0,0.0,0,0,0,0,0,0,0,0.0,0,0,0,0.0,0,0,0,0.0,0.0,0,0,0,0,0.0,0,0.0,0.0,0,0,0,0,0,"Stereo display, Genlock",0,0,0,0,0,0,0,0,0.0,0,0.0,0.0,0.0,0.0,0,0,0,0.0,0.0,0,0,0,0,0,0,0,0,0,0,0,0,0,0,0,0,0,0.0,0,0,0,0,0,0,0,0,0,0,0,0,0,0,0,0,0,0,0,0,0,0,0,0,0,0,0,0,0,0,0,0
Quadro FX 4500X2,1995-01-01,G71,90,0,0,PCIe x16,500,605,2x 8:24:24:16,0,0,0,0,2x 512,2x 38.7,GDDR3,2x 256,0,9.0c,2.1,0,0,0,2x 8,2x 12,0,145,0,0,0,0,0,0,0,0,0,0,0,0,0,0,0,0,0,0,0,0,0.0,0,0.0,0,0,0,0,0,0,0,0.0,0,0,0,0.0,0,0,0,0.0,0.0,0,0,0,0,0.0,0,0.0,0.0,0,0,0,0,0,"Stereo display, SLI, Genlock",0,0,0,0,0,0,0,0,0.0,0,0.0,0.0,0.0,0.0,0,0,0,0.0,0.0,0,0,0,0,0,0,0,0,0,0,0,0,0,0,0,0,0,0.0,0,0,0,0,0,0,0,0,0,0,0,0,0,0,0,0,0,0,0,0,0,0,0,0,0,0,0,0,0,0,0,0
Quadro FX 4500 rev. A2,1995-01-01,G71,90,0,0,PCIe x16,650,800,8:24:24:16,0,0,0,0,512,51.2,GDDR3,256,0,9.0c,2.1,0,0,0,10.4,15.6,0,105,0,0,0,0,0,0,0,0,0,0,0,0,0,0,0,0,0,0,0,0,0.0,0,0.0,0,0,0,0,0,0,0,0.0,0,0,0,0.0,0,0,0,0.0,0.0,0,0,0,0,0.0,0,0.0,0.0,0,0,0,0,0,"Stereo display, SLI, Genlock",0,0,0,0,0,0,0,0,0.0,0,0.0,0.0,0.0,0.0,0,0,0,0.0,0.0,0,0,0,0,0,0,0,0,0,0,0,0,0,0,0,0,0,0.0,0,0,0,0,0,0,0,0,0,0,0,0,0,0,0,0,0,0,0,0,0,0,0,0,0,0,0,0,0,0,0,0
Quadro FX 5500,1995-01-01,G71,90,0,0,PCIe x16,650,505,8:24:24:16,0,0,0,0,1024,32.3,DDR2,256,0,9.0c,2.1,0,0,0,10.4,15.6,0,96,0,0,0,0,0,0,0,0,0,0,0,0,0,0,0,0,0,0,0,0,0.0,0,0.0,0,0,0,0,0,0,0,0.0,0,0,0,0.0,0,0,0,0.0,0.0,0,0,0,0,0.0,0,0.0,0.0,0,0,0,0,0,"Stereo display, SLI, Genlock",0,0,0,0,0,0,0,0,0.0,0,0.0,0.0,0.0,0.0,0,0,0,0.0,0.0,0,0,0,0,0,0,0,0,0,0,0,0,0,0,0,0,0,0.0,0,0,0,0,0,0,0,0,0,0,0,0,0,0,0,0,0,0,0,0,0,0,0,0,0,0,0,0,0,0,0,0
Quadro FX 5500 SDI,1995-01-01,G71,90,0,0,PCIe x16,650,505,8:24:24:16,0,0,0,0,1024,32.3,DDR2,256,0,9.0c,2.1,0,0,0,10.4,15.6,0,104,0,0,0,0,0,0,0,0,0,0,0,0,0,0,0,0,0,0,0,0,0.0,0,0.0,0,0,0,0,0,0,0,0.0,0,0,0,0.0,0,0,0,0.0,0.0,0,0,0,0,0.0,0,0.0,0.0,0,0,0,0,0,"Stereo display, SLI, Genlock",0,0,0,0,0,0,0,0,0.0,0,0.0,0.0,0.0,0.0,0,0,0,0.0,0.0,0,0,0,0,0,0,0,0,0,0,0,0,0,0,0,0,0,0.0,0,0,0,0,0,0,0,0,0,0,0,0,0,0,0,0,0,0,0,0,0,0,0,0,0,0,0,0,0,0,0,0
Quadro FX 560,2006-04-20,G73GL,90,0,0,PCIe x16,350,1200,5:12:12:8,0,0,0,0,128,19.2,GDDR3,128,0,9.0c,2.1,0,0,0,2.8,4.2,0.0,30,0,0,0,0,0,0,0,0,0,0,0,0,0,0,0,0,0,0,0,0,0.0,0,0.0,0,0,0,0,0,0,0,0.0,0,0,0,0.0,0,0,0,0.0,0.0,0,0,0,0,0.0,0,0.0,0.0,0,0,0,0,0,0,0,0,0,0,0,0,0,0,0.0,0,350.0,0.0,0.0,0.0,0,0,0,0.0,0.0,0,0,0,0,0,0,0,0,0,0,0,0,0,0,0,0,0,0.0,0,0,0,0,0,0,0,0,0,0,0,0,0,0,0,0,0,0,0,0,0,0,0,0,0,0,0,0,0,0,0,0
Quadro FX 46002,2007-03-05,G80-850-A2 + NVIO-1-A3,90,0,0,PCIe x16,500,1400,96:24:24,0,0,0,0,768,67.2,GDDR3,384,0,10.0,3.3,0,0,0,12.0,24.0,345.0,134,0,0,0,0,0,0,0,0,0,0,-,0,0,0,0,0,0,0,0,0,0.0,0,0.0,0,0,0,0,0,0,0,0.0,0,0,0,0.0,0,0,0,0.0,0.0,0,0,0,0,0.0,0,0.0,0.0,0,0,0,0,0,"Stereo display, SLI, Genlock",0,0,0,0,0,0,0,0,0.0,0,1200.0,0.0,0.0,0.0,0,0,0,0.0,0.0,0,0,0,0,0,0,0,0,0,0,0,0,0,0,0,0,0,0.0,0,0,0,0,0,0,0,0,0,0,0,0,0,0,0,0,0,0,0,0,0,0,0,0,0,0,0,0,0,0,0,0
Quadro FX 4600 SDI2,2007-03-05,G80-850-A2 + NVIO-1-A3,90,0,0,PCIe x16,500,1400,96:24:24,0,0,0,0,768,67.2,GDDR3,384,0,10.0,3.3,0,0,0,12.0,24.0,345.0,154,0,0,0,0,0,0,0,0,0,0,-,0,0,0,0,0,0,0,0,0,0.0,0,0.0,0,0,0,0,0,0,0,0.0,0,0,0,0.0,0,0,0,0.0,0.0,0,0,0,0,0.0,0,0.0,0.0,0,0,0,0,0,"Stereo display, SLI, Genlock",0,0,0,0,0,0,0,0,0.0,0,1200.0,0.0,0.0,0.0,0,0,0,0.0,0.0,0,0,0,0,0,0,0,0,0,0,0,0,0,0,0,0,0,0.0,0,0,0,0,0,0,0,0,0,0,0,0,0,0,0,0,0,0,0,0,0,0,0,0,0,0,0,0,0,0,0,0
Quadro FX 56002,2007-03-05,G80-875-A2 + NVIO-1-A3,90,0,0,PCIe 2.0 x16,600,1600,128:32:24,0,0,0,0,1536,76.8,GDDR3,384,0,10.0,3.3,0,0,0,14.4,38.4,518.4,171,0,0,0,0,0,0,0,0,0,0,-,0,0,0,0,0,0,0,0,0,0.0,0,0.0,0,0,0,0,0,0,0,0.0,0,0,0,0.0,0,0,0,0.0,0.0,0,0,0,0,0.0,0,0.0,0.0,0,0,0,0,0,"Stereo display, SLI, Genlock",0,0,0,0,0,0,0,0,0.0,0,1350.0,0.0,0.0,0.0,0,0,0,0.0,0.0,0,0,0,0,0,0,0,0,0,0,0,0,0,0,0,0,0,0.0,0,0,0,0,0,0,0,0,0,0,0,0,0,0,0,0,0,0,0,0,0,0,0,0,0,0,0,0,0,0,0,0
Quadro FX 370,2007-09-12,G84-825-A2,80,0,0,PCIe x16,360,800,16:8:4,0,0,0,0,256,6.4,DDR2,64,0,10.0,3.3,0,0,0,1.44,2.88,34.56,35,0,0,0,0,0,0,0,0,0,0,-,0,0,0,0,0,0,0,0,0,0.0,0,0.0,0,0,0,0,0,0,0,0.0,0,0,0,0.0,0,0,0,0.0,0.0,0,0,0,0,0.0,0,0.0,0.0,0,0,0,0,0,0,0,0,0,0,0,0,0,0,0.0,0,720.0,0.0,0.0,0.0,0,0,0,0.0,0.0,0,0,0,0,0,0,0,0,0,0,0,0,0,0,0,0,0,0.0,0,0,0,0,0,0,0,0,0,0,0,0,0,0,0,0,0,0,0,0,0,0,0,0,0,0,0,0,0,0,0,0
Quadro FX 370 LP,2008-11-06,G98,80,0,0,PCIe x16,540,1000,8:8:4,0,0,0,0,256,8,DDR2,64,0,10.0,3.3,0,0,0,2.16,4.32,25.92,25,0,0,0,0,0,0,0,0,0,0,-,0,0,0,0,0,0,0,0,0,0.0,0,0.0,0,0,0,0,0,0,0,0.0,0,0,0,0.0,0,0,0,0.0,0.0,0,0,0,0,0.0,0,0.0,0.0,0,0,0,0,0,DMS-59 for two Single Link DVI,0,0,0,0,0,0,0,0,0.0,0,1300.0,0.0,0.0,0.0,0,0,0,0.0,0.0,0,0,0,0,0,0,0,0,0,0,0,0,0,0,0,0,0,0.0,0,0,0,0,0,0,0,0,0,0,0,0,0,0,0,0,0,0,0,0,0,0,0,0,0,0,0,0,0,0,0,0
Quadro FX 470,2007-09-12,MCP7A-U,65,0,0,PCIe 2.0 x16(Integrated),580,800(system memory),16:8:4,0,0,0,0,Up to 256MB from system memory.,12.8,DDR2,128,0,10.0,3.3,0,0,0,2.32,4.64,67.2,30,0,0,0,0,0,0,0,0,0,0,-,0,0,0,0,0,0,0,0,0,0.0,0,0.0,0,0,0,0,0,0,0,0.0,0,0,0,0.0,0,0,0,0.0,0.0,0,0,0,0,0.0,0,0.0,0.0,0,0,0,0,0,based on GeForce 9400 mGPU,0,0,0,0,0,0,0,0,0.0,0,1400.0,0.0,0.0,0.0,0,0,0,0.0,0.0,0,0,0,0,0,0,0,0,0,0,0,0,0,0,0,0,0,0.0,0,0,0,0,0,0,0,0,0,0,0,0,0,0,0,0,0,0,0,0,0,0,0,0,0,0,0,0,0,0,0,0
Quadro FX 570,2007-09-12,G84-850-A2,80,0,0,PCIe x16,460,800,16:8:8,0,0,0,0,256,12.8,DDR2,128,0,10.0,3.3,0,0,0,3.68,3.68,44.1,38,0,0,0,0,0,0,0,0,0,0,-,0,0,0,0,0,0,0,0,0,0.0,0,0.0,0,0,0,0,0,0,0,0.0,0,0,0,0.0,0,0,0,0.0,0.0,0,0,0,0,0.0,0,0.0,0.0,0,0,0,0,0,0,0,0,0,0,0,0,0,0,0.0,0,920.0,0.0,0.0,0.0,0,0,0,0.0,0.0,0,0,0,0,0,0,0,0,0,0,0,0,0,0,0,0,0,0.0,0,0,0,0,0,0,0,0,0,0,0,0,0,0,0,0,0,0,0,0,0,0,0,0,0,0,0,0,0,0,0,0
Quadro FX 1700,2007-09-12,G84-875-A2,80,0,0,PCIe x16,460,800,32:16:8,0,0,0,0,512,12.8,DDR2,128,0,10.0,3.3,0,0,0,3.68,7.36,88.32,42,0,0,0,0,0,0,0,0,0,0,-,0,0,0,0,0,0,0,0,0,0.0,0,0.0,0,0,0,0,0,0,0,0.0,0,0,0,0.0,0,0,0,0.0,0.0,0,0,0,0,0.0,0,0.0,0.0,0,0,0,0,0,0,0,0,0,0,0,0,0,0,0.0,0,920.0,0.0,0.0,0.0,0,0,0,0.0,0.0,0,0,0,0,0,0,0,0,0,0,0,0,0,0,0,0,0,0.0,0,0,0,0,0,0,0,0,0,0,0,0,0,0,0,0,0,0,0,0,0,0,0,0,0,0,0,0,0,0,0,0
Quadro FX 3700,2008-01-08,G92-875-A2,65,0,0,PCIe 2.0 x16,500,1600,112:56:16,0,0,0,0,512,51.2,GDDR3,256,0,10.0,3.3,0,0,0,8,28,420,78,0,0,0,0,0,0,0,0,0,0,-,0,0,0,0,0,0,0,0,0,0.0,0,0.0,0,0,0,0,0,0,0,0.0,0,0,0,0.0,0,0,0,0.0,0.0,0,0,0,0,0.0,0,0.0,0.0,0,0,0,0,0,"Stereo display, SLI",0,0,0,0,0,0,0,0,0.0,0,1250.0,0.0,0.0,0.0,0,0,0,0.0,0.0,0,0,0,0,0,0,0,0,0,0,0,0,0,0,0,0,0,0.0,0,0,0,0,0,0,0,0,0,0,0,0,0,0,0,0,0,0,0,0,0,0,0,0,0,0,0,0,0,0,0,0
Quadro FX 4700X2,2008-04-18,G92-880-A2,65,0,0,PCIe 2.0 x16,600,1600,2x 128:64:16,0,0,0,0,2x 1024,2x 51.2,GDDR3,2x 256,0,10.0,3.3,0,0,0,2x 9.6,2x 38.4,2x 576,226,0,0,0,0,0,0,0,0,0,0,-,0,0,0,0,0,0,0,0,0,0.0,0,0.0,0,0,0,0,0,0,0,0.0,0,0,0,0.0,0,0,0,0.0,0.0,0,0,0,0,0.0,0,0.0,0.0,0,0,0,0,0,SLI,0,0,0,0,0,0,0,0,0.0,0,1500.0,0.0,0.0,0.0,0,0,0,0.0,0.0,0,0,0,0,0,0,0,0,0,0,0,0,0,0,0,0,0,0.0,0,0,0,0,0,0,0,0,0,0,0,0,0,0,0,0,0,0,0,0,0,0,0,0,0,0,0,0,0,0,0,0
Quadro VX 200,2008-01-08,G92-851-A2,65,0,0,PCIe 2.0 x16,450,1600,96:48:16,0,0,0,0,512,51.2,GDDR3,256,0,10.0,3.3,0,0,0,7.2,21.6,324,75,0,0,0,0,0,0,0,0,0,0,-,0,0,0,0,0,0,0,0,0,0.0,0,0.0,0,0,0,0,0,0,0,0.0,0,0,0,0.0,0,0,0,0.0,0.0,0,0,0,0,0.0,0,0.0,0.0,0,0,0,0,0,"2x Dual-link DVI, S-Video, optimised for Autodesk AutoCAD",0,0,0,0,0,0,0,0,0.0,0,1125.0,0.0,0.0,0.0,0,0,0,0.0,0.0,0,0,0,0,0,0,0,0,0,0,0,0,0,0,0,0,0,0.0,0,0,0,0,0,0,0,0,0,0,0,0,0,0,0,0,0,0,0,0,0,0,0,0,0,0,0,0,0,0,0,0
Quadro FX 380,2009-03-30,G96-850-C1,65,0,0,PCIe 2.0 x16,450,1400,16:8:8,0,0,0,0,256,22.4,GDDR3,128,0,10.0,3.3,0,0,0,3.6,3.6,52.8,34,0,0,0,0,0,0,0,0,0,0,-,0,0,0,0,0,0,0,0,0,0.0,0,0.0,0,0,0,0,0,0,0,0.0,0,0,0,0.0,0,0,0,0.0,0.0,0,0,0,0,0.0,0,0.0,0.0,0,0,0,0,0,"Two Dual Link DVI, no DisplayPort",0,0,0,0,0,0,0,0,0.0,0,1100.0,0.0,0.0,0.0,0,0,0,0.0,0.0,0,0,0,0,0,0,0,0,0,0,0,0,0,0,0,0,0,0.0,0,0,0,0,0,0,0,0,0,0,0,0,0,0,0,0,0,0,0,0,0,0,0,0,0,0,0,0,0,0,0,0
Quadro FX 380 LP,2009-12-01,GT218GL,40,0,0,PCIe 2.0 x16,589,1600,16:8:4,0,0,0,0,512,12.8,GDDR3,64,0,10.0,3.3,0,0,0,2.356,4.712,67.296,28,0,0,0,0,0,0,0,0,0,0,-,0,0,0,0,0,0,0,0,0,0.0,0,0.0,0,0,0,0,0,0,0,0.0,0,0,0,0.0,0,0,0,0.0,0.0,0,0,0,0,0.0,0,0.0,0.0,0,0,0,0,0,"DisplayPort, Dual Link DVI",0,0,0,0,0,0,0,0,0.0,0,1402.0,0.0,0.0,0.0,0,0,0,0.0,0.0,0,0,0,0,0,0,0,0,0,0,0,0,0,0,0,0,0,0.0,0,0,0,0,0,0,0,0,0,0,0,0,0,0,0,0,0,0,0,0,0,0,0,0,0,0,0,0,0,0,0,0
Quadro FX 580,2009-04-09,G96-875-C1,65,0,0,PCIe 2.0 x16,450,1600,32:16:8,0,0,0,0,512,25.6,GDDR3,128,0,10.0,3.3,0,0,0,3.6,7.2,108.0,40,0,0,0,0,0,0,0,0,0,0,-,0,0,0,0,0,0,0,0,0,0.0,0,0.0,0,0,0,0,0,0,0,0.0,0,0,0,0.0,0,0,0,0.0,0.0,0,0,0,0,0.0,0,0.0,0.0,0,0,0,0,0,"Dual DisplayPort, Dual Link DVI",0,0,0,0,0,0,0,0,0.0,0,1125.0,0.0,0.0,0.0,0,0,0,0.0,0.0,0,0,0,0,0,0,0,0,0,0,0,0,0,0,0,0,0,0.0,0,0,0,0,0,0,0,0,0,0,0,0,0,0,0,0,0,0,0,0,0,0,0,0,0,0,0,0,0,0,0,0
Quadro FX 1800,2009-03-30,G100GL-U(G94),65,0,0,PCIe 2.0 x16,550,1600,64:32:12,0,0,0,0,768,38.4,GDDR3,192,0,10.0,3.3,0,0,0,6.6,17.6,264.0,59,0,0,0,0,0,0,0,0,0,0,-,0,0,0,0,0,0,0,0,0,0.0,0,0.0,0,0,0,0,0,0,0,0.0,0,0,0,0.0,0,0,0,0.0,0.0,0,0,0,0,0.0,0,0.0,0.0,0,0,0,0,0,"Stereo DP Dual Link DVI, Dual DisplayPort, SLI",0,0,0,0,0,0,0,0,0.0,0,1375.0,0.0,0.0,0.0,0,0,0,0.0,0.0,0,0,0,0,0,0,0,0,0,0,0,0,0,0,0,0,0,0.0,0,0,0,0,0,0,0,0,0,0,0,0,0,0,0,0,0,0,0,0,0,0,0,0,0,0,0,0,0,0,0,0
Quadro FX 3800,2009-03-30,G200-835-B3 + NVIO2-A2,55,0,0,PCIe 2.0 x16,600,1600,192:64:16,0,0,0,0,1024,51.2,GDDR3,256,0,10.0,3.3,0,0,0,9.632,38.528,691.2,108,0,0,0,0,0,0,0,0,0,0,86.4,0,0,0,0,0,0,0,0,0,0.0,0,0.0,0,0,0,0,0,0,0,0.0,0,0,0,0.0,0,0,0,0.0,0.0,0,0,0,0,0.0,0,0.0,0.0,0,0,0,0,0,"Stereo DP Dual Link DVI, Dual DisplayPort, SLI",0,0,0,0,0,0,0,0,0.0,0,1204.0,0.0,0.0,0.0,0,0,0,0.0,0.0,0,0,0,0,0,0,0,0,0,0,0,0,0,0,0,0,0,0.0,0,0,0,0,0,0,0,0,0,0,0,0,0,0,0,0,0,0,0,0,0,0,0,0,0,0,0,0,0,0,0,0
Quadro FX 4800,2008-11-11,G200-850-B3 + NVIO2-A2,55,0,0,PCIe 2.0 x16,602,1600,192:64:24,0,0,0,0,1536,76.8,GDDR3,384,0,10.0,3.3,0,0,0,14.448,38.528,693.504,150,0,0,0,0,0,0,0,0,0,0,86.688,0,0,0,0,0,0,0,0,0,0.0,0,0.0,0,0,0,0,0,0,0,0.0,0,0,0,0.0,0,0,0,0.0,0.0,0,0,0,0,0.0,0,0.0,0.0,0,0,0,0,0,"Stereo DP Dual Link DVI, Dual DisplayPort, SLI",0,0,0,0,0,0,0,0,0.0,0,1204.0,0.0,0.0,0.0,0,0,0,0.0,0.0,0,0,0,0,0,0,0,0,0,0,0,0,0,0,0,0,0,0.0,0,0,0,0,0,0,0,0,0,0,0,0,0,0,0,0,0,0,0,0,0,0,0,0,0,0,0,0,0,0,0,0
Quadro FX 5800,2008-11-11,G200-875-B2 + NVIO2-A2,55,0,0,PCIe 2.0 x16,610,1600,240:80:32,0,0,0,0,4096,102.4,GDDR3,512,0,10.0,3.3,0,0,0,20.736,51.84,878.4,189,0,0,0,0,0,0,0,0,0,0,109.8,0,0,0,0,0,0,0,0,0,0.0,0,0.0,0,0,0,0,0,0,0,0.0,0,0,0,0.0,0,0,0,0.0,0.0,0,0,0,0,0.0,0,0.0,0.0,0,0,0,0,0,"Stereo DP Dual Link DVI, Dual DisplayPort, SLI",0,0,0,0,0,0,0,0,0.0,0,1296.0,0.0,0.0,0.0,0,0,0,0.0,0.0,0,0,0,0,0,0,0,0,0,0,0,0,0,0,0,0,0,0.0,0,0,0,0,0,0,0,0,0,0,0,0,0,0,0,0,0,0,0,0,0,0,0,0,0,0,0,0,0,0,0,0
Quadro CX,2008-11-11,GT200GL + NVIO2,55,0,0,PCIe 2.0 x16,602,1600,192:64:24,0,0,0,0,1536,76.8,GDDR3,384,0,10.0,3.3,0,0,0,14.448,38.528,693.504,150,0,0,0,0,0,0,0,0,0,0,86.688,0,0,0,0,0,0,0,0,0,0.0,0,0.0,0,0,0,0,0,0,0,0.0,0,0,0,0.0,0,0,0,0.0,0.0,0,0,0,0,0.0,0,0.0,0.0,0,0,0,0,0,"Display Port and dual-link DVI Output, optimised for Adobe Creative Suite 4",0,0,0,0,0,0,0,0,0.0,0,1204.0,0.0,0.0,0.0,0,0,0,0.0,0.0,0,0,0,0,0,0,0,0,0,0,0,0,0,0,0,0,0,0.0,0,0,0,0,0,0,0,0,0,0,0,0,0,0,0,0,0,0,0,0,0,0,0,0,0,0,0,0,0,0,0,0
Quadro 400,2011-04-05,GT216GL,40,0,0,PCIe 2.0 x16,450,1540,48:16:4,0,0,0,0,512,12.3,DDR3,64,0,10.1,4.5,0,0,0,1.8,7.2,108,32,0,0,0,0,0,0,0,0,0,0,-,0,0,0,0,0,0,0,0,0,0.0,0,0.0,0,0,0,0,0,0,0,0.0,0,0,0,0.0,0,0,0,0.0,0.0,0,0,0,0,0.0,0,0.0,0.0,0,0,0,0,0,"DisplayPort, Dual Link DVI",0,0,0,0,0,0,0,0,0.0,0,1125.0,0.0,0.0,0.0,0,0,0,0.0,0.0,0,0,0,0,0,0,0,0,0,0,0,0,0,0,0,0,0,0.0,0,0,0,0,0,0,0,0,0,0,0,0,0,0,0,0,0,0,0,0,0,0,0,0,0,0,0,0,0,0,0,0
Quadro 600,2010-12-13,GF108GL,40,0,0,PCIe 2.0 x16,640,1600,96:164:4,0,0,0,0,1024,25.6,DDR3,128,0,11.0,4.6,0,0,0,2.56,10.24,245.76,40,0,0,0,0,0,0,0,0,0,0,15,0,0,0,0,0,0,0,0,0,0.0,0,0.0,0,0,0,0,0,0,0,0.0,0,0,0,0.0,0,0,0,0.0,0.0,0,0,0,0,0.0,0,0.0,0.0,0,0,0,0,0,"DisplayPort, Dual Link DVI",0,0,0,0,0,0,0,0,0.0,0,1280.0,0.0,0.0,0.0,0,0,0,0.0,0.0,0,0,0,0,0,0,0,0,0,0,0,0,0,0,0,0,0,0.0,0,0,0,0,0,0,0,0,0,0,0,0,0,0,0,0,0,0,0,0,0,0,0,0,0,0,0,0,0,0,0,0
Quadro 2000,2010-12-24,GF106GL (GF106-875),40,0,0,PCIe 2.0 x16,625,2600,192:324:16,0,0,0,0,1024,41.6,GDDR5,128,0,11.0,4.6,0,0,0,10,20,480,62,0,0,0,0,0,0,0,0,0,0,30,0,0,0,0,0,0,0,0,0,0.0,0,0.0,0,0,0,0,0,0,0,0.0,0,0,0,0.0,0,0,0,0.0,0.0,0,0,0,0,0.0,0,0.0,0.0,0,0,0,0,0,"Stereo DP Dual Link DVI, Dual DisplayPort",0,0,0,0,0,0,0,0,0.0,0,1250.0,0.0,0.0,0.0,0,0,0,0.0,0.0,0,0,0,0,0,0,0,0,0,0,0,0,0,0,0,0,0,0.0,0,0,0,0,0,0,0,0,0,0,0,0,0,0,0,0,0,0,0,0,0,0,0,0,0,0,0,0,0,0,0,0
Quadro 4000,2010-11-02,GF100,40,0,0,PCIe 2.0 x16,475,2800,256:324:32,0,0,0,0,2048,89.6,GDDR5,256,0,11.0,4.6,0,0,0,15.2,15.2,486.4,142,0,0,0,0,0,0,0,0,0,0,243,0,0,0,0,0,0,0,0,0,0.0,0,0.0,0,0,0,0,0,0,0,0.0,0,0,0,0.0,0,0,0,0.0,0.0,0,0,0,0,0.0,0,0.0,0.0,0,0,0,0,0,0,0,0,0,0,0,0,0,0,0.0,0,950.0,0.0,0.0,0.0,0,0,0,0.0,0.0,0,0,0,0,0,0,0,0,0,0,0,0,0,0,0,0,0,0.0,0,0,Fermi,0,0,0,0,0.0,0,0,0,0.0,0,0,0.0,0,0,1030.4,515.2,0,0,0,0,1× GF100,0,448,1150,—,No,2.0,0,GF100
Quadro 4000,2010-11-02,GF100,40,0,0,PCIe 2.0 x16,475,2800,256:324:32,0,0,0,0,2048,89.6,GDDR5,256,0,11.0,4.6,0,0,0,15.2,15.2,486.4,142,0,0,0,0,0,0,0,0,0,0,243,0,0,0,0,0,0,0,0,0,0.0,0,0.0,0,0,0,0,0,0,0,0.0,0,0,0,0.0,0,0,0,0.0,0.0,0,0,0,0,0.0,0,0.0,0.0,0,0,0,0,0,0,0,0,0,0,0,0,0,0,0.0,0,950.0,0.0,0.0,0.0,0,0,0,0.0,0.0,0,0,0,0,0,0,0,0,0,0,0,0,0,0,0,0,0,0.0,0,0,Fermi,0,0,0,0,0.0,0,0,0,0.0,0,0,0.0,0,0,1030.4,515.2,0,0,0,0,1× GF100,0,448,1150,—,No,2.0,0,GF100
Quadro 4000,2010-11-02,GF100,40,0,0,PCIe 2.0 x16,475,2800,256:324:32,0,0,0,0,2048,89.6,GDDR5,256,0,11.0,4.6,0,0,0,15.2,15.2,486.4,142,0,0,0,0,0,0,0,0,0,0,243,0,0,0,0,0,0,0,0,0,0.0,0,0.0,0,0,0,0,0,0,0,0.0,0,0,0,0.0,0,0,0,0.0,0.0,0,0,0,0,0.0,0,0.0,0.0,0,0,0,0,0,0,0,0,0,0,0,0,0,0,0.0,0,950.0,0.0,0.0,0.0,0,0,0,0.0,0.0,0,0,0,0,0,0,0,0,0,0,0,0,0,0,0,0,0,0.0,0,0,Fermi,0,0,0,0,0.0,0,0,0,0.0,0,0,0.0,0,0,1030.4,515.2,0,0,0,0,1× GF100,0,448,1150,—,No,2.0,0,GF100
Quadro 4000,2010-11-02,GF100,40,0,0,PCIe 2.0 x16,475,2800,256:324:32,0,0,0,0,2048,89.6,GDDR5,256,0,11.0,4.6,0,0,0,15.2,15.2,486.4,142,0,0,0,0,0,0,0,0,0,0,243,0,0,0,0,0,0,0,0,0,0.0,0,0.0,0,0,0,0,0,0,0,0.0,0,0,0,0.0,0,0,0,0.0,0.0,0,0,0,0,0.0,0,0.0,0.0,0,0,0,0,0,0,0,0,0,0,0,0,0,0,0.0,0,950.0,0.0,0.0,0.0,0,0,0,0.0,0.0,0,0,0,0,0,0,0,0,0,0,0,0,0,0,0,0,0,0.0,0,0,Fermi,0,0,0,0,0.0,0,0,0,0.0,0,0,0.0,0,0,1030.4,515.2,0,0,0,0,1× GF100,0,448,1150,—,No,2.0,0,GF100
Quadro 4000,2010-11-02,GF100,40,0,0,PCIe 2.0 x16,475,2800,256:324:32,0,0,0,0,2048,89.6,GDDR5,256,0,11.0,4.6,0,0,0,15.2,15.2,486.4,142,0,0,0,0,0,0,0,0,0,0,243,0,0,0,0,0,0,0,0,0,0.0,0,0.0,0,0,0,0,0,0,0,0.0,0,0,0,0.0,0,0,0,0.0,0.0,0,0,0,0,0.0,0,0.0,0.0,0,0,0,0,0,0,0,0,0,0,0,0,0,0,0.0,0,950.0,0.0,0.0,0.0,0,0,0,0.0,0.0,0,0,0,0,0,0,0,0,0,0,0,0,0,0,0,0,0,0.0,0,0,Fermi,0,0,0,0,0.0,0,0,0,0.0,0,0,0.0,0,0,1030.4,515.2,0,0,0,0,1× GF100,0,448,1150,—,No,2.0,0,GF100
Quadro 4000,2010-11-02,GF100,40,0,0,PCIe 2.0 x16,475,2800,256:324:32,0,0,0,0,2048,89.6,GDDR5,256,0,11.0,4.6,0,0,0,15.2,15.2,486.4,142,0,0,0,0,0,0,0,0,0,0,243,0,0,0,0,0,0,0,0,0,0.0,0,0.0,0,0,0,0,0,0,0,0.0,0,0,0,0.0,0,0,0,0.0,0.0,0,0,0,0,0.0,0,0.0,0.0,0,0,0,0,0,0,0,0,0,0,0,0,0,0,0.0,0,950.0,0.0,0.0,0.0,0,0,0,0.0,0.0,0,0,0,0,0,0,0,0,0,0,0,0,0,0,0,0,0,0.0,0,0,Fermi,0,0,0,0,0.0,0,0,0,0.0,0,0,0.0,0,0,4121.6,2060.8,0,0,0,0,4× GF100,0,1792,1150,—,No,2.0,0,GF100
Quadro 4000,2010-11-02,GF100,40,0,0,PCIe 2.0 x16,475,2800,256:324:32,0,0,0,0,2048,89.6,GDDR5,256,0,11.0,4.6,0,0,0,15.2,15.2,486.4,142,0,0,0,0,0,0,0,0,0,0,243,0,0,0,0,0,0,0,0,0,0.0,0,0.0,0,0,0,0,0,0,0,0.0,0,0,0,0.0,0,0,0,0.0,0.0,0,0,0,0,0.0,0,0.0,0.0,0,0,0,0,0,0,0,0,0,0,0,0,0,0,0.0,0,950.0,0.0,0.0,0.0,0,0,0,0.0,0.0,0,0,0,0,0,0,0,0,0,0,0,0,0,0,0,0,0,0.0,0,0,Fermi,0,0,0,0,0.0,0,0,0,0.0,0,0,0.0,0,0,4121.6,2060.8,0,0,0,0,4× GF100,0,1792,1150,—,No,2.0,0,GF100
Quadro 5000,2011-02-23,GF100,40,0,0,PCIe 2.0 x16,513,3000,352:444:40,0,0,0,0,2560,120,GDDR5,320,0,11.0,4.6,0,0,0,20.53,22.572,722.304,152,0,0,0,0,0,0,0,0,0,0,359,0,0,0,0,0,0,0,0,0,0.0,0,0.0,0,0,0,0,0,0,0,0.0,0,0,0,0.0,0,0,0,0.0,0.0,0,0,0,0,0.0,0,0.0,0.0,0,0,0,0,0,0,0,0,0,0,0,0,0,0,0.0,0,1026.0,0.0,0.0,0.0,0,0,0,0.0,0.0,0,0,0,0,0,0,0,0,0,0,0,0,0,0,0,0,0,0.0,0,0,Fermi,0,0,0,0,0.0,0,0,0,0.0,0,0,0.0,0,0,1030.4,515.2,0,0,0,0,1× GF100,0,448,1150,—,No,2.0,0,GF100
Quadro 5000,2011-02-23,GF100,40,0,0,PCIe 2.0 x16,513,3000,352:444:40,0,0,0,0,2560,120,GDDR5,320,0,11.0,4.6,0,0,0,20.53,22.572,722.304,152,0,0,0,0,0,0,0,0,0,0,359,0,0,0,0,0,0,0,0,0,0.0,0,0.0,0,0,0,0,0,0,0,0.0,0,0,0,0.0,0,0,0,0.0,0.0,0,0,0,0,0.0,0,0.0,0.0,0,0,0,0,0,0,0,0,0,0,0,0,0,0,0.0,0,1026.0,0.0,0.0,0.0,0,0,0,0.0,0.0,0,0,0,0,0,0,0,0,0,0,0,0,0,0,0,0,0,0.0,0,0,Fermi,0,0,0,0,0.0,0,0,0,0.0,0,0,0.0,0,0,1030.4,515.2,0,0,0,0,1× GF100,0,448,1150,—,No,2.0,0,GF100
Quadro 5000,2011-02-23,GF100,40,0,0,PCIe 2.0 x16,513,3000,352:444:40,0,0,0,0,2560,120,GDDR5,320,0,11.0,4.6,0,0,0,20.53,22.572,722.304,152,0,0,0,0,0,0,0,0,0,0,359,0,0,0,0,0,0,0,0,0,0.0,0,0.0,0,0,0,0,0,0,0,0.0,0,0,0,0.0,0,0,0,0.0,0.0,0,0,0,0,0.0,0,0.0,0.0,0,0,0,0,0,0,0,0,0,0,0,0,0,0,0.0,0,1026.0,0.0,0.0,0.0,0,0,0,0.0,0.0,0,0,0,0,0,0,0,0,0,0,0,0,0,0,0,0,0,0.0,0,0,Fermi,0,0,0,0,0.0,0,0,0,0.0,0,0,0.0,0,0,1030.4,515.2,0,0,0,0,1× GF100,0,448,1150,—,No,2.0,0,GF100
Quadro 5000,2011-02-23,GF100,40,0,0,PCIe 2.0 x16,513,3000,352:444:40,0,0,0,0,2560,120,GDDR5,320,0,11.0,4.6,0,0,0,20.53,22.572,722.304,152,0,0,0,0,0,0,0,0,0,0,359,0,0,0,0,0,0,0,0,0,0.0,0,0.0,0,0,0,0,0,0,0,0.0,0,0,0,0.0,0,0,0,0.0,0.0,0,0,0,0,0.0,0,0.0,0.0,0,0,0,0,0,0,0,0,0,0,0,0,0,0,0.0,0,1026.0,0.0,0.0,0.0,0,0,0,0.0,0.0,0,0,0,0,0,0,0,0,0,0,0,0,0,0,0,0,0,0.0,0,0,Fermi,0,0,0,0,0.0,0,0,0,0.0,0,0,0.0,0,0,1030.4,515.2,0,0,0,0,1× GF100,0,448,1150,—,No,2.0,0,GF100
Quadro 5000,2011-02-23,GF100,40,0,0,PCIe 2.0 x16,513,3000,352:444:40,0,0,0,0,2560,120,GDDR5,320,0,11.0,4.6,0,0,0,20.53,22.572,722.304,152,0,0,0,0,0,0,0,0,0,0,359,0,0,0,0,0,0,0,0,0,0.0,0,0.0,0,0,0,0,0,0,0,0.0,0,0,0,0.0,0,0,0,0.0,0.0,0,0,0,0,0.0,0,0.0,0.0,0,0,0,0,0,0,0,0,0,0,0,0,0,0,0.0,0,1026.0,0.0,0.0,0.0,0,0,0,0.0,0.0,0,0,0,0,0,0,0,0,0,0,0,0,0,0,0,0,0,0.0,0,0,Fermi,0,0,0,0,0.0,0,0,0,0.0,0,0,0.0,0,0,1030.4,515.2,0,0,0,0,1× GF100,0,448,1150,—,No,2.0,0,GF100
Quadro 5000,2011-02-23,GF100,40,0,0,PCIe 2.0 x16,513,3000,352:444:40,0,0,0,0,2560,120,GDDR5,320,0,11.0,4.6,0,0,0,20.53,22.572,722.304,152,0,0,0,0,0,0,0,0,0,0,359,0,0,0,0,0,0,0,0,0,0.0,0,0.0,0,0,0,0,0,0,0,0.0,0,0,0,0.0,0,0,0,0.0,0.0,0,0,0,0,0.0,0,0.0,0.0,0,0,0,0,0,0,0,0,0,0,0,0,0,0,0.0,0,1026.0,0.0,0.0,0.0,0,0,0,0.0,0.0,0,0,0,0,0,0,0,0,0,0,0,0,0,0,0,0,0,0.0,0,0,Fermi,0,0,0,0,0.0,0,0,0,0.0,0,0,0.0,0,0,4121.6,2060.8,0,0,0,0,4× GF100,0,1792,1150,—,No,2.0,0,GF100
Quadro 5000,2011-02-23,GF100,40,0,0,PCIe 2.0 x16,513,3000,352:444:40,0,0,0,0,2560,120,GDDR5,320,0,11.0,4.6,0,0,0,20.53,22.572,722.304,152,0,0,0,0,0,0,0,0,0,0,359,0,0,0,0,0,0,0,0,0,0.0,0,0.0,0,0,0,0,0,0,0,0.0,0,0,0,0.0,0,0,0,0.0,0.0,0,0,0,0,0.0,0,0.0,0.0,0,0,0,0,0,0,0,0,0,0,0,0,0,0,0.0,0,1026.0,0.0,0.0,0.0,0,0,0,0.0,0.0,0,0,0,0,0,0,0,0,0,0,0,0,0,0,0,0,0,0.0,0,0,Fermi,0,0,0,0,0.0,0,0,0,0.0,0,0,0.0,0,0,4121.6,2060.8,0,0,0,0,4× GF100,0,1792,1150,—,No,2.0,0,GF100
Quadro 6000,2010-12-10,GF100,40,0,0,PCIe 2.0 x16,574,3000,448:564:48,0,0,0,0,6144,144,GDDR5,384,0,11.0,4.6,0,0,0,27.552,32.144,1028.608,204,0,0,0,0,0,0,0,0,0,0,515,0,0,0,0,0,0,0,0,0,0.0,0,0.0,0,0,0,0,0,0,0,0.0,0,0,0,0.0,0,0,0,0.0,0.0,0,0,0,0,0.0,0,0.0,0.0,0,0,0,0,0,0,0,0,0,0,0,0,0,0,0.0,0,1148.0,0.0,0.0,0.0,0,0,0,0.0,0.0,0,0,0,0,0,0,0,0,0,0,0,0,0,0,0,0,0,0.0,0,0,Fermi,0,0,0,0,0.0,0,0,0,0.0,0,0,0.0,0,0,1030.4,515.2,0,0,0,0,1× GF100,0,448,1150,—,No,2.0,0,GF100
Quadro 6000,2010-12-10,GF100,40,0,0,PCIe 2.0 x16,574,3000,448:564:48,0,0,0,0,6144,144,GDDR5,384,0,11.0,4.6,0,0,0,27.552,32.144,1028.608,204,0,0,0,0,0,0,0,0,0,0,515,0,0,0,0,0,0,0,0,0,0.0,0,0.0,0,0,0,0,0,0,0,0.0,0,0,0,0.0,0,0,0,0.0,0.0,0,0,0,0,0.0,0,0.0,0.0,0,0,0,0,0,0,0,0,0,0,0,0,0,0,0.0,0,1148.0,0.0,0.0,0.0,0,0,0,0.0,0.0,0,0,0,0,0,0,0,0,0,0,0,0,0,0,0,0,0,0.0,0,0,Fermi,0,0,0,0,0.0,0,0,0,0.0,0,0,0.0,0,0,1030.4,515.2,0,0,0,0,1× GF100,0,448,1150,—,No,2.0,0,GF100
Quadro 6000,2010-12-10,GF100,40,0,0,PCIe 2.0 x16,574,3000,448:564:48,0,0,0,0,6144,144,GDDR5,384,0,11.0,4.6,0,0,0,27.552,32.144,1028.608,204,0,0,0,0,0,0,0,0,0,0,515,0,0,0,0,0,0,0,0,0,0.0,0,0.0,0,0,0,0,0,0,0,0.0,0,0,0,0.0,0,0,0,0.0,0.0,0,0,0,0,0.0,0,0.0,0.0,0,0,0,0,0,0,0,0,0,0,0,0,0,0,0.0,0,1148.0,0.0,0.0,0.0,0,0,0,0.0,0.0,0,0,0,0,0,0,0,0,0,0,0,0,0,0,0,0,0,0.0,0,0,Fermi,0,0,0,0,0.0,0,0,0,0.0,0,0,0.0,0,0,1030.4,515.2,0,0,0,0,1× GF100,0,448,1150,—,No,2.0,0,GF100
Quadro 6000,2010-12-10,GF100,40,0,0,PCIe 2.0 x16,574,3000,448:564:48,0,0,0,0,6144,144,GDDR5,384,0,11.0,4.6,0,0,0,27.552,32.144,1028.608,204,0,0,0,0,0,0,0,0,0,0,515,0,0,0,0,0,0,0,0,0,0.0,0,0.0,0,0,0,0,0,0,0,0.0,0,0,0,0.0,0,0,0,0.0,0.0,0,0,0,0,0.0,0,0.0,0.0,0,0,0,0,0,0,0,0,0,0,0,0,0,0,0.0,0,1148.0,0.0,0.0,0.0,0,0,0,0.0,0.0,0,0,0,0,0,0,0,0,0,0,0,0,0,0,0,0,0,0.0,0,0,Fermi,0,0,0,0,0.0,0,0,0,0.0,0,0,0.0,0,0,1030.4,515.2,0,0,0,0,1× GF100,0,448,1150,—,No,2.0,0,GF100
Quadro 6000,2010-12-10,GF100,40,0,0,PCIe 2.0 x16,574,3000,448:564:48,0,0,0,0,6144,144,GDDR5,384,0,11.0,4.6,0,0,0,27.552,32.144,1028.608,204,0,0,0,0,0,0,0,0,0,0,515,0,0,0,0,0,0,0,0,0,0.0,0,0.0,0,0,0,0,0,0,0,0.0,0,0,0,0.0,0,0,0,0.0,0.0,0,0,0,0,0.0,0,0.0,0.0,0,0,0,0,0,0,0,0,0,0,0,0,0,0,0.0,0,1148.0,0.0,0.0,0.0,0,0,0,0.0,0.0,0,0,0,0,0,0,0,0,0,0,0,0,0,0,0,0,0,0.0,0,0,Fermi,0,0,0,0,0.0,0,0,0,0.0,0,0,0.0,0,0,1030.4,515.2,0,0,0,0,1× GF100,0,448,1150,—,No,2.0,0,GF100
Quadro 6000,2010-12-10,GF100,40,0,0,PCIe 2.0 x16,574,3000,448:564:48,0,0,0,0,6144,144,GDDR5,384,0,11.0,4.6,0,0,0,27.552,32.144,1028.608,204,0,0,0,0,0,0,0,0,0,0,515,0,0,0,0,0,0,0,0,0,0.0,0,0.0,0,0,0,0,0,0,0,0.0,0,0,0,0.0,0,0,0,0.0,0.0,0,0,0,0,0.0,0,0.0,0.0,0,0,0,0,0,0,0,0,0,0,0,0,0,0,0.0,0,1148.0,0.0,0.0,0.0,0,0,0,0.0,0.0,0,0,0,0,0,0,0,0,0,0,0,0,0,0,0,0,0,0.0,0,0,Fermi,0,0,0,0,0.0,0,0,0,0.0,0,0,0.0,0,0,4121.6,2060.8,0,0,0,0,4× GF100,0,1792,1150,—,No,2.0,0,GF100
Quadro 6000,2010-12-10,GF100,40,0,0,PCIe 2.0 x16,574,3000,448:564:48,0,0,0,0,6144,144,GDDR5,384,0,11.0,4.6,0,0,0,27.552,32.144,1028.608,204,0,0,0,0,0,0,0,0,0,0,515,0,0,0,0,0,0,0,0,0,0.0,0,0.0,0,0,0,0,0,0,0,0.0,0,0,0,0.0,0,0,0,0.0,0.0,0,0,0,0,0.0,0,0.0,0.0,0,0,0,0,0,0,0,0,0,0,0,0,0,0,0.0,0,1148.0,0.0,0.0,0.0,0,0,0,0.0,0.0,0,0,0,0,0,0,0,0,0,0,0,0,0,0,0,0,0,0.0,0,0,Fermi,0,0,0,0,0.0,0,0,0,0.0,0,0,0.0,0,0,4121.6,2060.8,0,0,0,0,4× GF100,0,1792,1150,—,No,2.0,0,GF100
Quadro 7000,2012-05-02,GF110,40,0,0,PCIe 2.0 x16,651,3696,512:644:48,0,0,0,0,6144,177,GDDR5,384,0,11.0,4.6,0,0,0,31.248,41.7,1332,204,0,0,0,0,0,0,0,0,0,0,667,0,0,0,0,0,0,0,0,0,0.0,0,0.0,0,0,0,0,0,0,0,0.0,0,0,0,0.0,0,0,0,0.0,0.0,0,0,0,0,0.0,0,0.0,0.0,0,0,0,0,0,0,0,0,0,0,0,0,0,0,0.0,0,1301.0,0.0,0.0,0.0,0,0,0,0.0,0.0,0,0,0,0,0,0,0,0,0,0,0,0,0,0,0,0,0,0.0,0,0,Fermi,0,0,0,0,0.0,0,0,0,0.0,0,0,0.0,0,0,1331.2,665.6,0,0,0,0,1× GF110,0,512,1300,—,No,2.0,0,GF110
Quadro Plex 7000,2011-07-25,GF100,40,0,0,PCIe 2.0 x16,574,3000,2x 512:644:48,0,0,0,0,2x 6144,2x 144,GDDR5,2x 384,0,11.0,4.6,0,0,0,2x 18.37,2x 36.74,2x 1176,600,0,0,0,0,0,0,0,0,0,0,2x 588,0,0,0,0,0,0,0,0,0,0.0,0,0.0,0,0,0,0,0,0,0,0.0,0,0,0,0.0,0,0,0,0.0,0.0,0,0,0,0,0.0,0,0.0,0.0,0,0,0,0,0,0,0,0,0,0,0,0,0,0,0.0,0,1148.0,0.0,0.0,0.0,0,0,0,0.0,0.0,0,0,0,0,0,0,0,0,0,0,0,0,0,0,0,0,0,0.0,0,0,Fermi,0,0,0,0,0.0,0,0,0,0.0,0,0,0.0,0,0,1030.4,515.2,0,0,0,0,1× GF100,0,448,1150,—,No,2.0,0,GF100
Quadro Plex 7000,2011-07-25,GF100,40,0,0,PCIe 2.0 x16,574,3000,2x 512:644:48,0,0,0,0,2x 6144,2x 144,GDDR5,2x 384,0,11.0,4.6,0,0,0,2x 18.37,2x 36.74,2x 1176,600,0,0,0,0,0,0,0,0,0,0,2x 588,0,0,0,0,0,0,0,0,0,0.0,0,0.0,0,0,0,0,0,0,0,0.0,0,0,0,0.0,0,0,0,0.0,0.0,0,0,0,0,0.0,0,0.0,0.0,0,0,0,0,0,0,0,0,0,0,0,0,0,0,0.0,0,1148.0,0.0,0.0,0.0,0,0,0,0.0,0.0,0,0,0,0,0,0,0,0,0,0,0,0,0,0,0,0,0,0.0,0,0,Fermi,0,0,0,0,0.0,0,0,0,0.0,0,0,0.0,0,0,1030.4,515.2,0,0,0,0,1× GF100,0,448,1150,—,No,2.0,0,GF100
Quadro Plex 7000,2011-07-25,GF100,40,0,0,PCIe 2.0 x16,574,3000,2x 512:644:48,0,0,0,0,2x 6144,2x 144,GDDR5,2x 384,0,11.0,4.6,0,0,0,2x 18.37,2x 36.74,2x 1176,600,0,0,0,0,0,0,0,0,0,0,2x 588,0,0,0,0,0,0,0,0,0,0.0,0,0.0,0,0,0,0,0,0,0,0.0,0,0,0,0.0,0,0,0,0.0,0.0,0,0,0,0,0.0,0,0.0,0.0,0,0,0,0,0,0,0,0,0,0,0,0,0,0,0.0,0,1148.0,0.0,0.0,0.0,0,0,0,0.0,0.0,0,0,0,0,0,0,0,0,0,0,0,0,0,0,0,0,0,0.0,0,0,Fermi,0,0,0,0,0.0,0,0,0,0.0,0,0,0.0,0,0,1030.4,515.2,0,0,0,0,1× GF100,0,448,1150,—,No,2.0,0,GF100
Quadro Plex 7000,2011-07-25,GF100,40,0,0,PCIe 2.0 x16,574,3000,2x 512:644:48,0,0,0,0,2x 6144,2x 144,GDDR5,2x 384,0,11.0,4.6,0,0,0,2x 18.37,2x 36.74,2x 1176,600,0,0,0,0,0,0,0,0,0,0,2x 588,0,0,0,0,0,0,0,0,0,0.0,0,0.0,0,0,0,0,0,0,0,0.0,0,0,0,0.0,0,0,0,0.0,0.0,0,0,0,0,0.0,0,0.0,0.0,0,0,0,0,0,0,0,0,0,0,0,0,0,0,0.0,0,1148.0,0.0,0.0,0.0,0,0,0,0.0,0.0,0,0,0,0,0,0,0,0,0,0,0,0,0,0,0,0,0,0.0,0,0,Fermi,0,0,0,0,0.0,0,0,0,0.0,0,0,0.0,0,0,1030.4,515.2,0,0,0,0,1× GF100,0,448,1150,—,No,2.0,0,GF100
Quadro Plex 7000,2011-07-25,GF100,40,0,0,PCIe 2.0 x16,574,3000,2x 512:644:48,0,0,0,0,2x 6144,2x 144,GDDR5,2x 384,0,11.0,4.6,0,0,0,2x 18.37,2x 36.74,2x 1176,600,0,0,0,0,0,0,0,0,0,0,2x 588,0,0,0,0,0,0,0,0,0,0.0,0,0.0,0,0,0,0,0,0,0,0.0,0,0,0,0.0,0,0,0,0.0,0.0,0,0,0,0,0.0,0,0.0,0.0,0,0,0,0,0,0,0,0,0,0,0,0,0,0,0.0,0,1148.0,0.0,0.0,0.0,0,0,0,0.0,0.0,0,0,0,0,0,0,0,0,0,0,0,0,0,0,0,0,0,0.0,0,0,Fermi,0,0,0,0,0.0,0,0,0,0.0,0,0,0.0,0,0,1030.4,515.2,0,0,0,0,1× GF100,0,448,1150,—,No,2.0,0,GF100
Quadro Plex 7000,2011-07-25,GF100,40,0,0,PCIe 2.0 x16,574,3000,2x 512:644:48,0,0,0,0,2x 6144,2x 144,GDDR5,2x 384,0,11.0,4.6,0,0,0,2x 18.37,2x 36.74,2x 1176,600,0,0,0,0,0,0,0,0,0,0,2x 588,0,0,0,0,0,0,0,0,0,0.0,0,0.0,0,0,0,0,0,0,0,0.0,0,0,0,0.0,0,0,0,0.0,0.0,0,0,0,0,0.0,0,0.0,0.0,0,0,0,0,0,0,0,0,0,0,0,0,0,0,0.0,0,1148.0,0.0,0.0,0.0,0,0,0,0.0,0.0,0,0,0,0,0,0,0,0,0,0,0,0,0,0,0,0,0,0.0,0,0,Fermi,0,0,0,0,0.0,0,0,0,0.0,0,0,0.0,0,0,4121.6,2060.8,0,0,0,0,4× GF100,0,1792,1150,—,No,2.0,0,GF100
Quadro Plex 7000,2011-07-25,GF100,40,0,0,PCIe 2.0 x16,574,3000,2x 512:644:48,0,0,0,0,2x 6144,2x 144,GDDR5,2x 384,0,11.0,4.6,0,0,0,2x 18.37,2x 36.74,2x 1176,600,0,0,0,0,0,0,0,0,0,0,2x 588,0,0,0,0,0,0,0,0,0,0.0,0,0.0,0,0,0,0,0,0,0,0.0,0,0,0,0.0,0,0,0,0.0,0.0,0,0,0,0,0.0,0,0.0,0.0,0,0,0,0,0,0,0,0,0,0,0,0,0,0,0.0,0,1148.0,0.0,0.0,0.0,0,0,0,0.0,0.0,0,0,0,0,0,0,0,0,0,0,0,0,0,0,0,0,0,0.0,0,0,Fermi,0,0,0,0,0.0,0,0,0,0.0,0,0,0.0,0,0,4121.6,2060.8,0,0,0,0,4× GF100,0,1792,1150,—,No,2.0,0,GF100
Quadro 410,2012-08-07,GK107,28,0,0,PCIe 2.0 x16,706.0,1800,192:16:8(1 SMX),0,0,0,0,512,14.4,DDR3,64,0,11.0,4.6,0,0,0,5.65,11.3,271.1,38,0,0,0,0,0,0,0,0,1.2,0,0.0,0,0,0,0,0,0,0,0,0,0.0,0,0.0,0,0,0,0,0,0,0,0.0,0,0,0,0.0,0,0,0,0.0,0.0,0,0,0,0,0.0,0,0.0,0.0,0,0,0,0,0,0,0,3.0,0,0,0,0,0,0,0.0,0,706.0,0.0,0.0,0.0,0,0,0,0.0,0.0,0,0,0,0,0,0,0,0,0,0,0,0,0,0,0,0,0,0.0,0,0,Kepler,0,0,0,PCIe 3.0 x16,0.0,0,0,0,0.0,0,0,0.0,0,0,0,0,0,0,0,0,4x GK107,4x 192,0,0,0,0,0,0,GK107
Quadro 410,2012-08-07,GK107,28,0,0,PCIe 2.0 x16,706.0,1800,192:16:8(1 SMX),0,0,0,0,512,14.4,DDR3,64,0,11.0,4.6,0,0,0,5.65,11.3,271.1,38,0,0,0,0,0,0,0,0,1.2,0,0.0,0,0,0,0,0,0,0,0,0,0.0,0,0.0,0,0,0,0,0,0,0,0.0,0,0,0,0.0,0,0,0,0.0,0.0,0,0,0,0,0.0,0,0.0,0.0,0,0,0,0,0,0,0,3.0,0,0,0,0,0,0,0.0,0,706.0,0.0,0.0,0.0,0,0,0,0.0,0.0,0,0,0,0,0,0,0,0,0,0,0,0,0,0,0,0,0,0.0,0,0,Kepler,0,0,0,PCIe 3.0 x16,0.0,0,0,0,0.0,0,0,0.0,0,0,0,0,0,0,0,0,4x GK107,4x 384,0,0,0,0,0,0,GK107
Quadro K600,2013-03-01,GK107,28,0,0,PCIe 2.0 x16,876.0,891(1782),192:16:16(1 SMX),0,0,0,0,1024,28.5,DDR3,128,0,11.0,4.6,0,0,0,14.0,14.0,336.38,41,0,0,0,0,0,0,0,0,1.2,0,0.0,0,0,0,0,0,0,0,0,0,0.0,0,0.0,0,0,0,0,0,0,0,0.0,0,0,0,0.0,0,0,0,0.0,0.0,0,0,0,0,0.0,0,0.0,0.0,0,0,0,0,0,"6.3"" Card",0,3.0,0,0,0,0,0,0,0.0,0,876.0,0.0,0.0,0.0,0,0,0,0.0,0.0,0,0,0,0,0,0,0,0,0,0,0,0,0,0,0,0,0,0.0,0,0,Kepler,0,0,0,PCIe 3.0 x16,0.0,0,0,0,0.0,0,0,0.0,0,0,0,0,0,0,0,0,4x GK107,4x 192,0,0,0,0,0,0,GK107
Quadro K600,2013-03-01,GK107,28,0,0,PCIe 2.0 x16,876.0,891(1782),192:16:16(1 SMX),0,0,0,0,1024,28.5,DDR3,128,0,11.0,4.6,0,0,0,14.0,14.0,336.38,41,0,0,0,0,0,0,0,0,1.2,0,0.0,0,0,0,0,0,0,0,0,0,0.0,0,0.0,0,0,0,0,0,0,0,0.0,0,0,0,0.0,0,0,0,0.0,0.0,0,0,0,0,0.0,0,0.0,0.0,0,0,0,0,0,"6.3"" Card",0,3.0,0,0,0,0,0,0,0.0,0,876.0,0.0,0.0,0.0,0,0,0,0.0,0.0,0,0,0,0,0,0,0,0,0,0,0,0,0,0,0,0,0,0.0,0,0,Kepler,0,0,0,PCIe 3.0 x16,0.0,0,0,0,0.0,0,0,0.0,0,0,0,0,0,0,0,0,4x GK107,4x 384,0,0,0,0,0,0,GK107
Quadro K2000,2013-03-01,GK107,28,0,0,PCIe 2.0 x16,954.0,1000(4000),384:32:16(2 SMX),0,0,0,0,2048,64.0,GDDR5,128,0,11.0,4.6,0,0,0,15.2,30.5,732.67,51,0,0,0,0,0,0,0,0,1.2,0,0.0,0,0,0,0,0,0,0,0,0,0.0,0,0.0,0,0,0,0,0,0,0,0.0,0,0,0,0.0,0,0,0,0.0,0.0,0,0,0,0,0.0,0,0.0,0.0,0,0,0,0,0,"7.97"" Card",0,3.0,0,0,0,0,0,0,0.0,0,954.0,0.0,0.0,0.0,0,0,0,0.0,0.0,0,0,0,0,0,0,0,0,0,0,0,0,0,0,0,0,0,0.0,0,0,Kepler,0,0,0,PCIe 3.0 x16,0.0,0,0,0,0.0,0,0,0.0,0,0,0,0,0,0,0,0,4x GK107,4x 192,0,0,0,0,0,0,GK107
Quadro K2000,2013-03-01,GK107,28,0,0,PCIe 2.0 x16,954.0,1000(4000),384:32:16(2 SMX),0,0,0,0,2048,64.0,GDDR5,128,0,11.0,4.6,0,0,0,15.2,30.5,732.67,51,0,0,0,0,0,0,0,0,1.2,0,0.0,0,0,0,0,0,0,0,0,0,0.0,0,0.0,0,0,0,0,0,0,0,0.0,0,0,0,0.0,0,0,0,0.0,0.0,0,0,0,0,0.0,0,0.0,0.0,0,0,0,0,0,"7.97"" Card",0,3.0,0,0,0,0,0,0,0.0,0,954.0,0.0,0.0,0.0,0,0,0,0.0,0.0,0,0,0,0,0,0,0,0,0,0,0,0,0,0,0,0,0,0.0,0,0,Kepler,0,0,0,PCIe 3.0 x16,0.0,0,0,0,0.0,0,0,0.0,0,0,0,0,0,0,0,0,4x GK107,4x 384,0,0,0,0,0,0,GK107
Quadro K2000D,2013-03-01,GK107,28,0,0,PCIe 2.0 x16,954.0,1000(4000),384:32:16(2 SMX),0,0,0,0,2048,64.0,GDDR5,128,0,11.0,4.6,0,0,0,15.2,30.5,732.67,51,0,0,0,0,0,0,0,0,1.2,0,0.0,0,0,0,0,0,0,0,0,0,0.0,0,0.0,0,0,0,0,0,0,0,0.0,0,0,0,0.0,0,0,0,0.0,0.0,0,0,0,0,0.0,0,0.0,0.0,0,0,0,0,0,"7.97"" Card",0,3.0,0,0,0,0,0,0,0.0,0,954.0,0.0,0.0,0.0,0,0,0,0.0,0.0,0,0,0,0,0,0,0,0,0,0,0,0,0,0,0,0,0,0.0,0,0,Kepler,0,0,0,PCIe 3.0 x16,0.0,0,0,0,0.0,0,0,0.0,0,0,0,0,0,0,0,0,4x GK107,4x 192,0,0,0,0,0,0,GK107
Quadro K2000D,2013-03-01,GK107,28,0,0,PCIe 2.0 x16,954.0,1000(4000),384:32:16(2 SMX),0,0,0,0,2048,64.0,GDDR5,128,0,11.0,4.6,0,0,0,15.2,30.5,732.67,51,0,0,0,0,0,0,0,0,1.2,0,0.0,0,0,0,0,0,0,0,0,0,0.0,0,0.0,0,0,0,0,0,0,0,0.0,0,0,0,0.0,0,0,0,0.0,0.0,0,0,0,0,0.0,0,0.0,0.0,0,0,0,0,0,"7.97"" Card",0,3.0,0,0,0,0,0,0,0.0,0,954.0,0.0,0.0,0.0,0,0,0,0.0,0.0,0,0,0,0,0,0,0,0,0,0,0,0,0,0,0,0,0,0.0,0,0,Kepler,0,0,0,PCIe 3.0 x16,0.0,0,0,0,0.0,0,0,0.0,0,0,0,0,0,0,0,0,4x GK107,4x 384,0,0,0,0,0,0,GK107
Quadro K4000,2013-03-01,GK106,28,0,0,PCIe 2.0 x16,810.5,1404(5616),768:64:24(4 SMX),0,0,0,0,3072,134.8,GDDR5,192,0,11.0,4.6,0,0,0,19.4,51.9,1244.93,80,0,0,0,0,0,0,0,0,1.2,0,0.0,0,0,0,0,0,0,0,0,0,0.0,0,0.0,0,0,0,0,0,0,0,0.0,0,0,0,0.0,0,0,0,0.0,0.0,0,0,0,0,0.0,0,0.0,0.0,0,0,0,0,0,"9.5"" Card",0,3.0,0,0,0,0,0,0,0.0,0,810.5,0.0,0.0,0.0,0,0,0,0.0,0.0,0,0,0,0,0,0,0,0,0,0,0,0,0,0,0,0,0,0.0,0,0,0,0,0,0,0,0,0,0,0,0,0,0,0,0,0,0,0,0,0,0,0,0,0,0,0,0,0,0,0,0
Quadro K5000,2012-08-17,GK104,28,0,0,PCIe 2.0 x16,706.0,1350(5400),1536:128:32(8 SMX),0,0,0,0,4096,172.8,GDDR5,256,0,11.0,4.6,0,0,0,22.6,90.4,2168.83,122,0,0,0,0,0,0,0,0,1.2,0,90.4,0,0,0,0,0,0,0,0,0,0.0,0,0.0,0,0,0,0,0,0,0,0.0,0,0,0,0.0,0,0,0,0.0,0.0,0,0,0,0,0.0,0,0.0,0.0,0,0,0,0,0,"10.5"" Card",0,3.0,0,0,0,0,0,0,0.0,0,706.0,0.0,0.0,0.0,0,0,0,0.0,0.0,0,0,0,0,0,0,0,0,0,0,0,0,0,0,0,0,0,0.0,0,0,Kepler,0,0,0,PCIe 3.0 x16,0.0,0,0,0,0.0,0,0,0.0,0,0,0,0,0,0,0,0,2x GK104,2x 1536,0,0,0,0,0,0,GK104
Quadro K5000,2012-08-17,GK104,28,0,0,PCIe 2.0 x16,706.0,1350(5400),1536:128:32(8 SMX),0,0,0,0,4096,172.8,GDDR5,256,0,11.0,4.6,0,0,0,22.6,90.4,2168.83,122,0,0,0,0,0,0,0,0,1.2,0,90.4,0,0,0,0,0,0,0,0,0,0.0,0,0.0,0,0,0,0,0,0,0,0.0,0,0,0,0.0,0,0,0,0.0,0.0,0,0,0,0,0.0,0,0.0,0.0,0,0,0,0,0,"10.5"" Card",0,3.0,0,0,0,0,0,0,0.0,0,706.0,0.0,0.0,0.0,0,0,0,0.0,0.0,0,0,0,0,0,0,0,0,0,0,0,0,0,0,0,0,0,0.0,0,0,Kepler,0,0,0,0,0.0,0,0,0,0.0,0,0,0.0,0,0,4577,190.7,0,0,0,0,2× GK104,0,3072,745,?,No,3.0,0,GK104
Quadro K6000,2013-07-23,GK110,28,0,0,PCIe 3.0 x16,901.5,1502(6008),2880:240:48(15 SMX),0,0,0,0,12288,288.0,GDDR5,384,0,11.0,4.6,0,0,0,54.1,216.0,5196.0,225,0,0,0,0,0,0,0,0,1.2,0,1732.0,0,0,0,0,0,0,0,0,0,0.0,0,0.0,0,0,0,0,0,0,0,0.0,0,0,0,0.0,0,0,0,0.0,0.0,0,0,0,0,0.0,0,0.0,0.0,0,0,0,0,0,"10.5"" Card",0,3.5,0,0,0,0,0,0,0.0,0,901.5,0.0,0.0,0.0,0,0,0,0.0,0.0,0,0,0,0,0,0,0,0,0,0,0,0,0,0,0,0,0,0.0,0,0,Kepler,0,0,0,0,0.0,0,0,0,0.0,0,0,0.0,0,0,3524,1175,0,0,0,0,1× GK110,0,2496,706,758,No,3.5,0,GK110
Quadro K6000,2013-07-23,GK110,28,0,0,PCIe 3.0 x16,901.5,1502(6008),2880:240:48(15 SMX),0,0,0,0,12288,288.0,GDDR5,384,0,11.0,4.6,0,0,0,54.1,216.0,5196.0,225,0,0,0,0,0,0,0,0,1.2,0,1732.0,0,0,0,0,0,0,0,0,0,0.0,0,0.0,0,0,0,0,0,0,0,0.0,0,0,0,0.0,0,0,0,0.0,0.0,0,0,0,0,0.0,0,0.0,0.0,0,0,0,0,0,"10.5"" Card",0,3.5,0,0,0,0,0,0,0.0,0,901.5,0.0,0.0,0.0,0,0,0,0.0,0.0,0,0,0,0,0,0,0,0,0,0,0,0,0,0,0,0,0,0.0,0,0,Kepler,0,0,0,0,0.0,0,0,0,0.0,0,0,0.0,0,0,3935,1312,0,0,0,0,1× GK110,0,2688,732,?,No,3.5,0,GK110
Quadro K420,2014-07-22,GK107,28,0,0,PCIe 2.0 x16,780,1800,192:16:16(1 SMX),0,0,0,0,1024 2048,29.0,DDR3,128,0,11.0,4.6,0,0,0,12.48,12.48,299.52,41,0,0,0,0,0,0,0,0,1.2,0,12.48,0,0,0,0,0,0,0,0,0,0.0,0,0.0,0,0,0,0,0,0,0,0.0,0,0,0,0.0,0,0,0,0.0,0.0,0,0,0,0,0.0,0,0.0,0.0,0,0,0,0,0,0,0,3.0,0,0,0,0,0,0,0.0,0,780.0,0.0,0.0,0.0,0,0,0,0.0,0.0,0,0,0,0,0,0,0,0,0,0,0,0,0,0,0,0,0,0.0,0,0,Kepler,0,0,0,PCIe 3.0 x16,0.0,0,0,0,0.0,0,0,0.0,0,0,0,0,0,0,0,0,4x GK107,4x 192,0,0,0,0,0,0,GK107
Quadro K420,2014-07-22,GK107,28,0,0,PCIe 2.0 x16,780,1800,192:16:16(1 SMX),0,0,0,0,1024 2048,29.0,DDR3,128,0,11.0,4.6,0,0,0,12.48,12.48,299.52,41,0,0,0,0,0,0,0,0,1.2,0,12.48,0,0,0,0,0,0,0,0,0,0.0,0,0.0,0,0,0,0,0,0,0,0.0,0,0,0,0.0,0,0,0,0.0,0.0,0,0,0,0,0.0,0,0.0,0.0,0,0,0,0,0,0,0,3.0,0,0,0,0,0,0,0.0,0,780.0,0.0,0.0,0.0,0,0,0,0.0,0.0,0,0,0,0,0,0,0,0,0,0,0,0,0,0,0,0,0,0.0,0,0,Kepler,0,0,0,PCIe 3.0 x16,0.0,0,0,0,0.0,0,0,0.0,0,0,0,0,0,0,0,0,4x GK107,4x 384,0,0,0,0,0,0,GK107
Quadro K620,2014-07-22,GM107-850,28,0,0,PCIe 2.0 x16,1000,900(1800),384:24:16(3 SMM),0,0,0,0,2048,28.8,DDR3,128,0,12.0,4.6,0,0,0,16.0,24.0,768.0,45,0,0,0,0,0,0,0,0,1.3,0,24.0,0,0,0,0,0,0,0,0,0,0.0,0,0.0,0,0,0,0,0,0,0,0.0,0,0,0,0.0,0,0,0,0.0,0.0,0,0,0,0,0.0,0,0.0,0.0,0,0,0,0,0,"6.3"" Card",0,5.0,0,0,0,0,0,0,0.0,0,1000.0,0.0,0.0,0.0,0,0,0,0.0,0.0,0,0,0,0,0,0,0,0,0,0,0,0,0,0,0,0,0,0.0,0,0,0,0,0,0,0,0,0,0,0,0,0,0,0,0,0,0,0,0,0,0,0,0,0,0,0,0,0,0,0,0
Quadro K1200,2015-01-28,GM107-860,28,0,0,PCIe 2.0 x16,954,1253,512:32:16(4 SMM),0,0,0,0,4096,80.2,GDDR5,128,0,12.0,4.6,0,0,0,15.3,30.5,1083.0,45,0,0,0,0,0,0,0,0,1.3,0,0.0,0,0,0,0,0,0,0,0,0,0.0,0,0.0,0,0,0,0,0,0,0,0.0,0,0,0,0.0,0,0,0,0.0,0.0,0,0,0,0,0.0,0,0.0,0.0,0,0,0,0,0,"7.97"" Card",0,5.0,0,0,0,0,0,0,0.0,0,0.0,0.0,0.0,0.0,0,0,0,0.0,0.0,0,0,0,0,0,0,0,0,0,0,0,0,0,0,0,0,0,0.0,0,0,0,0,0,0,0,0,0,0,0,0,0,0,0,0,0,0,0,0,0,0,0,0,0,0,0,0,0,0,0,0
Quadro K2200,2014-07-22,GM107-875-A2,28,0,0,PCIe 2.0 x16,1046,1253(5012),640:40:16(5 SMM),0,0,0,0,4096,80.2,GDDR5,128,0,12.0,4.6,0,0,0,16.7,41.8,1338.9,68,0,0,0,0,0,0,0,0,1.3,0,41.8,0,0,0,0,0,0,0,0,0,0.0,0,0.0,0,0,0,0,0,0,0,0.0,0,0,0,0.0,0,0,0,0.0,0.0,0,0,0,0,0.0,0,0.0,0.0,0,0,0,0,0,"7.97"" Card",0,5.0,0,0,0,0,0,0,0.0,0,1046.0,0.0,0.0,0.0,0,0,0,0.0,0.0,0,0,0,0,0,0,0,0,0,0,0,0,0,0,0,0,0,0.0,0,0,0,0,0,0,0,0,0,0,0,0,0,0,0,0,0,0,0,0,0,0,0,0,0,0,0,0,0,0,0,0
Quadro K4200,2014-07-22,GK104,28,0,0,PCIe 2.0 x16,780,1350(5400),1344:112:32(7 SMX),0,0,0,0,4096,172.8,GDDR5,256,0,11.0,4.6,0,0,0,24.96,87.36,2096.64,105,0,0,0,0,0,0,0,0,1.2,0,87.36,0,0,0,0,0,0,0,0,0,0.0,0,0.0,0,0,0,0,0,0,0,0.0,0,0,0,0.0,0,0,0,0.0,0.0,0,0,0,0,0.0,0,0.0,0.0,0,0,0,0,0,"9.5"" Card",0,3.0,0,0,0,0,0,0,0.0,0,780.0,0.0,0.0,0.0,0,0,0,0.0,0.0,0,0,0,0,0,0,0,0,0,0,0,0,0,0,0,0,0,0.0,0,0,Kepler,0,0,0,PCIe 3.0 x16,0.0,0,0,0,0.0,0,0,0.0,0,0,0,0,0,0,0,0,2x GK104,2x 1536,0,0,0,0,0,0,GK104
Quadro K4200,2014-07-22,GK104,28,0,0,PCIe 2.0 x16,780,1350(5400),1344:112:32(7 SMX),0,0,0,0,4096,172.8,GDDR5,256,0,11.0,4.6,0,0,0,24.96,87.36,2096.64,105,0,0,0,0,0,0,0,0,1.2,0,87.36,0,0,0,0,0,0,0,0,0,0.0,0,0.0,0,0,0,0,0,0,0,0.0,0,0,0,0.0,0,0,0,0.0,0.0,0,0,0,0,0.0,0,0.0,0.0,0,0,0,0,0,"9.5"" Card",0,3.0,0,0,0,0,0,0,0.0,0,780.0,0.0,0.0,0.0,0,0,0,0.0,0.0,0,0,0,0,0,0,0,0,0,0,0,0,0,0,0,0,0,0.0,0,0,Kepler,0,0,0,0,0.0,0,0,0,0.0,0,0,0.0,0,0,4577,190.7,0,0,0,0,2× GK104,0,3072,745,?,No,3.0,0,GK104
Quadro K5200,2014-07-22,GK110B,28,0,0,PCIe 3.0 x16,650,1500(6000),2304:192:32(12 SMX),0,0,0,0,8192,192.0,GDDR5,256,0,11.0,4.6,0,0,0,20.8,124.8,2995.2,150,0,0,0,0,0,0,0,0,1.2,0,124.8,0,0,0,0,0,0,0,0,0,0.0,0,0.0,0,0,0,0,0,0,0,0.0,0,0,0,0.0,0,0,0,0.0,0.0,0,0,0,0,0.0,0,0.0,0.0,0,0,0,0,0,"10.5"" Card",0,3.5,0,0,0,0,0,0,0.0,0,650.0,0.0,0.0,0.0,0,0,0,0.0,0.0,0,0,0,0,0,0,0,0,0,0,0,0,0,0,0,0,0,0.0,0,0,Kepler,0,0,0,0,0.0,0,0,0,0.0,0,0,0.0,0,0,"4,291–5,040","1,430–1,680",0,0,0,0,1× GK110B,0,2880,745,875,No,3.5,0,GK110B
Quadro M2000,2016-04-08,GM206-875-A1,28,0,0,PCIe 3.0 x16,796,1653(6612),768:48:32:6,0,0,0,0,4,105.8,GDDR5,128,0,12.1,4.6,0,0,0,37.8,56.6,1812.5,75,0,0,0,0,0,0,0,0,1.3,1.2,56.6,0,0,0,0,0,0,0,0,0,0.0,0,0.0,0,0,0,0,0,0,0,0.0,0,0,0,0.0,0,0,0,0.0,0.0,0,0,0,0,0.0,0,0.0,0.0,0,0,0,0,0,Four DisplayPort 1.2a,0,5.2,0,0,0,0,0,0,0.0,0,1163.0,0.0,0.0,0.0,0,0,0,0.0,0.0,0,0,0,0,0,0,0,0,0,0,0,0,0,0,0,0,0,0.0,0,0,0,0,0,0,0,0,0,0,0,0,0,0,0,0,0,0,0,0,0,0,0,0,0,0,0,0,0,0,0,0
Quadro M4000,2015-06-29,GM204-850-A1,28,0,0,PCIe 3.0 x16,773,1503(6012),1664:104:64:13,0,0,0,0,8,192.4,GDDR5,256,0,12.1,4.6,0,0,0,51.2,83.2,2662.4,120,0,0,0,0,0,0,0,0,1.3,1.2,83.2,0,0,0,0,0,0,0,0,0,0.0,0,0.0,0,0,0,0,0,0,0,0.0,0,0,0,0.0,0,0,0,0.0,0.0,0,0,0,0,0.0,0,0.0,0.0,0,0,0,0,0,Four DisplayPort 1.2a,0,5.2,0,0,0,0,0,0,0.0,0,773.0,0.0,0.0,0.0,0,0,0,0.0,0.0,0,0,0,0,0,0,0,0,0,0,0,0,0,0,0,0,0,0.0,0,0,0,0,0,0,0,0,0,0,0,0,0,0,0,0,0,0,0,0,0,0,0,0,0,0,0,0,0,0,0,0
Quadro M5000,2015-06-29,GM204-875-A1,28,0,0,PCIe 3.0 x16,861,1653(6612),2048:128:64:16,0,0,0,0,8,211.6,GDDR5,256,0,12.1,4.6,0,0,0,67.2,134.4,4300.8,150,0,0,0,0,0,0,0,0,1.3,1.2,134.4,0,0,0,0,0,0,0,0,0,0.0,0,0.0,0,0,0,0,0,0,0,0.0,0,0,0,0.0,0,0,0,0.0,0.0,0,0,0,0,0.0,0,0.0,0.0,0,0,0,0,0,"Four DisplayPort 1.2a, One DVI-I",0,5.2,0,0,0,0,0,0,0.0,0,1038.0,0.0,0.0,0.0,0,0,0,0.0,0.0,0,0,0,0,0,0,0,0,0,0,0,0,0,0,0,0,0,0.0,0,0,0,0,0,0,0,0,0,0,0,0,0,0,0,0,0,0,0,0,0,0,0,0,0,0,0,0,0,0,0,0
Quadro M6000,2015-03-21,GM200GLGM200-880-A1,28,0,0,PCIe 3.0 x16,988,1653(6612),3072:192:96:24,0,0,0,0,1224,317.0,GDDR5,384,0,12.1,4.6,0,0,0,94.8,189.7,6070.0,250,0,0,0,0,0,0,0,0,1.3,1.2,190.0,0,0,0,0,0,0,0,0,0,0.0,0,0.0,0,0,0,0,0,0,0,0.0,0,0,0,0.0,0,0,0,0.0,0.0,0,0,0,0,0.0,0,0.0,0.0,0,0,0,0,0,"Four DisplayPort 1.2a, One DVI-I",0,5.2,0,0,0,0,0,0,0.0,0,1114.0,0.0,0.0,0.0,0,0,0,0.0,0.0,0,0,0,0,0,0,0,0,0,0,0,0,0,0,0,0,0,0.0,0,0,0,0,0,0,0,0,0,0,0,0,0,0,0,0,0,0,0,0,0,0,0,0,0,0,0,0,0,0,0,0
Quadro P400,2017-02-07,GP107-825,14,0,0,PCIe 3.0 x16,1228,1003(4012),256:16:16:2,0,0,0,0,2,32,GDDR5,64,0,12.1,4.6,0,0,0,17.1,17.1,641,30,0,0,0,0,0,0,0,0,1.3,1.2,20.0,0,0,0,0,0,0,0,0,0,0.0,0,0.0,0,0,0,0,0,0,0,0.0,0,0,0,0.0,0,0,0,0.0,0.0,0,0,0,0,0.0,0,0.0,0.0,0,0,0,0,0,Three Mini-DisplayPort 1.4,0,6.1,0,0,0,0,0,0,0.0,0,0.0,1252.0,0.0,0.0,0,0,0,0.0,0.0,0,0,0,0,0,0,0,0,0,0,0,0,0,0,0,0,0,0.0,0,0,0,0,0,0,0,0,0,0,0,0,0,0,0,0,0,0,0,0,0,0,0,0,0,0,0,0,0,0,0,0
Quadro P600,2017-02-07,GP107-850,14,0,0,PCIe 3.0 x16,1329,1003(4012),384:24:16:3,0,0,0,0,2,64,GDDR5,128,0,12.1,4.6,0,0,0,21.7,32.5,1195,40,0,0,0,0,0,0,0,0,1.3,1.2,37.3,0,0,0,0,0,0,0,0,0,0.0,0,0.0,0,0,0,0,0,0,0,0.0,0,0,0,0.0,0,0,0,0.0,0.0,0,0,0,0,0.0,0,0.0,0.0,0,0,0,0,0,Four Mini-DisplayPort 1.4,0,6.1,0,0,0,0,0,0,0.0,0,0.0,1557.0,0.0,0.0,0,0,0,0.0,0.0,0,0,0,0,0,0,0,0,0,0,0,0,0,0,0,0,0,0.0,0,0,0,0,0,0,0,0,0,0,0,0,0,0,0,0,0,0,0,0,0,0,0,0,0,0,0,0,0,0,0,0
Quadro P620,2018-02-01,GP107-855,14,0,0,PCIe 3.0 x16,1266,1003(4012),512:32:16:4,0,0,0,0,2,64,GDDR5,128,0,12.1,4.6,0,0,0,23.3,46.6,1490,40,0,0,0,0,0,0,0,0,1.3,1.2,46.6,0,0,0,0,0,0,0,0,0,0.0,0,0.0,0,0,0,0,0,0,0,0.0,0,0,0,0.0,0,0,0,0.0,0.0,0,0,0,0,0.0,0,0.0,0.0,0,0,0,0,0,Four Mini-DisplayPort 1.4,0,6.1,0,0,0,0,0,0,0.0,0,0.0,1354.0,0.0,0.0,0,0,0,0.0,0.0,0,0,0,0,0,0,0,0,0,0,0,0,0,0,0,0,0,0.0,0,0,0,0,0,0,0,0,0,0,0,0,0,0,0,0,0,0,0,0,0,0,0,0,0,0,0,0,0,0,0,0
Quadro P1000,2017-02-07,GP107-860,14,0,0,PCIe 3.0 x16,1266,1752(7008),640:40:32:5,0,0,0,0,4,82,GDDR5,128,0,12.1,4.6,0,0,0,43.3,54.2,1894,47,0,0,0,0,0,0,0,0,1.3,1.2,59.2,0,0,0,0,0,0,0,0,0,0.0,0,0.0,0,0,0,0,0,0,0,0.0,0,0,0,0.0,0,0,0,0.0,0.0,0,0,0,0,0.0,0,0.0,0.0,0,0,0,0,0,Four Mini-DisplayPort 1.4,0,6.1,0,0,0,0,0,0,0.0,0,0.0,1481.0,0.0,0.0,0,0,0,0.0,0.0,0,0,0,0,0,0,0,0,0,0,0,0,0,0,0,0,0,0.0,0,0,0,0,0,0,0,0,0,0,0,0,0,0,0,0,0,0,0,0,0,0,0,0,0,0,0,0,0,0,0,0
Quadro P2000,2017-02-06,GP106-875,16,0,0,PCIe 3.0 x16,1076,2002(8008),1024:64:40:8,0,0,0,0,5,140,GDDR5,160,0,12.1,4.6,0,0,0,54.8,87.7,3010,75,0,0,0,0,0,0,0,0,1.3,1.2,93.8,0,0,0,0,0,0,0,0,0,0.0,0,0.0,0,0,0,0,0,0,0,0.0,0,0,0,0.0,0,0,0,0.0,0.0,0,0,0,0,0.0,0,0.0,0.0,0,0,0,0,0,Four DisplayPort 1.4,0,6.1,0,0,0,0,0,0,0.0,0,0.0,1480.0,0.0,0.0,0,0,0,0.0,0.0,0,0,0,0,0,0,0,0,0,0,0,0,0,0,0,0,0,0.0,0,0,0,0,0,0,0,0,0,0,0,0,0,0,0,0,0,0,0,0,0,0,0,0,0,0,0,0,0,0,0,0
Quadro P2200,2019-06-10,GP106-880-K1-A1,16,0,0,PCIe 3.0 x16,1000,1251 (10008),1280:80:40:9,0,0,0,0,5,200,GDDR5X,160,0,12.1,4.6,0,0,0,59.7,119.4,3822,75,0,0,0,0,0,0,0,0,1.3,1.2,121.3,0,0,0,0,0,0,0,0,0,0.0,0,0.0,0,0,0,0,0,0,0,0.0,0,0,0,0.0,0,0,0,0.0,0.0,0,0,0,0,0.0,0,0.0,0.0,0,0,0,0,0,Four DisplayPort 1.4,0,6.1,0,0,0,0,0,0,0.0,0,0.0,1493.0,0.0,0.0,0,0,0,0.0,0.0,0,0,0,0,0,0,0,0,0,0,0,0,0,0,0,0,0,0.0,0,0,0,0,0,0,0,0,0,0,0,0,0,0,0,0,0,0,0,0,0,0,0,0,0,0,0,0,0,0,0,0
Quadro P4000,2017-02-06,GP104-850-A1,16,0,0,PCIe 3.0 x16,1202,1901(7604),1792:112:64:14,0,0,0,0,8,243,GDDR5,256,0,12.1,4.6,0,0,0,78.5,137.4,5300,105,0,0,0,0,0,0,0,0,1.3,1.2,165.6,0,0,0,0,0,0,0,0,0,0.0,0,0.0,0,0,0,0,0,0,0,0.0,0,0,0,0.0,0,0,0,0.0,0.0,0,0,0,0,0.0,0,0.0,0.0,0,0,0,0,0,Four DisplayPort 1.4,0,6.1,0,0,0,0,0,0,0.0,0,0.0,1480.0,0.0,0.0,0,0,0,0.0,0.0,0,0,0,0,0,0,0,0,0,0,0,0,0,0,0,0,0,0.0,0,0,0,0,0,0,0,0,0,0,0,0,0,0,0,0,0,0,0,0,0,0,0,0,0,0,0,0,0,0,0,0
Quadro P5000,2016-10-01,GP104-875-A1,16,0,0,PCIe 3.0 x16,1607,1126(9008),2560:160:64:20,0,0,0,0,16,288,GDDR5X,256,0,12.1,4.6,0,0,0,102.8,257.1,8873,180,0,0,0,0,0,0,0,0,1.3,1.2,277.3,0,0,0,0,0,0,0,0,0,0.0,0,0.0,0,0,0,0,0,0,0,0.0,0,0,0,0.0,0,0,0,0.0,0.0,0,0,0,0,0.0,0,0.0,0.0,0,0,0,0,0,"Four DisplayPort 1.4, One DVI-D",0,6.1,0,0,0,0,0,0,0.0,0,0.0,1733.0,0.0,0.0,0,0,0,0.0,0.0,0,0,0,0,0,0,0,0,0,0,0,0,0,0,0,0,0,0.0,0,0,0,0,0,0,0,0,0,0,0,0,0,0,0,0,0,0,0,0,0,0,0,0,0,0,0,0,0,0,0,0
Quadro P6000,2016-10-01,GP102-875-A1,16,0,0,PCIe 3.0 x16,1506,1126(9008),3840:240:96:30,0,0,0,0,24,432,GDDR5X,384,0,12.1,4.6,0,0,0,136.0,340.0,10882 (11758),250,0,0,0,0,0,0,0,0,1.3,1.2,~340,0,0,0,0,0,0,0,0,0,0.0,0,0.0,0,0,0,0,0,0,0,0.0,0,0,0,0.0,0,0,0,0.0,0.0,0,0,0,0,0.0,0,0.0,0.0,0,0,0,0,0,"Four DisplayPort 1.4, One DVI-D",0,6.1,0,0,0,0,0,0,0.0,0,0.0,1645.0,0.0,0.0,0,0,0,0.0,0.0,0,0,0,0,0,0,0,0,0,0,0,0,0,0,0,0,0,0.0,0,0,0,0,0,0,0,0,0,0,0,0,0,0,0,0,0,0,0,0,0,0,0,0,0,0,0,0,0,0,0,0
Quadro GP100,2016-10-01,GP100-876-A1,16,0,0,PCIe 3.0 x16,1304,703 (1406),3584:224:128:56,0,0,0,0,16,720,HBM2,4096,0,12.1,4.6,0,0,0,184.7,323.0,10336,235,0,0,0,0,0,0,0,0,1.3,1.2,5168,0,0,0,0,0,0,0,0,0,0.0,0,0.0,0,0,0,0,0,0,0,0.0,0,0,0,0.0,0,0,0,0.0,0.0,0,0,0,0,0.0,0,0.0,0.0,0,0,0,0,0,NVLINK support,0,6.0,0,0,0,0,0,0,0.0,0,0.0,1442.0,0.0,0.0,0,0,0,0.0,0.0,0,0,0,0,0,0,0,0,0,0,0,0,0,0,0,0,0,0.0,0,0,0,0,0,0,0,0,0,0,0,0,0,0,0,0,0,0,0,0,0,0,0,0,0,0,0,0,0,0,0,0
Quadro GV100,2018-03-27,GV100-875-A1,12,0,0,PCIe 3.0 x16,1132,848 (1696),5120:320:128:80:640,0,0,0,0,32,870,HBM2,4096,0,12.1,4.6,0,0,0,208.4,521,14800,250,0,0,0,0,0,0,0,0,1.3,3.0,7400,0,0,0,0,0,0,0,0,0,0.0,0,0.0,0,0,0,0,0,0,0,0.0,0,0,0,0.0,0,0,0,0.0,0.0,0,0,0,0,0.0,0,0.0,0.0,0,0,0,0,0,"4x DisplayPort, NVLINK support",0,7.0,0,0,0,0,0,0,0.0,0,0.0,1627.0,0.0,0.0,0,0,0,0.0,0.0,0,0,0,0,0,0,0,0,0,0,0,0,0,0,0,0,0,0.0,0,0,0,0,0,0,0,0,0,0,0,0,0,0,0,0,0,0,0,0,0,0,0,0,0,0,0,0,0,0,0,0
NVIDIA T400,1995-01-01,TU117,TSMC12FFN,0,0,PCIe 3.0 x16,420,0,384:24:16:6,0,0,0,0,24,80,GDDR6,64,0,12.1,4.6,0,0,0,22.8,34.2,1090,30,0,0,0,0,0,0,0,0,1.3,3.0,34.1,0,0,0,0,0,0,0,0,0,0.0,0,0.0,0,0,0,0,0,0,0,0.0,0,0,0,0.0,0,0,0,0.0,0.0,0,0,0,0,0.0,0,0.0,0.0,0,0,0,0,0,3x Mini-DisplayPort,0,7.5,0,0,0,0,0,0,0.0,0,0.0,1425.0,10000.0,0.0,0,0,0,0.0,0.0,0,0,0,0,0,0,0,0,0,0,0,0,0,0,0,0,0,0.0,0,0,Turing,TU117(N18S-LP-A1)(N18S-G5-A1),200,896:56:32:14,PCIe 4.0×4,1.0,720(LP)1395,930(LP)1575,7000,2.0,56,GDDR5,64.0,23.04(50.40),40.32(88.20),1290(2822),40.32(88.20),2581(5645),—,—,—,0,0,0,0,0,0,0,GeForce MX450,TU117
NVIDIA T400,1995-01-01,TU117,TSMC12FFN,0,0,PCIe 3.0 x16,420,0,384:24:16:6,0,0,0,0,24,80,GDDR6,64,0,12.1,4.6,0,0,0,22.8,34.2,1090,30,0,0,0,0,0,0,0,0,1.3,3.0,34.1,0,0,0,0,0,0,0,0,0,0.0,0,0.0,0,0,0,0,0,0,0,0.0,0,0,0,0.0,0,0,0,0.0,0.0,0,0,0,0,0.0,0,0.0,0.0,0,0,0,0,0,3x Mini-DisplayPort,0,7.5,0,0,0,0,0,0,0.0,0,0.0,1425.0,10000.0,0.0,0,0,0,0.0,0.0,0,0,0,0,0,0,0,0,0,0,0,0,0,0,0,0,0,0.0,0,0,Turing,TU117(N18S-LP-A1)(N18S-G5-A1),200,896:56:32:14,PCIe 4.0×4,1.0,720(LP)1395,930(LP)1575,10000,2.0,80,GDDR6,64.0,23.04(50.40),40.32(88.20),1290(2822),40.32(88.20),2581(5645),—,—,—,0,0,0,0,0,0,0,GeForce MX450,TU117
NVIDIA T600,1995-01-01,TU117-850-A1,TSMC12FFN,0,0,PCIe 3.0 x16,735,0,640:40:32:10,0,0,0,0,4,160,GDDR6,128,0,12.1,4.6,0,0,0,42.7,53.4,1700,40,0,0,0,0,0,0,0,0,1.3,3.0,53.1,0,0,0,0,0,0,0,0,0,0.0,0,0.0,0,0,0,0,0,0,0,0.0,0,0,0,0.0,0,0,0,0.0,0.0,0,0,0,0,0.0,0,0.0,0.0,0,0,0,0,0,4x Mini-DisplayPort,0,7.5,0,0,0,0,0,0,0.0,0,0.0,1335.0,10000.0,0.0,0,0,0,0.0,0.0,0,0,0,0,0,0,0,0,0,0,0,0,0,0,0,0,0,0.0,0,0,0,0,0,0,0,0,0,0,0,0,0,0,0,0,0,0,0,0,0,0,0,0,0,0,0,0,0,0,0,0
NVIDIA T1000,1995-01-01,TU117,TSMC12FFN,0,0,PCIe 3.0 x16,1065,0,896:56:32:14,0,0,0,0,48,160,GDDR6,128,0,12.1,4.6,0,0,0,44.6,78.1,2500,50,0,0,0,0,0,0,0,0,1.3,3.0,78.1,0,0,0,0,0,0,0,0,0,0.0,0,0.0,0,0,0,0,0,0,0,0.0,0,0,0,0.0,0,0,0,0.0,0.0,0,0,0,0,0.0,0,0.0,0.0,0,0,0,0,0,4x Mini-DisplayPort,0,7.5,0,0,0,0,0,0,0.0,0,0.0,1395.0,10000.0,0.0,0,0,0,0.0,0.0,0,0,0,0,0,0,0,0,0,0,0,0,0,0,0,0,0,0.0,0,0,Turing,TU117(N18S-LP-A1)(N18S-G5-A1),200,896:56:32:14,PCIe 4.0×4,1.0,720(LP)1395,930(LP)1575,7000,2.0,56,GDDR5,64.0,23.04(50.40),40.32(88.20),1290(2822),40.32(88.20),2581(5645),—,—,—,0,0,0,0,0,0,0,GeForce MX450,TU117
NVIDIA T1000,1995-01-01,TU117,TSMC12FFN,0,0,PCIe 3.0 x16,1065,0,896:56:32:14,0,0,0,0,48,160,GDDR6,128,0,12.1,4.6,0,0,0,44.6,78.1,2500,50,0,0,0,0,0,0,0,0,1.3,3.0,78.1,0,0,0,0,0,0,0,0,0,0.0,0,0.0,0,0,0,0,0,0,0,0.0,0,0,0,0.0,0,0,0,0.0,0.0,0,0,0,0,0.0,0,0.0,0.0,0,0,0,0,0,4x Mini-DisplayPort,0,7.5,0,0,0,0,0,0,0.0,0,0.0,1395.0,10000.0,0.0,0,0,0,0.0,0.0,0,0,0,0,0,0,0,0,0,0,0,0,0,0,0,0,0,0.0,0,0,Turing,TU117(N18S-LP-A1)(N18S-G5-A1),200,896:56:32:14,PCIe 4.0×4,1.0,720(LP)1395,930(LP)1575,10000,2.0,80,GDDR6,64.0,23.04(50.40),40.32(88.20),1290(2822),40.32(88.20),2581(5645),—,—,—,0,0,0,0,0,0,0,GeForce MX450,TU117
Quadro RTX 4000,2018-11-13,TU104-850-A1,12,0,0,PCIe 3.0 x16,1005,1625(13000),2304:144:64:36:288,0,0,0,0,8,416,GDDR6,256,0,12.2,4.6,0,0,0,98.9,222.5,7119,100-125,0,0,0,0,0,0,0,0,1.3,3.0,222.5,0,0,0,0,0,0,0,0,0,0.0,0,0.0,0,0,0,0,0,0,0,0.0,0,0,0,0.0,0,0,0,0.0,0.0,0,0,0,0,0.0,0,0.0,0.0,0,0,0,0,0,3x DisplayPort 1x USB Type-C,0,7.5,0,0,0,0,0,0,0.0,0,0.0,1545.0,0.0,0.0,0,0,0,0.0,0.0,0,0,0,0,0,0,0,0,0,0,0,0,0,0,0,0,0,0.0,0,0,0,0,0,0,0,0,0,0,0,0,0,0,0,0,0,0,0,0,0,0,0,0,0,0,0,0,0,0,0,0
Quadro RTX 5000,2018-08-13,TU104-875-A1,12,0,0,PCIe 3.0 x16,1620,1750(14000),3072:192:64:48:384,0,0,0,0,16,448,GDDR6,256,0,12.2,4.6,0,0,0,116.2,348.5,11151,125-230,0,0,0,0,0,0,0,0,1.3,3.0,348.5,0,0,0,0,0,0,0,0,0,0.0,0,0.0,0,0,0,0,0,0,0,0.0,0,0,0,0.0,0,0,0,0.0,0.0,0,0,0,0,0.0,0,0.0,0.0,0,0,0,0,0,3x DisplayPort 1x USB Type-C,0,7.5,0,0,0,0,0,0,0.0,0,0.0,1815.0,0.0,0.0,0,0,0,0.0,0.0,0,0,0,0,0,0,0,0,0,0,0,0,0,0,0,0,0,0.0,0,0,0,0,0,0,0,0,0,0,0,0,0,0,0,0,0,0,0,0,0,0,0,0,0,0,0,0,0,0,0,0
Quadro RTX 6000,2018-08-13,TU102-875-A1,12,0,0,PCIe 3.0 x16,1440,1750(14000),4608:288:96:72:576,0,0,0,0,24,672,GDDR6,384,0,12.2,4.6,0,0,0,169.9,509.8,16312,100-260,0,0,0,0,0,0,0,0,1.3,3.0,509.8,0,0,0,0,0,0,0,0,0,0.0,0,0.0,0,0,0,0,0,0,0,0.0,0,0,0,0.0,0,0,0,0.0,0.0,0,0,0,0,0.0,0,0.0,0.0,0,0,0,0,0,3x DisplayPort 1x USB Type-C,0,7.5,0,0,0,0,0,0,0.0,0,0.0,1770.0,0.0,0.0,0,0,0,0.0,0.0,0,0,0,0,0,0,0,0,0,0,0,0,0,0,0,0,0,0.0,0,0,0,0,0,0,0,0,0,0,0,0,0,0,0,0,0,0,0,0,0,0,0,0,0,0,0,0,0,0,0,0
Quadro RTX 8000,2018-08-13,TU102-875-A1,12,0,0,PCIe 3.0 x16,1395,1750(14000),4608:288:96:72:576,0,0,0,0,48,672,GDDR6,384,0,12.2,4.6,0,0,0,169.9,509.8,16312,100-260,0,0,0,0,0,0,0,0,1.3,3.0,509.8,0,0,0,0,0,0,0,0,0,0.0,0,0.0,0,0,0,0,0,0,0,0.0,0,0,0,0.0,0,0,0,0.0,0.0,0,0,0,0,0.0,0,0.0,0.0,0,0,0,0,0,3x DisplayPort 1x USB Type-C,0,7.5,0,0,0,0,0,0,0.0,0,0.0,1770.0,0.0,0.0,0,0,0,0.0,0.0,0,0,0,0,0,0,0,0,0,0,0,0,0,0,0,0,0,0.0,0,0,0,0,0,0,0,0,0,0,0,0,0,0,0,0,0,0,0,0,0,0,0,0,0,0,0,0,0,0,0,0
RTX A2000,2021-08-10,GA106-850-A1,8,0,0,PCIe 4.0 x16,562,1500(12000),3328:104:48:26:104,0,0,0,0,6,288,GDDR6,192,0,12.2,4.6,0,0,0,57.6,124.8,7987.0,70,0,0,0,0,0,0,0,0,1.3,3.0,124.8,0,0,0,0,0,0,0,0,0,0.0,0,0.0,0,0,0,0,0,7987.0,0,0.0,0,0,0,0.0,0,0,0,0.0,0.0,0,0,0,0,0.0,0,0.0,0.0,0,0,0,0,0,4x mini DisplayPort,0,8.6,0,0,0,0,0,0,0.0,0,0.0,1200.0,0.0,63900.0,0,0,0,0.0,0.0,0,0,0,0,0,0,0,0,0,0,0,0,0,0,0,0,0,0.0,0,0,0,0,0,0,0,0,0,0,0,0,0,0,0,0,0,0,0,0,0,0,0,0,0,0,0,0,0,0,0,0
RTX A2000,2021-08-10,GA106-850-A1,8,0,0,PCIe 4.0 x16,562,1500(12000),3328:104:48:26:104,0,0,0,0,12,288,GDDR6,192,0,12.2,4.6,0,0,0,57.6,124.8,7987.0,70,0,0,0,0,0,0,0,0,1.3,3.0,124.8,0,0,0,0,0,0,0,0,0,0.0,0,0.0,0,0,0,0,0,7987.0,0,0.0,0,0,0,0.0,0,0,0,0.0,0.0,0,0,0,0,0.0,0,0.0,0.0,0,0,0,0,0,4x mini DisplayPort,0,8.6,0,0,0,0,0,0,0.0,0,0.0,1200.0,0.0,63900.0,0,0,0,0.0,0.0,0,0,0,0,0,0,0,0,0,0,0,0,0,0,0,0,0,0.0,0,0,0,0,0,0,0,0,0,0,0,0,0,0,0,0,0,0,0,0,0,0,0,0,0,0,0,0,0,0,0,0
RTX A4000,2021-04-12,GA104-875-A1,8,0,0,PCIe 4.0 x16,735,1750(14000),6144:192:96:48:192,0,0,0,0,16,448,GDDR6,256,0,12.2,4.6,0,0,0,149.769,299.5,19170.0,140,0,0,0,0,0,0,0,0,1.3,3.0,599.0,0,0,0,0,0,0,0,0,0,0.0,0,0.0,0,0,0,0,0,19170.0,0,0.0,0,0,0,0.0,0,0,0,0.0,0.0,0,0,0,0,0.0,0,0.0,0.0,0,0,0,0,0,4x DisplayPort,0,8.6,0,0,0,0,0,0,0.0,0,0.0,1560.0,0.0,153400.0,0,0,0,0.0,0.0,0,0,0,0,0,0,0,0,0,0,0,0,0,0,0,0,0,0.0,0,0,0,0,0,0,0,0,0,0,0,0,0,0,0,0,0,0,0,0,0,0,0,0,0,0,0,0,0,0,0,0
RTX A4500,2021-11-23,GA102-825-KD-A1,8,0,0,PCIe 4.0 x16,1050,2000(16000),7168:224:80:56:224,0,0,0,0,20,640,GDDR6,320,0,12.2,4.6,0,0,0,132.008,369.623,23655.91,200,0,0,0,0,0,0,0,0,1.3,3.0,739.24,0,0,0,0,0,0,0,0,0,0.0,0,0.0,0,0,0,0,0,23655.91,0,0.0,0,0,0,0.0,0,0,0,0.0,0.0,0,0,0,0,0.0,0,0.0,0.0,0,0,0,0,0,4x DisplayPort,0,8.6,0,0,0,0,0,0,0.0,0,0.0,1650.0,0.0,189247.31,0,0,0,0.0,0.0,0,0,0,0,0,0,0,0,0,0,0,0,0,0,0,0,0,0.0,0,0,0,0,0,0,0,0,0,0,0,0,0,0,0,0,0,0,0,0,0,0,0,0,0,0,0,0,0,0,0,0
RTX A5000,2021-04-12,GA102-850-A1,8,0,0,PCIe 4.0 x16,1170,2000(16000),8192:256:96:64:256,0,0,0,0,24,768,GDDR6,384,0,12.2,4.6,0,0,0,162.73,433.947,27772.65,230,0,0,0,0,0,0,0,0,1.3,3.0,867.89,0,0,0,0,0,0,0,0,0,0.0,0,0.0,0,0,0,0,0,27772.65,0,0.0,0,0,0,0.0,0,0,0,0.0,0.0,0,0,0,0,0.0,0,0.0,0.0,0,0,0,0,0,4x DisplayPort,0,8.6,0,0,0,0,0,0,0.0,0,0.0,1695.0,0.0,222181.25,0,0,0,0.0,0.0,0,0,0,0,0,0,0,0,0,0,0,0,0,0,0,0,0,0.0,0,0,0,0,0,0,0,0,0,0,0,0,0,0,0,0,0,0,0,0,0,0,0,0,0,0,0,0,0,0,0,0
RTX A5500,2022-03-22,GA102-850-A1,8,0,0,PCIe 4.0 x16,1080,2000(16000),10240:320:112:80:320,0,0,0,0,24,768,GDDR6,384,0,12.2,4.6,0,0,0,186.491,532.834,34101.38,230,0,0,0,0,0,0,0,0,1.3,3.0,1065.66,0,0,0,0,0,0,0,0,0,0.0,0,0.0,0,0,0,0,0,34101.38,0,0.0,0,0,0,0.0,0,0,0,0.0,0.0,0,0,0,0,0.0,0,0.0,0.0,0,0,0,0,0,4x DisplayPort,0,8.6,0,0,0,0,0,0,0.0,0,0.0,1665.0,0.0,272811.05,0,0,0,0.0,0.0,0,0,0,0,0,0,0,0,0,0,0,0,0,0,0,0,0,0.0,0,0,0,0,0,0,0,0,0,0,0,0,0,0,0,0,0,0,0,0,0,0,0,0,0,0,0,0,0,0,0,0
RTX A6000,2020-10-05,GA102-875-A1,8,0,0,PCIe 4.0 x16,1410,2000(16000),10752:336:112:84:336,0,0,0,0,48,768,GDDR6,384,0,12.2,4.6,0,0,0,201.612,604.838,38709.67,300,0,0,0,0,0,0,0,0,1.3,3.0,1209.67,0,0,0,0,0,0,0,0,0,0.0,0,0.0,0,0,0,0,0,38709.67,0,0.0,0,0,0,0.0,0,0,0,0.0,0.0,0,0,0,0,0.0,0,0.0,0.0,0,0,0,0,0,4x DisplayPort,0,8.6,0,0,0,0,0,0,0.0,0,0.0,1800.0,0.0,309677.41,0,0,0,0.0,0.0,0,0,0,0,0,0,0,0,0,0,0,0,0,0,0,0,0,0.0,0,0,0,0,0,0,0,0,0,0,0,0,0,0,0,0,0,0,0,0,0,0,0,0,0,0,0,0,0,0,0,0
RTX 4000 SFF Ada Generation,2023-03-21,AD104,5,0,0,PCIe 4.0 x16,720,1750(14000),6144:192:80:48:192,0,0,0,0,20,280,GDDR6,160,0,12.2,4.6,0,0,0,125.2,300.5,19230,70,0,0,0,0,0,0,0,0,1.3,3.0,300,0,0,0,0,0,0,0,0,0,0.0,0,0.0,0,0,0,0,0,19230,0,0.0,0,0,0,0.0,0,0,0,0.0,0.0,0,0,0,0,0.0,0,0.0,0.0,0,0,0,0,0,4x mini DisplayPort,0,8.9,0,0,0,0,0,0,0.0,0,0.0,1560.0,0.0,0.0,HHHL,Double,0,0.0,0.0,0,0,0,0,0,0,0,0,0,0,0,0,0,0,0,0,0,0.0,0,0,Ada Lovelace,0,0,0,0,0.0,0,0,0,0.0,0,0,0.0,0,0,30300,490,0,0,0,0,1x AD104,0,7424,795,2040,121000,8.9,0,AD104
RTX 4000 Ada Generation,2023-08-09,AD104,5,0,0,PCIe 4.0 x16,1500,1750(14000),6144:192:80:48:192,0,0,0,0,20,360,GDDR6,160,0,12.2,4.6,0,0,0,174.0,417.6,26730,130,0,0,0,0,0,0,0,0,1.3,3.0,417,0,0,0,0,0,0,0,0,0,0.0,0,0.0,0,0,0,0,0,26730,0,0.0,0,0,0,0.0,0,0,0,0.0,0.0,0,0,0,0,0.0,0,0.0,0.0,0,0,0,0,0,4x DisplayPort,0,8.9,0,0,0,0,0,0,0.0,0,0.0,2175.0,0.0,0.0,FHFL,Single,0,0.0,0.0,0,0,0,0,0,0,0,0,0,0,0,0,0,0,0,0,0,0.0,0,0,Ada Lovelace,0,0,0,0,0.0,0,0,0,0.0,0,0,0.0,0,0,30300,490,0,0,0,0,1x AD104,0,7424,795,2040,121000,8.9,0,AD104
RTX 4500 Ada Generation,2023-08-09,AD104,5,0,0,PCIe 4.0 x16,2070,2250 (18000),7680:240:80:60:240,0,0,0,0,24,432,GDDR6,192,0,12.2,4.6,0,0,0,206.0,620.0,39630,210,0,0,0,0,0,0,0,0,1.3,3.0,619,0,0,0,0,0,0,0,0,0,0.0,0,0.0,0,0,0,0,0,39630,0,0.0,0,0,0,0.0,0,0,0,0.0,0.0,0,0,0,0,0.0,0,0.0,0.0,0,0,0,0,0,4x DisplayPort,0,8.9,0,0,0,0,0,0,0.0,0,0.0,2580.0,0.0,0.0,FHFL,Double,0,0.0,0.0,0,0,0,0,0,0,0,0,0,0,0,0,0,0,0,0,0,0.0,0,0,Ada Lovelace,0,0,0,0,0.0,0,0,0,0.0,0,0,0.0,0,0,30300,490,0,0,0,0,1x AD104,0,7424,795,2040,121000,8.9,0,AD104
RTX 5000 Ada Generation,2023-08-09,AD102,5,0,0,PCIe 4.0 x16,1155,2250 (18000),12800:400:176:100:400,0,0,0,0,32,756,GDDR6,256,0,12.2,4.6,0,0,0,448.8,1020.0,65280,250,0,0,0,0,0,0,0,0,1.3,3.0,1020,0,0,0,0,0,0,0,0,0,0.0,0,0.0,0,0,0,0,0,65280,0,0.0,0,0,0,0.0,0,0,0,0.0,0.0,0,0,0,0,0.0,0,0.0,0.0,0,0,0,0,0,4x DisplayPort,0,8.9,0,0,0,0,0,0,0.0,0,0.0,2550.0,0.0,0.0,FHFL,Double,0,0.0,0.0,0,0,0,0,0,0,0,0,0,0,0,0,0,0,0,0,0,0.0,0,0,Ada Lovelace,0,0,0,0,0.0,0,0,0,0.0,0,0,0.0,0,0,90516,1414,0,0,0,0,1× AD102,0,18176,735,2490,362066,8.9,0,AD102
RTX 6000 Ada Generation,2022-12-03,AD102-870-A1,5,0,0,PCIe 4.0 x16,915,2500(20000),18176:568:192:142:568,0,0,0,0,48,960,GDDR6,384,0,12.2,4.6,0,0,0,481.0,1423.0,91060,300,0,0,0,0,0,0,0,0,1.3,3.0,1423,0,0,0,0,0,0,0,0,0,0.0,0,0.0,0,0,0,0,0,91060,0,0.0,0,0,0,0.0,0,0,0,0.0,0.0,0,0,0,0,0.0,0,0.0,0.0,0,0,0,0,0,4x DisplayPort,0,8.9,0,0,0,0,0,0,0.0,0,0.0,2505.0,0.0,0.0,FHFL,Double,0,0.0,0.0,0,0,0,0,0,0,0,0,0,0,0,0,0,0,0,0,0,0.0,0,0,0,0,0,0,0,0,0,0,0,0,0,0,0,0,0,0,0,0,0,0,0,0,0,0,0,0,0,0,0,0
NVS 50,2005-05-31,NV18,150,0,0,AGP 4x/PCI,250,200.0,0:2:4:2,0,0,0,0,64,1.6,DDR,32,0,7,1.2,0,0,0,0.5,1.0,0,0.0,0,0,0,0,0,0,0,0,0.0,0,0,0,0,0,0,0,0,0,0,0,0.0,0,0.0,0,0,0,0,0,0,0,0.0,0,0,0,0.0,0,0,0,0.0,0.0,0,0,0,0,0.0,0,0.0,0.0,0,0,0,0,0,"DVI-I, S-Video",0,0,0,0,0,0,0,0,0.0,0,250.0,0.0,0.0,0.0,0,0,0,0.0,0.0,0,0,0,0,0,0,0,0,0,0,0,0,0,0,0,0,0,0.0,0,0,0,0,0,0,0,0,0,0,0,0,0,0,0,0,0,0,0,0,0,0,0,0,0,0,0,0,0,0,0,0
NVS 100,2003-12-22,NV17,150,0,0,AGP 4x/PCI,200,333.0,0:2:4:2,0,0,0,0,64,2.664,DDR,64,0,7,1.2,0,0,0,0,0,0,0.0,0,0,0,0,0,0,0,0,0.0,0,0,0,0,0,0,0,0,0,0,0,0.0,0,0.0,0,0,0,0,0,0,0,0.0,0,0,0,0.0,0,0,0,0.0,0.0,0,0,0,0,0.0,0,0.0,0.0,0,0,0,0,0,"2x DVI-I, VGA, S-Video",0,0,0,0,0,0,0,0,0.0,0,0.0,0.0,0.0,0.0,0,0,0,0.0,0.0,0,0,0,0,0,0,0,0,0,0,0,0,0,0,0,0,0,0.0,0,0,0,0,0,0,0,0,0,0,0,0,0,0,0,0,0,0,0,0,0,0,0,0,0,0,0,0,0,0,0,0
NVS 200,2003-12-22,NV17,150,0,0,AGP 4x/PCI,250,250.0,0:2:4:2,0,0,0,0,64,8.0,DDR,128,0,7,1.2,0,0,0,0.5,1.0,0,0.0,0,0,0,0,0,0,0,0,0.0,0,0,0,0,0,0,0,0,0,0,0,0.0,0,0.0,0,0,0,0,0,0,0,0.0,0,0,0,0.0,0,0,0,0.0,0.0,0,0,0,0,0.0,0,0.0,0.0,0,0,0,0,0,LFH-60,0,0,0,0,0,0,0,0,0.0,0,250.0,0.0,0.0,0.0,0,0,0,0.0,0.0,0,0,0,0,0,0,0,0,0,0,0,0,0,0,0,0,0,0.0,0,0,0,0,0,0,0,0,0,0,0,0,0,0,0,0,0,0,0,0,0,0,0,0,0,0,0,0,0,0,0,0
NVS 210S,2003-12-22,MCP51,90,0,0,Integrated,425,0.0,1:2:2:1,0,0,0,0,Up to 256 from system memory,0,DDR,128,0,9.0c,1.2,0,0,0,0.425,0.850,0,0.0,0,0,0,0,0,0,0,0,0.0,0,0,0,0,0,0,0,0,0,0,0,0.0,0,0.0,0,0,0,0,0,0,0,0.0,0,0,0,0.0,0,0,0,0.0,0.0,0,0,0,0,0.0,0,0.0,0.0,0,0,0,0,0,DVI + VGA,0,0,0,0,0,0,0,0,0.0,0,0.0,0.0,0.0,0.0,0,0,0,0.0,0.0,0,0,0,0,0,0,0,0,0,0,0,0,0,0,0,0,0,0.0,0,0,0,0,0,0,0,0,0,0,0,0,0,0,0,0,0,0,0,0,0,0,0,0,0,0,0,0,0,0,0,0
NVS 280,2003-10-28,NV34GL,150,0,0,PCIe x16/AGP 8x / PCI,275,250.0,0:2:4:2/1:2:2:2 *:4:4:4,0,0,0,0,64,8.0,DDR,128,0,9.0,1.5,0,0,0,0.55,1.1,0,13.0,0,0,0,0,0,0,0,0,0.0,0,0,0,0,0,0,0,0,0,0,0,0.0,0,0.0,0,0,0,0,0,0,0,0.0,0,0,0,0.0,0,0,0,0.0,0.0,0,0,0,0,0.0,0,0.0,0.0,0,0,0,0,0,DMS-59,0,0,0,0,0,0,0,0,0.0,0,275.0,0.0,0.0,0.0,0,0,0,0.0,0.0,0,0,0,0,0,0,0,0,0,0,0,0,0,0,0,0,0,0.0,0,0,0,0,0,0,0,0,0,0,0,0,0,0,0,0,0,0,0,0,0,0,0,0,0,0,0,0,0,0,0,0
NVS 285,2006-06-06,NV44,110,0,0,PCIe x1/x16,275,275.0,3:4:4:2,0,0,0,0,128,8.8,DDR,128,0,9.0,2.1,0,0,0,0.55,1.1,0,18.0,0,0,0,0,0,0,0,0,0.0,0,0,0,0,0,0,0,0,0,0,0,0.0,0,0.0,0,0,0,0,0,0,0,0.0,0,0,0,0.0,0,0,0,0.0,0.0,0,0,0,0,0.0,0,0.0,0.0,0,0,0,0,0,DMS-59,0,0,0,0,0,0,0,0,0.0,0,275.0,0.0,0.0,0.0,0,0,0,0.0,0.0,0,0,0,0,0,0,0,0,0,0,0,0,0,0,0,0,0,0.0,0,0,0,0,0,0,0,0,0,0,0,0,0,0,0,0,0,0,0,0,0,0,0,0,0,0,0,0,0,0,0,0
NVS 290,2007-10-04,G86-827-A2,80,0,0,PCIe x1/x16,460,800.0,16:8:4,0,0,0,0,256,6.4,DDR2,64,0,10,3.3,0,0,0,1.84,3.68,44.16,21.0,0,0,0,0,0,0,0,0,0.0,0,0,0,0,0,0,0,0,0,0,0,0.0,0,0.0,0,0,0,0,0,0,0,0.0,0,0,0,0.0,0,0,0,0.0,0.0,0,0,0,0,0.0,0,0.0,0.0,0,0,0,0,0,DMS-59,0,0,0,0,0,0,0,0,0.0,0,920.0,0.0,0.0,0.0,0,0,0,0.0,0.0,0,0,0,0,0,0,0,0,0,0,0,0,0,0,0,0,0,0.0,0,0,0,0,0,0,0,0,0,0,0,0,0,0,0,0,0,0,0,0,0,0,0,0,0,0,0,0,0,0,0,0
NVS 295,2009-05-07,G98,65,0,0,PCIe x1/x16,550,1400.0,8:8:4,0,0,0,0,256,11.2,GDDR3,64,0,10,3.3,0,0,0,2.2,4.4,31.2,23.0,0,0,0,0,0,0,0,0,0.0,0,0,0,0,0,0,0,0,0,0,0,0.0,0,0.0,0,0,0,0,0,0,0,0.0,0,0,0,0.0,0,0,0,0.0,0.0,0,0,0,0,0.0,0,0.0,0.0,0,0,0,0,0,2x DisplayPort or 2x DVI-D,0,0,0,0,0,0,0,0,0.0,0,1300.0,0.0,0.0,0.0,0,0,0,0.0,0.0,0,0,0,0,0,0,0,0,0,0,0,0,0,0,0,0,0,0.0,0,0,0,0,0,0,0,0,0,0,0,0,0,0,0,0,0,0,0,0,0,0,0,0,0,0,0,0,0,0,0,0
NVS 300,2011-01-08,GT218,40,0,0,PCIe x1/x16,589,1580.0,16:8:4,0,0,0,0,512,12.64,DDR3,64,0,10.1,3.3,0,0,0,2.356,4.712,67.3,17.5,0,0,0,0,0,0,0,0,0.0,0,0,0,0,0,0,0,0,0,0,0,0.0,0,0.0,0,0,0,0,0,0,0,0.0,0,0,0,0.0,0,0,0,0.0,0.0,0,0,0,0,0.0,0,0.0,0.0,0,0,0,0,0,DMS-59,0,0,0,0,0,0,0,0,0.0,0,1402.0,0.0,0.0,0.0,0,0,0,0.0,0.0,0,0,0,0,0,0,0,0,0,0,0,0,0,0,0,0,0,0.0,0,0,0,0,0,0,0,0,0,0,0,0,0,0,0,0,0,0,0,0,0,0,0,0,0,0,0,0,0,0,0,0
NVS 310,2012-06-26,GF119,40,0,0,PCIe x16,523,1750.0,48:8:4,0,0,0,0,512,14,DDR3,64,0,11.0,4.1,0,0,0,2.092,4.184,100.4,19.5,0,0,0,0,0,0,0,0,0.0,0,0,0,0,0,0,0,0,0,0,0,0.0,0,0.0,0,0,0,0,0,0,0,0.0,0,0,0,0.0,0,0,0,0.0,0.0,0,0,0,0,0.0,0,0.0,0.0,0,0,0,0,0,2x DisplayPort,0,0,0,0,0,0,0,0,0.0,0,1046.0,0.0,0.0,0.0,0,0,0,0.0,0.0,0,0,0,0,0,0,0,0,0,0,0,0,0,0,0,0,0,0.0,0,0,0,0,0,0,0,0,0,0,0,0,0,0,0,0,0,0,0,0,0,0,0,0,0,0,0,0,0,0,0,0
NVS 315,2013-03-10,GF119,40,0,0,PCIe x16,523,1750.0,48:8:4,0,0,0,0,1024,14,DDR3,64,0,11.0,4.1,0,0,0,2.092,4.184,100.4,19.5,0,0,0,0,0,0,0,0,0.0,0,0,0,0,0,0,0,0,0,0,0,0.0,0,0.0,0,0,0,0,0,0,0,0.0,0,0,0,0.0,0,0,0,0.0,0.0,0,0,0,0,0.0,0,0.0,0.0,0,0,0,0,0,DMS-59 Idle Power Consumption 7W,0,0,0,0,0,0,0,0,0.0,0,1046.0,0.0,0.0,0.0,0,0,0,0.0,0.0,0,0,0,0,0,0,0,0,0,0,0,0,0,0,0,0,0,0.0,0,0,0,0,0,0,0,0,0,0,0,0,0,0,0,0,0,0,0,0,0,0,0,0,0,0,0,0,0,0,0,0
NVS 400,2004-07-16,NV17,150,0,0,PCI,220,332.0,2x 0:2:4:2,0,0,0,0,2x 64,2x 11.0,DDR,2x 128,0,7,1.2,0,0,0,2x 0.44,2x 0.88,2x 5.328,18.0,0,0,0,0,0,0,0,0,0.0,0,0,0,0,0,0,0,0,0,0,0,0.0,0,0.0,0,0,0,0,0,0,0,0.0,0,0,0,0.0,0,0,0,0.0,0.0,0,0,0,0,0.0,0,0.0,0.0,0,0,0,0,0,2x LFH-60,0,0,0,0,0,0,0,0,0.0,0,220.0,0.0,0.0,0.0,0,0,0,0.0,0.0,0,0,0,0,0,0,0,0,0,0,0,0,0,0,0,0,0,0.0,0,0,0,0,0,0,0,0,0,0,0,0,0,0,0,0,0,0,0,0,0,0,0,0,0,0,0,0,0,0,0,0
NVS 420,2009-01-20,G98-850-U2,65,0,0,PCIe x1/x16,550,1400.0,2x 8:8:4,0,0,0,0,2x 256,2x 11.2,GDDR3,2x 64,0,10,3.3,0,0,0,2x 2.2,2x 4.4,2x 31.2,40.0,0,0,0,0,0,0,0,0,0.0,0,0,0,0,0,0,0,0,0,0,0,0.0,0,0.0,0,0,0,0,0,0,0,0.0,0,0,0,0.0,0,0,0,0.0,0.0,0,0,0,0,0.0,0,0.0,0.0,0,0,0,0,0,through VHDCI to (4x DisplayPort or 4x DVI-D),0,0,0,0,0,0,0,0,0.0,0,1300.0,0.0,0.0,0.0,0,0,0,0.0,0.0,0,0,0,0,0,0,0,0,0,0,0,0,0,0,0,0,0,0.0,0,0,0,0,0,0,0,0,0,0,0,0,0,0,0,0,0,0,0,0,0,0,0,0,0,0,0,0,0,0,0,0
NVS 440,2006-02-14,NV43,110,0,0,PCIe x1/x16,250,500.0,2x 4:8:8:8,0,0,0,0,2x 128,2x 8.000,DDR,2x 128,0,9.0,2.1,0,0,0,2x 2.000,2x 2.000,0,31.0,0,0,0,0,0,0,0,0,0.0,0,0,0,0,0,0,0,0,0,0,0,0.0,0,0.0,0,0,0,0,0,0,0,0.0,0,0,0,0.0,0,0,0,0.0,0.0,0,0,0,0,0.0,0,0.0,0.0,0,0,0,0,0,2x DMS-59,0,0,0,0,0,0,0,0,0.0,0,0.0,0.0,0.0,0.0,0,0,0,0.0,0.0,0,0,0,0,0,0,0,0,0,0,0,0,0,0,0,0,0,0.0,0,0,0,0,0,0,0,0,0,0,0,0,0,0,0,0,0,0,0,0,0,0,0,0,0,0,0,0,0,0,0,0
NVS 450,2008-11-11,G98,65,0,0,PCIe x1/x16,550,1400.0,2x 8:8:4,0,0,0,0,2x 256,2x 11.2,GDDR3,2x 64,0,10,3.3,0,0,0,2x 2.2,2x 4.4,2x 31.2,35.0,0,0,0,0,0,0,0,0,0.0,0,0,0,0,0,0,0,0,0,0,0,0.0,0,0.0,0,0,0,0,0,0,0,0.0,0,0,0,0.0,0,0,0,0.0,0.0,0,0,0,0,0.0,0,0.0,0.0,0,0,0,0,0,4x DisplayPort,0,0,0,0,0,0,0,0,0.0,0,1300.0,0.0,0.0,0.0,0,0,0,0.0,0.0,0,0,0,0,0,0,0,0,0,0,0,0,0,0,0,0,0,0.0,0,0,0,0,0,0,0,0,0,0,0,0,0,0,0,0,0,0,0,0,0,0,0,0,0,0,0,0,0,0,0,0
NVS 510,2012-10-23,GK107,28,0,0,PCIe 2.0 x16,797,1782.0,192:16:8(1 SMX),0,0,0,0,2048,28.5,DDR3,128,0,11.0,4.6,0,0,0,3.188,12.75,306.0,35.0,0,0,0,0,0,0,0,0,1.2,0,0,0,0,0,0,0,0,0,0,0,0.0,0,0.0,0,0,0,0,0,0,0,0.0,0,0,0,0.0,0,0,0,0.0,0.0,0,0,0,0,0.0,0,0.0,0.0,0,0,0,0,0,4x miniDisplayPort,0,0,0,0,0,0,0,0,0.0,0,0.0,0.0,0.0,0.0,0,0,0,0.0,0.0,0,0,0,0,0,0,0,0,0,0,0,0,0,0,0,0,0,0.0,0,0,Kepler,0,0,0,PCIe 3.0 x16,0.0,0,0,0,0.0,0,0,0.0,0,0,0,0,0,0,0,0,4x GK107,4x 192,0,0,0,0,0,0,GK107
NVS 510,2012-10-23,GK107,28,0,0,PCIe 2.0 x16,797,1782.0,192:16:8(1 SMX),0,0,0,0,2048,28.5,DDR3,128,0,11.0,4.6,0,0,0,3.188,12.75,306.0,35.0,0,0,0,0,0,0,0,0,1.2,0,0,0,0,0,0,0,0,0,0,0,0.0,0,0.0,0,0,0,0,0,0,0,0.0,0,0,0,0.0,0,0,0,0.0,0.0,0,0,0,0,0.0,0,0.0,0.0,0,0,0,0,0,4x miniDisplayPort,0,0,0,0,0,0,0,0,0.0,0,0.0,0.0,0.0,0.0,0,0,0,0.0,0.0,0,0,0,0,0,0,0,0,0,0,0,0,0,0,0,0,0,0.0,0,0,Kepler,0,0,0,PCIe 3.0 x16,0.0,0,0,0,0.0,0,0,0.0,0,0,0,0,0,0,0,0,4x GK107,4x 384,0,0,0,0,0,0,GK107
NVS 810,2015-11-04,GM107,28,0,0,PCIe 3.0 x16,1033,1800.0,2x 512:32:16,0,0,0,0,2x 2048,2x 14.4,DDR3,2x 64,0,11.0,4.6,0,0,0,16.53,33.06,1058,68.0,0,0,0,0,0,0,0,0,1.3,0,0,0,0,0,0,0,0,0,0,0,0.0,0,0.0,0,0,0,0,0,0,0,0.0,0,0,0,0.0,0,0,0,0.0,0.0,0,0,0,0,0.0,0,0.0,0.0,0,0,0,0,0,8x miniDisplayPort,0,0,0,0,0,0,0,0,0.0,0,0.0,0.0,0.0,0.0,0,0,0,0.0,0.0,0,0,0,0,0,0,0,0,0,0,0,0,0,0,0,0,0,0.0,0,0,Maxwell,0,0,0,0,0.0,0,0,0,0.0,0,0,0.0,0,0,5289,165.3,0,0,0,0,4× GM107,0,2560,1033,?,No,5.2,0,GM107
Quadro2 Go,1995-01-01,NV11 GLM,180,0,0,AGP 4x,143,130360,2:0:4:2,0,0,0,0,3264,2.95.8,SDRDDR,128,0,7.0,1.2,0,0,0,0.286,0.592,0,0.0,0,0,0,0,0,0,0,0,0,0,0,0,0,0,0,0,0,0,0,0,0.0,0,0.0,0,0,0,0,0,0,0,0.0,0,0,0,0.0,0,0,0,0.0,0.0,0,0,0,0,0.0,0,0.0,0.0,0,0,0,0,0,"First mobile Quadro based on the GeForce2 Go, Dynamic core clock 100–143 MHz, dynamic voltage 1.575V, graphics core listed as 64-bit and 128-bit for DDR and SDR SDRAM types respectively according to Nvidia",0,0,0,0,0,0,0,0,0.0,0,0.0,0.0,0.0,0.0,0,0,0,0.0,0.0,0,0,0,0,0,0,0,0,0,0,0,0,0,0,0,0,0,0.0,0,0,0,0,0,0,0,0,0,0,0,0,0,0,0,0,0,0,0,0,0,0,0,0,0,0,0,0,0,0,0,0
Quadro4 500 Go GL,1995-01-01,NV17 GLM,150,0,0,"AGP 4x,8x",220,220,2:0:4:2,0,0,0,0,64,7.0,DDR,128,0,7.0,1.3,0,0,0,0.44,0.88,0,0.0,0,0,0,0,0,0,0,0,0,0,0,0,0,0,0,0,0,0,0,0,0.0,0,0.0,0,0,0,0,0,0,0,0.0,0,0,0,0.0,0,0,0,0.0,0.0,0,0,0,0,0.0,0,0.0,0.0,0,0,0,0,0,"Based on the GeForce4 Go, dynamic core clock 66–220 MHz, core voltage 1.35 V, uses DDR SDRAM according to Nvidia brochures",0,0,0,0,0,0,0,0,0.0,0,0.0,0.0,0.0,0.0,0,0,0,0.0,0.0,0,0,0,0,0,0,0,0,0,0,0,0,0,0,0,0,0,0.0,0,0,0,0,0,0,0,0,0,0,0,0,0,0,0,0,0,0,0,0,0,0,0,0,0,0,0,0,0,0,0,0
Quadro4 700 Go GL,1995-01-01,NV28 GLM,150,0,0,"AGP 4x,8x",176,200,4:2:4:4,0,0,0,0,64,7.4?,DDR,128?,0,8.1,1.3,0,0,0,0.704,0.704,0,0.0,0,0,0,0,0,0,0,0,0,0,0,0,0,0,0,0,0,0,0,0,0.0,0,0.0,0,0,0,0,0,0,0,0.0,0,0,0,0.0,0,0,0,0.0,0.0,0,0,0,0,0.0,0,0.0,0.0,0,0,0,0,0,"Based on GeForce4 Go 4200, uses DDR according to Nvidia brochures",0,0,0,0,0,0,0,0,0.0,0,0.0,0.0,0.0,0.0,0,0,0,0.0,0.0,0,0,0,0,0,0,0,0,0,0,0,0,0,0,0,0,0,0.0,0,0,0,0,0,0,0,0,0,0,0,0,0,0,0,0,0,0,0,0,0,0,0,0,0,0,0,0,0,0,0,0
Quadro FX Go 700,1995-01-01,NV31 GLM,130,0,0,AGP 8x,295,590,4:2:4:4,0,0,0,0,128,9.44?,DDR,128,0,9.0,2.1?,0,0,0,1.18,1.18,0,0.0,0,0,0,0,0,0,0,0,0,0,0,0,0,0,0,0,0,0,0,0,0.0,0,0.0,0,0,0,0,0,0,0,0.0,0,0,0,0.0,0,0,0,0.0,0.0,0,0,0,0,0.0,0,0.0,0.0,0,0,0,0,0,Slightly underclocked Geforce FX 5600 Go,0,0,0,0,0,0,0,0,0.0,0,0.0,0.0,0.0,0.0,0,0,0,0.0,0.0,0,0,0,0,0,0,0,0,0,0,0,0,0,0,0,0,0,0.0,0,0,0,0,0,0,0,0,0,0,0,0,0,0,0,0,0,0,0,0,0,0,0,0,0,0,0,0,0,0,0,0
Quadro FX Go 1000,1995-01-01,NV36 GLM,130?,0,0,AGP 8x,295,570,4:3:4:4,0,0,0,0,128,9.12?,DDR,128,0,9.0,2.1?,0,0,0,1.18,1.18,0,0.0,0,0,0,0,0,0,0,0,0,0,0,0,0,0,0,0,0,0,0,0,0.0,0,0.0,0,0,0,0,0,0,0,0.0,0,0,0,0.0,0,0,0,0.0,0.0,0,0,0,0,0.0,0,0.0,0.0,0,0,0,0,0,Based on TSMC 130 nm process with one extra pixel shader?,0,0,0,0,0,0,0,0,0.0,0,0.0,0.0,0.0,0.0,0,0,0,0.0,0.0,0,0,0,0,0,0,0,0,0,0,0,0,0,0,0,0,0,0.0,0,0,0,0,0,0,0,0,0,0,0,0,0,0,0,0,0,0,0,0,0,0,0,0,0,0,0,0,0,0,0,0
Quadro FX Go 1400,1995-01-01,NV41 GLM,130,0,0,PCIe,275,590,12:5:12:12?,0,0,0,0,256,18.9?,DDR,256,0,9.0,2.1?,0,0,0,2.2,2.2,0,0.0,0,0,0,0,0,0,0,0,0,0,0,0,0,0,0,0,0,0,0,0,0.0,0,0.0,0,0,0,0,0,0,0,0.0,0,0,0,0.0,0,0,0,0.0,0.0,0,0,0,0,0.0,0,0.0,0.0,0,0,0,0,0,"Last chip designated as a Quadro FX Go, uses PCIe instead of AGP 8x. Core config has been mentioned as either 8:5:8:8 or 12:5:12:12 - the latter is likely since chip is derived from GeForce Go 6800.",0,0,0,0,0,0,0,0,0.0,0,0.0,0.0,0.0,0.0,0,0,0,0.0,0.0,0,0,0,0,0,0,0,0,0,0,0,0,0,0,0,0,0,0.0,0,0,0,0,0,0,0,0,0,0,0,0,0,0,0,0,0,0,0,0,0,0,0,0,0,0,0,0,0,0,0,0
Quadro FX 350M,2006-03-13,G72GLM,90,0,0,PCIe 1.0 x16,450,900,3:4:4:2,0,0,0,0,256,14.4,GDDR3,128,0,9.0c,2.1,0,0,0,0.9,1.8,0,15,0,0,0,0,0,0,0,0,0,0,0,0,0,0,0,0,0,0,0,0,0.0,0,0.0,0,0,0,0,0,0,0,0.0,0,0,0,0.0,0,0,0,0.0,0.0,0,0,0,0,0.0,0,0.0,0.0,0,0,0,0,0,0,0,0,0,0,0,0,0,0,0.0,0,0.0,0.0,0.0,0.0,0,0,0,0.0,0.0,0,0,0,0,0,0,0,0,0,0,0,0,0,0,0,0,0,0.0,0,0,0,0,0,0,0,0,0,0,0,0,0,0,0,0,0,0,0,0,0,0,0,0,0,0,0,0,0,0,0,0
Quadro FX 1500M,2006-04-18,G71GLM,90,0,0,PCIe 1.0 x16,375,1000,8:24:24:16,0,0,0,0,512,32.0,GDDR3,256,0,9.0c,2.1,0,0,0,6.0,9.0,0,15,0,0,0,0,0,0,0,0,0,0,0,0,0,0,0,0,0,0,0,0,0.0,0,0.0,0,0,0,0,0,0,0,0.0,0,0,0,0.0,0,0,0,0.0,0.0,0,0,0,0,0.0,0,0.0,0.0,0,0,0,0,0,0,0,0,0,0,0,0,0,0,0.0,0,0.0,0.0,0.0,0.0,0,0,0,0.0,0.0,0,0,0,0,0,0,0,0,0,0,0,0,0,0,0,0,0,0.0,0,0,0,0,0,0,0,0,0,0,0,0,0,0,0,0,0,0,0,0,0,0,0,0,0,0,0,0,0,0,0,0
Quadro FX 2500M,2005-09-29,G71GLM,90,0,0,PCIe 1.0 x16,500,1200,8:24:24:16,0,0,0,0,512,38.4,GDDR3,256,0,9.0c,2.1,0,0,0,8.0,12.0,0,15,0,0,0,0,0,0,0,0,0,0,0,0,0,0,0,0,0,0,0,0,0.0,0,0.0,0,0,0,0,0,0,0,0.0,0,0,0,0.0,0,0,0,0.0,0.0,0,0,0,0,0.0,0,0.0,0.0,0,0,0,0,0,0,0,0,0,0,0,0,0,0,0.0,0,0.0,0.0,0.0,0.0,0,0,0,0.0,0.0,0,0,0,0,0,0,0,0,0,0,0,0,0,0,0,0,0,0.0,0,0,0,0,0,0,0,0,0,0,0,0,0,0,0,0,0,0,0,0,0,0,0,0,0,0,0,0,0,0,0,0
Quadro FX 3500M,2007-03-01,G71GLM,90,0,0,PCIe 1.0 x16,575,1200,8:24:24:16,0,0,0,0,512,38.4,GDDR3,256,0,9.0c,2.1,0,0,0,9.2,13.8,0,15,0,0,0,0,0,0,0,0,0,0,0,0,0,0,0,0,0,0,0,0,0.0,0,0.0,0,0,0,0,0,0,0,0.0,0,0,0,0.0,0,0,0,0.0,0.0,0,0,0,0,0.0,0,0.0,0.0,0,0,0,0,0,0,0,0,0,0,0,0,0,0,0.0,0,0.0,0.0,0.0,0.0,0,0,0,0.0,0.0,0,0,0,0,0,0,0,0,0,0,0,0,0,0,0,0,0,0.0,0,0,0,0,0,0,0,0,0,0,0,0,0,0,0,0,0,0,0,0,0,0,0,0,0,0,0,0,0,0,0,0
Quadro FX 360M,2007-05-09,G86M,80,0,0,PCIe 1.0 x16,400,1200,16:8:4,0,0,0,0,256,9.6,DDR2,64,0,10.0,3.3,0,0,0,1.6,3.2,38.4,17,0,0,0,0,0,0,0,0,0,0,0,0,0,0,0,0,0,0,0,0,0.0,0,0.0,0,0,0,0,0,0,0,0.0,0,0,0,0.0,0,0,0,0.0,0.0,0,0,0,0,0.0,0,0.0,0.0,0,0,0,0,0,Based on the GeForce 8400M GS,0,0,0,0,0,0,0,0,0.0,0,800.0,0.0,0.0,0.0,0,0,0,0.0,0.0,0,0,0,0,0,0,0,0,0,0,0,0,0,0,0,0,0,0.0,0,0,0,0,0,0,0,0,0,0,0,0,0,0,0,0,0,0,0,0,0,0,0,0,0,0,0,0,0,0,0,0
Quadro FX 560M,2006-04-20,G73GLM,90,0,0,PCIe 1.0 x16,500,1200,5:12:12:8,0,0,0,0,512,19.2,GDDR3,128,0,9.0c,2.1,0,0,0,4.0,6.0,0.0,35?,0,0,0,0,0,0,0,0,0,0,0,0,0,0,0,0,0,0,0,0,0.0,0,0.0,0,0,0,0,0,0,0,0.0,0,0,0,0.0,0,0,0,0.0,0.0,0,0,0,0,0.0,0,0.0,0.0,0,0,0,0,0,7600GS based?,0,0,0,0,0,0,0,0,0.0,0,500.0,0.0,0.0,0.0,0,0,0,0.0,0.0,0,0,0,0,0,0,0,0,0,0,0,0,0,0,0,0,0,0.0,0,0,0,0,0,0,0,0,0,0,0,0,0,0,0,0,0,0,0,0,0,0,0,0,0,0,0,0,0,0,0,0
Quadro FX 1600M,2007-06-01,G84M,80,0,0,PCIe 1.0 x16,625,1600,32:16:8,0,0,0,0,512,25.6,GDDR3,128,0,10.0,3.3,0,0,0,5.0,10.0,120.0,50?,0,0,0,0,0,0,0,0,0,0,0,0,0,0,0,0,0,0,0,0,0.0,0,0.0,0,0,0,0,0,0,0,0.0,0,0,0,0.0,0,0,0,0.0,0.0,0,0,0,0,0.0,0,0.0,0.0,0,0,0,0,0,0,0,0,0,0,0,0,0,0,0.0,0,1250.0,0.0,0.0,0.0,0,0,0,0.0,0.0,0,0,0,0,0,0,0,0,0,0,0,0,0,0,0,0,0,0.0,0,0,0,0,0,0,0,0,0,0,0,0,0,0,0,0,0,0,0,0,0,0,0,0,0,0,0,0,0,0,0,0
Quadro FX 3600M,2008-02-23,G92M,65,0,0,PCIe 1.0 x16,500,1600,64:32:1696:48:16,0,0,0,0,512,51.2,GDDR3,256,0,10.0,3.3,0,0,0,88.0,1624.0,240360.0,70,0,0,0,0,0,0,0,0,0,0,0,0,0,0,0,0,0,0,0,0,0.0,0,0.0,0,0,0,0,0,0,0,0.0,0,0,0,0.0,0,0,0,0.0,0.0,0,0,0,0,0.0,0,0.0,0.0,0,0,0,0,0,Based on the GeForce 8800M GTX. Dell Precision M6300 uses 64 shader version of the FX 3600M,0,0,0,0,0,0,0,0,0.0,0,1250.0,0.0,0.0,0.0,0,0,0,0.0,0.0,0,0,0,0,0,0,0,0,0,0,0,0,0,0,0,0,0,0.0,0,0,0,0,0,0,0,0,0,0,0,0,0,0,0,0,0,0,0,0,0,0,0,0,0,0,0,0,0,0,0,0
Quadro FX 370M,2008-08-15,G98M,65,0,0,PCIe 1.0 x16,550,1200,8:4:4,0,0,0,0,256,9.6,GDDR3,64,0,10.0,3.3,0,0,0,2.2,2.2,33.6,20,0,0,0,0,0,0,0,0,0,0,0,0,0,0,0,0,0,0,0,0,0.0,0,0.0,0,0,0,0,0,0,0,0.0,0,0,0,0.0,0,0,0,0.0,0.0,0,0,0,0,0.0,0,0.0,0.0,0,0,0,0,0,0,0,0,0,0,0,0,0,0,0.0,0,1400.0,0.0,0.0,0.0,0,0,0,0.0,0.0,0,0,0,0,0,0,0,0,0,0,0,0,0,0,0,0,0,0.0,0,0,0,0,0,0,0,0,0,0,0,0,0,0,0,0,0,0,0,0,0,0,0,0,0,0,0,0,0,0,0,0
Quadro FX 570M,2007-06-01,G84M,80,0,0,PCIe 1.0 x16,475,1400,32:16:8,0,0,0,0,512,22.4,GDDR3,128,0,10.0,3.3,0,0,0,3.8,7.6,91.2,45,0,0,0,0,0,0,0,0,0,0,0,0,0,0,0,0,0,0,0,0,0.0,0,0.0,0,0,0,0,0,0,0,0.0,0,0,0,0.0,0,0,0,0.0,0.0,0,0,0,0,0.0,0,0.0,0.0,0,0,0,0,0,0,0,0,0,0,0,0,0,0,0.0,0,950.0,0.0,0.0,0.0,0,0,0,0.0,0.0,0,0,0,0,0,0,0,0,0,0,0,0,0,0,0,0,0,0.0,0,0,0,0,0,0,0,0,0,0,0,0,0,0,0,0,0,0,0,0,0,0,0,0,0,0,0,0,0,0,0,0
Quadro FX 770M,2008-08-14,G96M,65,0,0,PCIe 1.0 x16,500,1600,32:16:8,0,0,0,0,512,25.6,GDDR3,128,0,10.0,3.3,0,0,0,4.0,8.0,119.0,35,0,0,0,0,0,0,0,0,0,0,0,0,0,0,0,0,0,0,0,0,0.0,0,0.0,0,0,0,0,0,0,0,0.0,0,0,0,0.0,0,0,0,0.0,0.0,0,0,0,0,0.0,0,0.0,0.0,0,0,0,0,0,0,0,0,0,0,0,0,0,0,0.0,0,1250.0,0.0,0.0,0.0,0,0,0,0.0,0.0,0,0,0,0,0,0,0,0,0,0,0,0,0,0,0,0,0,0.0,0,0,0,0,0,0,0,0,0,0,0,0,0,0,0,0,0,0,0,0,0,0,0,0,0,0,0,0,0,0,0,0
Quadro FX 1700M,2008-10-01,G96M,65,0,0,PCIe 1.0 x16,625,1600,32:16:8,0,0,0,0,512,25.6,GDDR3,128,0,10.0,3.3,0,0,0,5.0,10.0,148.8,50,0,0,0,0,0,0,0,0,0,0,0,0,0,0,0,0,0,0,0,0,0.0,0,0.0,0,0,0,0,0,0,0,0.0,0,0,0,0.0,0,0,0,0.0,0.0,0,0,0,0,0.0,0,0.0,0.0,0,0,0,0,0,0,0,0,0,0,0,0,0,0,0.0,0,1550.0,0.0,0.0,0.0,0,0,0,0.0,0.0,0,0,0,0,0,0,0,0,0,0,0,0,0,0,0,0,0,0.0,0,0,0,0,0,0,0,0,0,0,0,0,0,0,0,0,0,0,0,0,0,0,0,0,0,0,0,0,0,0,0,0
Quadro FX 2700M,2008-08-14,G94M,65,0,0,PCIe 1.0 x16,530,1600,48:24:16,0,0,0,0,512,51.2,GDDR3,256,0,10.0,3.3,0,0,0,8.48,12.72,190.8,65,0,0,0,0,0,0,0,0,0,0,0,0,0,0,0,0,0,0,0,0,0.0,0,0.0,0,0,0,0,0,0,0,0.0,0,0,0,0.0,0,0,0,0.0,0.0,0,0,0,0,0.0,0,0.0,0.0,0,0,0,0,0,0,0,0,0,0,0,0,0,0,0.0,0,1325.0,0.0,0.0,0.0,0,0,0,0.0,0.0,0,0,0,0,0,0,0,0,0,0,0,0,0,0,0,0,0,0.0,0,0,0,0,0,0,0,0,0,0,0,0,0,0,0,0,0,0,0,0,0,0,0,0,0,0,0,0,0,0,0,0
Quadro FX 3700M,2008-08-14,G92M,65,0,0,PCIe 1.0 x16,530,1600,128:64:16,0,0,0,0,1024,51.2,GDDR3,256,0,10.0,3.3,0,0,0,8.8,35.2,528.0,75,0,0,0,0,0,0,0,0,0,0,0,0,0,0,0,0,0,0,0,0,0.0,0,0.0,0,0,0,0,0,0,0,0.0,0,0,0,0.0,0,0,0,0.0,0.0,0,0,0,0,0.0,0,0.0,0.0,0,0,0,0,0,0,0,0,0,0,0,0,0,0,0.0,0,1375.0,0.0,0.0,0.0,0,0,0,0.0,0.0,0,0,0,0,0,0,0,0,0,0,0,0,0,0,0,0,0,0.0,0,0,0,0,0,0,0,0,0,0,0,0,0,0,0,0,0,0,0,0,0,0,0,0,0,0,0,0,0,0,0,0
Quadro FX 380M,2010-01-07,GT218M,40,0,0,PCIe 2.0 x16,625,1600,16:8:4,0,0,0,0,512,12.8,GDDR3,64,0,10.1,3.3,0,0,0,2.5,5.0,73.44,25,0,0,0,0,0,0,0,0,0,0,0,0,0,0,0,0,0,0,0,0,0.0,0,0.0,0,0,0,0,0,0,0,0.0,0,0,0,0.0,0,0,0,0.0,0.0,0,0,0,0,0.0,0,0.0,0.0,0,0,0,0,0,0,0,0,0,0,0,0,0,0,0.0,0,1530.0,0.0,0.0,0.0,0,0,0,0.0,0.0,0,0,0,0,0,0,0,0,0,0,0,0,0,0,0,0,0,0.0,0,0,0,0,0,0,0,0,0,0,0,0,0,0,0,0,0,0,0,0,0,0,0,0,0,0,0,0,0,0,0,0
Quadro FX 880M,2010-01-07,GT216M,40,0,0,PCIe 2.0 x16,550,1600,48:16:8,0,0,0,0,1024,25.6,GDDR3,128,0,10.1,3.3,0,0,0,4.4,8.8,174.24,35,0,0,0,0,0,0,0,0,0,0,0,0,0,0,0,0,0,0,0,0,0.0,0,0.0,0,0,0,0,0,0,0,0.0,0,0,0,0.0,0,0,0,0.0,0.0,0,0,0,0,0.0,0,0.0,0.0,0,0,0,0,0,0,0,0,0,0,0,0,0,0,0.0,0,1210.0,0.0,0.0,0.0,0,0,0,0.0,0.0,0,0,0,0,0,0,0,0,0,0,0,0,0,0,0,0,0,0.0,0,0,0,0,0,0,0,0,0,0,0,0,0,0,0,0,0,0,0,0,0,0,0,0,0,0,0,0,0,0,0,0
Quadro FX 1800M,2009-06-15,GT215M,40,0,0,PCIe 2.0 x16,450,16002200,72:24:8,0,0,0,0,1024,25.635.2,GDDR3GDDR5,128,0,10.1,3.3,0,0,0,3.6,10.8,233.28,45,0,0,0,0,0,0,0,0,0,0,0,0,0,0,0,0,0,0,0,0,0.0,0,0.0,0,0,0,0,0,0,0,0.0,0,0,0,0.0,0,0,0,0.0,0.0,0,0,0,0,0.0,0,0.0,0.0,0,0,0,0,0,0,0,0,0,0,0,0,0,0,0.0,0,1080.0,0.0,0.0,0.0,0,0,0,0.0,0.0,0,0,0,0,0,0,0,0,0,0,0,0,0,0,0,0,0,0.0,0,0,0,0,0,0,0,0,0,0,0,0,0,0,0,0,0,0,0,0,0,0,0,0,0,0,0,0,0,0,0,0
Quadro FX 2800M,2009-12-01,G92M,55,0,0,PCIe 2.0 x16,500,2000,96:48:16,0,0,0,0,1024,64,GDDR3,256,0,10.0,3.3,0,0,0,8.0,16.0,360.0,75,0,0,0,0,0,0,0,0,0,0,0,0,0,0,0,0,0,0,0,0,0.0,0,0.0,0,0,0,0,0,0,0,0.0,0,0,0,0.0,0,0,0,0.0,0.0,0,0,0,0,0.0,0,0.0,0.0,0,0,0,0,0,0,0,0,0,0,0,0,0,0,0.0,0,1250.0,0.0,0.0,0.0,0,0,0,0.0,0.0,0,0,0,0,0,0,0,0,0,0,0,0,0,0,0,0,0,0.0,0,0,0,0,0,0,0,0,0,0,0,0,0,0,0,0,0,0,0,0,0,0,0,0,0,0,0,0,0,0,0,0
Quadro FX 3800M,2008-08-14,G92M,55,0,0,PCIe 2.0 x16,675,2000,128:64:16,0,0,0,0,1024,64,GDDR3,256,0,10.0,3.3,0,0,0,10.8,43.2,648.192,100,0,0,0,0,0,0,0,0,0,0,0,0,0,0,0,0,0,0,0,0,0.0,0,0.0,0,0,0,0,0,0,0,0.0,0,0,0,0.0,0,0,0,0.0,0.0,0,0,0,0,0.0,0,0.0,0.0,0,0,0,0,0,0,0,0,0,0,0,0,0,0,0.0,0,1688.0,0.0,0.0,0.0,0,0,0,0.0,0.0,0,0,0,0,0,0,0,0,0,0,0,0,0,0,0,0,0,0.0,0,0,0,0,0,0,0,0,0,0,0,0,0,0,0,0,0,0,0,0,0,0,0,0,0,0,0,0,0,0,0,0
Quadro 500M,2011-02-22,GF108,40,0,0,PCIe 2.0 x16,700,1800,96:16:4,0,0,0,0,1024,28.8,DDR3,128,0,11.0,4.5,0,0,0,2.8,11.2,268.8,35,0,0,0,0,0,0,0,0,0,0,0,0,0,0,0,0,0,0,0,0,0.0,0,0.0,0,0,0,0,0,0,0,0.0,0,0,0,0.0,0,0,0,0.0,0.0,0,0,0,0,0.0,0,0.0,0.0,0,0,0,0,0,0,0,0,0,0,0,0,0,0,0.0,0,1400.0,0.0,0.0,0.0,0,0,0,0.0,0.0,0,0,0,0,0,0,0,0,0,0,0,0,0,0,0,0,0,0.0,0,0,0,0,0,0,0,0,0,0,0,0,0,0,0,0,0,0,0,0,0,0,0,0,0,0,0,0,0,0,0,0
Quadro 1000M,2011-01-13,GF108,40,0,0,PCIe 2.0 x16,700,1800,96:16:4,0,0,0,0,2048,28.8,DDR3,128,0,11.0,4.5,0,0,0,2.8,11.2,268.8,45,0,0,0,0,0,0,0,0,0,0,0,0,0,0,0,0,0,0,0,0,0.0,0,0.0,0,0,0,0,0,0,0,0.0,0,0,0,0.0,0,0,0,0.0,0.0,0,0,0,0,0.0,0,0.0,0.0,0,0,0,0,0,Dell Precision M4600,0,0,0,0,0,0,0,0,0.0,0,1400.0,0.0,0.0,0.0,0,0,0,0.0,0.0,0,0,0,0,0,0,0,0,0,0,0,0,0,0,0,0,0,0.0,0,0,0,0,0,0,0,0,0,0,0,0,0,0,0,0,0,0,0,0,0,0,0,0,0,0,0,0,0,0,0,0
Quadro 2000M,2011-01-13,GF106,40,0,0,PCIe 2.0 x16,550,1800,192:32:16,0,0,0,0,2048,28.8,DDR3,128,0,11.0,4.5,0,0,0,8.8,17.6,422.4,55,0,0,0,0,0,0,0,0,0,0,0,0,0,0,0,0,0,0,0,0,0.0,0,0.0,0,0,0,0,0,0,0,0.0,0,0,0,0.0,0,0,0,0.0,0.0,0,0,0,0,0.0,0,0.0,0.0,0,0,0,0,0,Dell Precision M4600,0,0,0,0,0,0,0,0,0.0,0,1100.0,0.0,0.0,0.0,0,0,0,0.0,0.0,0,0,0,0,0,0,0,0,0,0,0,0,0,0,0,0,0,0.0,0,0,0,0,0,0,0,0,0,0,0,0,0,0,0,0,0,0,0,0,0,0,0,0,0,0,0,0,0,0,0,0
Quadro 3000M,2011-02-22,GF104,40,0,0,PCIe 2.0 x16,450,2500,240:40:32,0,0,0,0,2048,80.0,GDDR5,256,0,11.0,4.5,0,0,0,14.4,18.0,432.0,75,0,0,0,0,0,0,0,0,0,0,0,0,0,0,0,0,0,0,0,0,0.0,0,0.0,0,0,0,0,0,0,0,0.0,0,0,0,0.0,0,0,0,0.0,0.0,0,0,0,0,0.0,0,0.0,0.0,0,0,0,0,0,Dell Precision M6600,0,0,0,0,0,0,0,0,0.0,0,900.0,0.0,0.0,0.0,0,0,0,0.0,0.0,0,0,0,0,0,0,0,0,0,0,0,0,0,0,0,0,0,0.0,0,0,0,0,0,0,0,0,0,0,0,0,0,0,0,0,0,0,0,0,0,0,0,0,0,0,0,0,0,0,0,0
Quadro 4000M,2011-02-22,GF104,40,0,0,PCIe 2.0 x16,475,2500,336:56:32,0,0,0,0,2048,80.0,GDDR5,256,0,11.0,4.5,0,0,0,15.2,26.6,638.4,100,0,0,0,0,0,0,0,0,0,0,0,0,0,0,0,0,0,0,0,0,0.0,0,0.0,0,0,0,0,0,0,0,0.0,0,0,0,0.0,0,0,0,0.0,0.0,0,0,0,0,0.0,0,0.0,0.0,0,0,0,0,0,Dell Precision M6600,0,0,0,0,0,0,0,0,0.0,0,950.0,0.0,0.0,0.0,0,0,0,0.0,0.0,0,0,0,0,0,0,0,0,0,0,0,0,0,0,0,0,0,0.0,0,0,0,0,0,0,0,0,0,0,0,0,0,0,0,0,0,0,0,0,0,0,0,0,0,0,0,0,0,0,0,0
Quadro 5000M,2010-07-27,GF100,40,0,0,PCIe 2.0 x16,405,2400,320:40:32,0,0,0,0,2048,76.8,GDDR5,256,0,11.0,4.5,0,0,0,12.96,16.2,518.4,100,0,0,0,0,0,0,0,0,0,0,0,0,0,0,0,0,0,0,0,0,0.0,0,0.0,0,0,0,0,0,0,0,0.0,0,0,0,0.0,0,0,0,0.0,0.0,0,0,0,0,0.0,0,0.0,0.0,0,0,0,0,0,Dell Precision M6500,0,0,0,0,0,0,0,0,0.0,0,810.0,0.0,0.0,0.0,0,0,0,0.0,0.0,0,0,0,0,0,0,0,0,0,0,0,0,0,0,0,0,0,0.0,0,0,Fermi,0,0,0,0,0.0,0,0,0,0.0,0,0,0.0,0,0,1030.4,515.2,0,0,0,0,1× GF100,0,448,1150,—,No,2.0,0,GF100
Quadro 5000M,2010-07-27,GF100,40,0,0,PCIe 2.0 x16,405,2400,320:40:32,0,0,0,0,2048,76.8,GDDR5,256,0,11.0,4.5,0,0,0,12.96,16.2,518.4,100,0,0,0,0,0,0,0,0,0,0,0,0,0,0,0,0,0,0,0,0,0.0,0,0.0,0,0,0,0,0,0,0,0.0,0,0,0,0.0,0,0,0,0.0,0.0,0,0,0,0,0.0,0,0.0,0.0,0,0,0,0,0,Dell Precision M6500,0,0,0,0,0,0,0,0,0.0,0,810.0,0.0,0.0,0.0,0,0,0,0.0,0.0,0,0,0,0,0,0,0,0,0,0,0,0,0,0,0,0,0,0.0,0,0,Fermi,0,0,0,0,0.0,0,0,0,0.0,0,0,0.0,0,0,1030.4,515.2,0,0,0,0,1× GF100,0,448,1150,—,No,2.0,0,GF100
Quadro 5000M,2010-07-27,GF100,40,0,0,PCIe 2.0 x16,405,2400,320:40:32,0,0,0,0,2048,76.8,GDDR5,256,0,11.0,4.5,0,0,0,12.96,16.2,518.4,100,0,0,0,0,0,0,0,0,0,0,0,0,0,0,0,0,0,0,0,0,0.0,0,0.0,0,0,0,0,0,0,0,0.0,0,0,0,0.0,0,0,0,0.0,0.0,0,0,0,0,0.0,0,0.0,0.0,0,0,0,0,0,Dell Precision M6500,0,0,0,0,0,0,0,0,0.0,0,810.0,0.0,0.0,0.0,0,0,0,0.0,0.0,0,0,0,0,0,0,0,0,0,0,0,0,0,0,0,0,0,0.0,0,0,Fermi,0,0,0,0,0.0,0,0,0,0.0,0,0,0.0,0,0,1030.4,515.2,0,0,0,0,1× GF100,0,448,1150,—,No,2.0,0,GF100
Quadro 5000M,2010-07-27,GF100,40,0,0,PCIe 2.0 x16,405,2400,320:40:32,0,0,0,0,2048,76.8,GDDR5,256,0,11.0,4.5,0,0,0,12.96,16.2,518.4,100,0,0,0,0,0,0,0,0,0,0,0,0,0,0,0,0,0,0,0,0,0.0,0,0.0,0,0,0,0,0,0,0,0.0,0,0,0,0.0,0,0,0,0.0,0.0,0,0,0,0,0.0,0,0.0,0.0,0,0,0,0,0,Dell Precision M6500,0,0,0,0,0,0,0,0,0.0,0,810.0,0.0,0.0,0.0,0,0,0,0.0,0.0,0,0,0,0,0,0,0,0,0,0,0,0,0,0,0,0,0,0.0,0,0,Fermi,0,0,0,0,0.0,0,0,0,0.0,0,0,0.0,0,0,1030.4,515.2,0,0,0,0,1× GF100,0,448,1150,—,No,2.0,0,GF100
Quadro 5000M,2010-07-27,GF100,40,0,0,PCIe 2.0 x16,405,2400,320:40:32,0,0,0,0,2048,76.8,GDDR5,256,0,11.0,4.5,0,0,0,12.96,16.2,518.4,100,0,0,0,0,0,0,0,0,0,0,0,0,0,0,0,0,0,0,0,0,0.0,0,0.0,0,0,0,0,0,0,0,0.0,0,0,0,0.0,0,0,0,0.0,0.0,0,0,0,0,0.0,0,0.0,0.0,0,0,0,0,0,Dell Precision M6500,0,0,0,0,0,0,0,0,0.0,0,810.0,0.0,0.0,0.0,0,0,0,0.0,0.0,0,0,0,0,0,0,0,0,0,0,0,0,0,0,0,0,0,0.0,0,0,Fermi,0,0,0,0,0.0,0,0,0,0.0,0,0,0.0,0,0,1030.4,515.2,0,0,0,0,1× GF100,0,448,1150,—,No,2.0,0,GF100
Quadro 5000M,2010-07-27,GF100,40,0,0,PCIe 2.0 x16,405,2400,320:40:32,0,0,0,0,2048,76.8,GDDR5,256,0,11.0,4.5,0,0,0,12.96,16.2,518.4,100,0,0,0,0,0,0,0,0,0,0,0,0,0,0,0,0,0,0,0,0,0.0,0,0.0,0,0,0,0,0,0,0,0.0,0,0,0,0.0,0,0,0,0.0,0.0,0,0,0,0,0.0,0,0.0,0.0,0,0,0,0,0,Dell Precision M6500,0,0,0,0,0,0,0,0,0.0,0,810.0,0.0,0.0,0.0,0,0,0,0.0,0.0,0,0,0,0,0,0,0,0,0,0,0,0,0,0,0,0,0,0.0,0,0,Fermi,0,0,0,0,0.0,0,0,0,0.0,0,0,0.0,0,0,4121.6,2060.8,0,0,0,0,4× GF100,0,1792,1150,—,No,2.0,0,GF100
Quadro 5000M,2010-07-27,GF100,40,0,0,PCIe 2.0 x16,405,2400,320:40:32,0,0,0,0,2048,76.8,GDDR5,256,0,11.0,4.5,0,0,0,12.96,16.2,518.4,100,0,0,0,0,0,0,0,0,0,0,0,0,0,0,0,0,0,0,0,0,0.0,0,0.0,0,0,0,0,0,0,0,0.0,0,0,0,0.0,0,0,0,0.0,0.0,0,0,0,0,0.0,0,0.0,0.0,0,0,0,0,0,Dell Precision M6500,0,0,0,0,0,0,0,0,0.0,0,810.0,0.0,0.0,0.0,0,0,0,0.0,0.0,0,0,0,0,0,0,0,0,0,0,0,0,0,0,0,0,0,0.0,0,0,Fermi,0,0,0,0,0.0,0,0,0,0.0,0,0,0.0,0,0,4121.6,2060.8,0,0,0,0,4× GF100,0,1792,1150,—,No,2.0,0,GF100
Quadro 5010M,2011-02-22,GF110,40,0,0,PCIe 2.0 x16,450,2600,384:48:32,0,0,0,0,4096,83.2,GDDR5,256,0,11.0,4.5,0,0,0,14.4,21.6,691.2,100,0,0,0,0,0,0,0,0,0,0,0,0,0,0,0,0,0,0,0,0,0.0,0,0.0,0,0,0,0,0,0,0,0.0,0,0,0,0.0,0,0,0,0.0,0.0,0,0,0,0,0.0,0,0.0,0.0,0,0,0,0,0,Dell Precision M6600,0,0,0,0,0,0,0,0,0.0,0,900.0,0.0,0.0,0.0,0,0,0,0.0,0.0,0,0,0,0,0,0,0,0,0,0,0,0,0,0,0,0,0,0.0,0,0,Fermi,0,0,0,0,0.0,0,0,0,0.0,0,0,0.0,0,0,1331.2,665.6,0,0,0,0,1× GF110,0,512,1300,—,No,2.0,0,GF110
Quadro K500M,2012-06-01,GK107,28,0,0,PCIe 3.0 x16,850,1600,192:16:8,0,0,0,0,1024,12.8,DDR3,64,0,11.0,4.5,0,0,0,6.8,13.6,326.4,35,0,0,0,0,0,0,0,0,0,0,0,0,0,0,0,0,0,0,0,0,0.0,0,0.0,0,0,0,0,0,0,0,0.0,0,0,0,0.0,0,0,0,0.0,0.0,0,0,0,0,0.0,0,0.0,0.0,0,0,0,0,0,0,0,0,0,0,0,0,0,0,0.0,0,850.0,0.0,0.0,0.0,0,0,Yes,0.0,0.0,0,0,0,0,0,0,0,0,0,0,0,0,0,0,0,0,0,0.0,0,0,Kepler,0,0,0,PCIe 3.0 x16,0.0,0,0,0,0.0,0,0,0.0,0,0,0,0,0,0,0,0,4x GK107,4x 192,0,0,0,0,0,0,GK107
Quadro K500M,2012-06-01,GK107,28,0,0,PCIe 3.0 x16,850,1600,192:16:8,0,0,0,0,1024,12.8,DDR3,64,0,11.0,4.5,0,0,0,6.8,13.6,326.4,35,0,0,0,0,0,0,0,0,0,0,0,0,0,0,0,0,0,0,0,0,0.0,0,0.0,0,0,0,0,0,0,0,0.0,0,0,0,0.0,0,0,0,0.0,0.0,0,0,0,0,0.0,0,0.0,0.0,0,0,0,0,0,0,0,0,0,0,0,0,0,0,0.0,0,850.0,0.0,0.0,0.0,0,0,Yes,0.0,0.0,0,0,0,0,0,0,0,0,0,0,0,0,0,0,0,0,0,0.0,0,0,Kepler,0,0,0,PCIe 3.0 x16,0.0,0,0,0,0.0,0,0,0.0,0,0,0,0,0,0,0,0,4x GK107,4x 384,0,0,0,0,0,0,GK107
Quadro K1000M,2012-06-01,GK107,28,0,0,PCIe 3.0 x16,850,1800,192:16:16,0,0,0,0,2048,28.8,DDR3,128,0,11.0,4.5,0,0,0,13.6,13.6,326.4,45,0,0,0,0,0,0,0,0,0,0,0,0,0,0,0,0,0,0,0,0,0.0,0,0.0,0,0,0,0,0,0,0,0.0,0,0,0,0.0,0,0,0,0.0,0.0,0,0,0,0,0.0,0,0.0,0.0,0,0,0,0,0,Dell Precision M4700,0,0,0,0,0,0,0,0,0.0,0,850.0,0.0,0.0,0.0,0,0,Yes,0.0,0.0,0,0,0,0,0,0,0,0,0,0,0,0,0,0,0,0,0,0.0,0,0,Kepler,0,0,0,PCIe 3.0 x16,0.0,0,0,0,0.0,0,0,0.0,0,0,0,0,0,0,0,0,4x GK107,4x 192,0,0,0,0,0,0,GK107
Quadro K1000M,2012-06-01,GK107,28,0,0,PCIe 3.0 x16,850,1800,192:16:16,0,0,0,0,2048,28.8,DDR3,128,0,11.0,4.5,0,0,0,13.6,13.6,326.4,45,0,0,0,0,0,0,0,0,0,0,0,0,0,0,0,0,0,0,0,0,0.0,0,0.0,0,0,0,0,0,0,0,0.0,0,0,0,0.0,0,0,0,0.0,0.0,0,0,0,0,0.0,0,0.0,0.0,0,0,0,0,0,Dell Precision M4700,0,0,0,0,0,0,0,0,0.0,0,850.0,0.0,0.0,0.0,0,0,Yes,0.0,0.0,0,0,0,0,0,0,0,0,0,0,0,0,0,0,0,0,0,0.0,0,0,Kepler,0,0,0,PCIe 3.0 x16,0.0,0,0,0,0.0,0,0,0.0,0,0,0,0,0,0,0,0,4x GK107,4x 384,0,0,0,0,0,0,GK107
Quadro K2000M,2012-06-01,GK107,28,0,0,PCIe 3.0 x16,745,1800,384:32:16,0,0,0,0,2048,28.8,DDR3,128,0,11.0,4.5,0,0,0,11.92,23.84,572.16,55,0,0,0,0,0,0,0,0,0,0,0,0,0,0,0,0,0,0,0,0,0.0,0,0.0,0,0,0,0,0,0,0,0.0,0,0,0,0.0,0,0,0,0.0,0.0,0,0,0,0,0.0,0,0.0,0.0,0,0,0,0,0,Dell Precision M4700,0,0,0,0,0,0,0,0,0.0,0,745.0,0.0,0.0,0.0,0,0,Yes,0.0,0.0,0,0,0,0,0,0,0,0,0,0,0,0,0,0,0,0,0,0.0,0,0,Kepler,0,0,0,PCIe 3.0 x16,0.0,0,0,0,0.0,0,0,0.0,0,0,0,0,0,0,0,0,4x GK107,4x 192,0,0,0,0,0,0,GK107
Quadro K2000M,2012-06-01,GK107,28,0,0,PCIe 3.0 x16,745,1800,384:32:16,0,0,0,0,2048,28.8,DDR3,128,0,11.0,4.5,0,0,0,11.92,23.84,572.16,55,0,0,0,0,0,0,0,0,0,0,0,0,0,0,0,0,0,0,0,0,0.0,0,0.0,0,0,0,0,0,0,0,0.0,0,0,0,0.0,0,0,0,0.0,0.0,0,0,0,0,0.0,0,0.0,0.0,0,0,0,0,0,Dell Precision M4700,0,0,0,0,0,0,0,0,0.0,0,745.0,0.0,0.0,0.0,0,0,Yes,0.0,0.0,0,0,0,0,0,0,0,0,0,0,0,0,0,0,0,0,0,0.0,0,0,Kepler,0,0,0,PCIe 3.0 x16,0.0,0,0,0,0.0,0,0,0.0,0,0,0,0,0,0,0,0,4x GK107,4x 384,0,0,0,0,0,0,GK107
Quadro K3000M,2012-06-01,GK104,28,0,0,PCIe 3.0 x16,654,2800,576:48:32,0,0,0,0,2048,89.6,GDDR5,256,0,11.0,4.5,0,0,0,20.93,31.39,753.41,75,0,0,0,0,0,0,0,0,0,0,0,0,0,0,0,0,0,0,0,0,0.0,0,0.0,0,0,0,0,0,0,0,0.0,0,0,0,0.0,0,0,0,0.0,0.0,0,0,0,0,0.0,0,0.0,0.0,0,0,0,0,0,Dell Precision M6700,0,0,0,0,0,0,0,0,0.0,0,654.0,0.0,0.0,0.0,0,0,Yes,0.0,0.0,0,0,0,0,0,0,0,0,0,0,0,0,0,0,0,0,0,0.0,0,0,Kepler,0,0,0,PCIe 3.0 x16,0.0,0,0,0,0.0,0,0,0.0,0,0,0,0,0,0,0,0,2x GK104,2x 1536,0,0,0,0,0,0,GK104
Quadro K3000M,2012-06-01,GK104,28,0,0,PCIe 3.0 x16,654,2800,576:48:32,0,0,0,0,2048,89.6,GDDR5,256,0,11.0,4.5,0,0,0,20.93,31.39,753.41,75,0,0,0,0,0,0,0,0,0,0,0,0,0,0,0,0,0,0,0,0,0.0,0,0.0,0,0,0,0,0,0,0,0.0,0,0,0,0.0,0,0,0,0.0,0.0,0,0,0,0,0.0,0,0.0,0.0,0,0,0,0,0,Dell Precision M6700,0,0,0,0,0,0,0,0,0.0,0,654.0,0.0,0.0,0.0,0,0,Yes,0.0,0.0,0,0,0,0,0,0,0,0,0,0,0,0,0,0,0,0,0,0.0,0,0,Kepler,0,0,0,0,0.0,0,0,0,0.0,0,0,0.0,0,0,4577,190.7,0,0,0,0,2× GK104,0,3072,745,?,No,3.0,0,GK104
Quadro K4000M,2012-06-01,GK104,28,0,0,PCIe 3.0 x16,600,2800,960:80:32,0,0,0,0,4096,89.6,GDDR5,256,0,11.0,4.5,0,0,0,19.2,48.0,1152.0,100,0,0,0,0,0,0,0,0,0,0,0,0,0,0,0,0,0,0,0,0,0.0,0,0.0,0,0,0,0,0,0,0,0.0,0,0,0,0.0,0,0,0,0.0,0.0,0,0,0,0,0.0,0,0.0,0.0,0,0,0,0,0,Dell Precision M6700,0,0,0,0,0,0,0,0,0.0,0,600.0,0.0,0.0,0.0,0,0,Yes,0.0,0.0,0,0,0,0,0,0,0,0,0,0,0,0,0,0,0,0,0,0.0,0,0,Kepler,0,0,0,PCIe 3.0 x16,0.0,0,0,0,0.0,0,0,0.0,0,0,0,0,0,0,0,0,2x GK104,2x 1536,0,0,0,0,0,0,GK104
Quadro K4000M,2012-06-01,GK104,28,0,0,PCIe 3.0 x16,600,2800,960:80:32,0,0,0,0,4096,89.6,GDDR5,256,0,11.0,4.5,0,0,0,19.2,48.0,1152.0,100,0,0,0,0,0,0,0,0,0,0,0,0,0,0,0,0,0,0,0,0,0.0,0,0.0,0,0,0,0,0,0,0,0.0,0,0,0,0.0,0,0,0,0.0,0.0,0,0,0,0,0.0,0,0.0,0.0,0,0,0,0,0,Dell Precision M6700,0,0,0,0,0,0,0,0,0.0,0,600.0,0.0,0.0,0.0,0,0,Yes,0.0,0.0,0,0,0,0,0,0,0,0,0,0,0,0,0,0,0,0,0,0.0,0,0,Kepler,0,0,0,0,0.0,0,0,0,0.0,0,0,0.0,0,0,4577,190.7,0,0,0,0,2× GK104,0,3072,745,?,No,3.0,0,GK104
Quadro K5000M,2012-08-07,GK104,28,0,0,PCIe 3.0 x16,706,3000,1344:112:32,0,0,0,0,4096,96.0,GDDR5,256,0,11.0,4.5,0,0,0,22.59,79.07,1897.73,100,0,0,0,0,0,0,0,0,0,0,0,0,0,0,0,0,0,0,0,0,0.0,0,0.0,0,0,0,0,0,0,0,0.0,0,0,0,0.0,0,0,0,0.0,0.0,0,0,0,0,0.0,0,0.0,0.0,0,0,0,0,0,Dell Precision M6700,0,0,0,0,0,0,0,0,0.0,0,706.0,0.0,0.0,0.0,0,0,Yes,0.0,0.0,0,0,0,0,0,0,0,0,0,0,0,0,0,0,0,0,0,0.0,0,0,Kepler,0,0,0,PCIe 3.0 x16,0.0,0,0,0,0.0,0,0,0.0,0,0,0,0,0,0,0,0,2x GK104,2x 1536,0,0,0,0,0,0,GK104
Quadro K5000M,2012-08-07,GK104,28,0,0,PCIe 3.0 x16,706,3000,1344:112:32,0,0,0,0,4096,96.0,GDDR5,256,0,11.0,4.5,0,0,0,22.59,79.07,1897.73,100,0,0,0,0,0,0,0,0,0,0,0,0,0,0,0,0,0,0,0,0,0.0,0,0.0,0,0,0,0,0,0,0,0.0,0,0,0,0.0,0,0,0,0.0,0.0,0,0,0,0,0.0,0,0.0,0.0,0,0,0,0,0,Dell Precision M6700,0,0,0,0,0,0,0,0,0.0,0,706.0,0.0,0.0,0.0,0,0,Yes,0.0,0.0,0,0,0,0,0,0,0,0,0,0,0,0,0,0,0,0,0,0.0,0,0,Kepler,0,0,0,0,0.0,0,0,0,0.0,0,0,0.0,0,0,4577,190.7,0,0,0,0,2× GK104,0,3072,745,?,No,3.0,0,GK104
Quadro K510M,2013-07-23,GK208,28,0,0,PCIe 3.0 x8,850,1200(2400),192:16:8(1 SMX),0,0,0,0,1024,19.2,GDDR5,64,0,11.0,4.5,0,0,0,6.8,13.6,326.4,30,0,0,0,0,0,0,0,0,0,0,0,0,0,0,0,0,0,0,0,0,0.0,0,0.0,0,0,0,0,0,0,0,0.0,0,0,0,0.0,0,0,0,0.0,0.0,0,0,0,0,0.0,0,0.0,0.0,0,0,0,0,0,0,0,0,0,0,0,0,0,0,0.0,0,850.0,0.0,0.0,0.0,0,0,Yes,0.0,0.0,0,0,0,0,0,0,0,0,0,0,0,0,0,0,0,0,0,0.0,0,0,0,0,0,0,0,0,0,0,0,0,0,0,0,0,0,0,0,0,0,0,0,0,0,0,0,0,0,0,0,0
Quadro K610M,2013-07-23,GK208,28,0,0,PCIe 3.0 x16,980,1300(2600),192:16:8(1 SMX),0,0,0,0,1024,20.8,GDDR5,64,0,11.0,4.5,0,0,0,7.84,15.68,376.32,30,0,0,0,0,0,0,0,0,0,0,0,0,0,0,0,0,0,0,0,0,0.0,0,0.0,0,0,0,0,0,0,0,0.0,0,0,0,0.0,0,0,0,0.0,0.0,0,0,0,0,0.0,0,0.0,0.0,0,0,0,0,0,0,0,0,0,0,0,0,0,0,0.0,0,980.0,0.0,0.0,0.0,0,0,Yes,0.0,0.0,0,0,0,0,0,0,0,0,0,0,0,0,0,0,0,0,0,0.0,0,0,0,0,0,0,0,0,0,0,0,0,0,0,0,0,0,0,0,0,0,0,0,0,0,0,0,0,0,0,0,0
Quadro K1100M,2013-07-23,GK107,28,0,0,PCIe 3.0 x16,716,1400(2800),384:32:16(2 SMX),0,0,0,0,2048,44.8,GDDR5,128,0,11.0,4.5,0,0,0,11.45,22.91,549.89,45,0,0,0,0,0,0,0,0,0,0,0,0,0,0,0,0,0,0,0,0,0.0,0,0.0,0,0,0,0,0,0,0,0.0,0,0,0,0.0,0,0,0,0.0,0.0,0,0,0,0,0.0,0,0.0,0.0,0,0,0,0,0,Dell Precision M3800 and M4800,0,0,0,0,0,0,0,0,0.0,0,716.0,0.0,0.0,0.0,0,0,Yes,0.0,0.0,0,0,0,0,0,0,0,0,0,0,0,0,0,0,0,0,0,0.0,0,0,Kepler,0,0,0,PCIe 3.0 x16,0.0,0,0,0,0.0,0,0,0.0,0,0,0,0,0,0,0,0,4x GK107,4x 192,0,0,0,0,0,0,GK107
Quadro K1100M,2013-07-23,GK107,28,0,0,PCIe 3.0 x16,716,1400(2800),384:32:16(2 SMX),0,0,0,0,2048,44.8,GDDR5,128,0,11.0,4.5,0,0,0,11.45,22.91,549.89,45,0,0,0,0,0,0,0,0,0,0,0,0,0,0,0,0,0,0,0,0,0.0,0,0.0,0,0,0,0,0,0,0,0.0,0,0,0,0.0,0,0,0,0.0,0.0,0,0,0,0,0.0,0,0.0,0.0,0,0,0,0,0,Dell Precision M3800 and M4800,0,0,0,0,0,0,0,0,0.0,0,716.0,0.0,0.0,0.0,0,0,Yes,0.0,0.0,0,0,0,0,0,0,0,0,0,0,0,0,0,0,0,0,0,0.0,0,0,Kepler,0,0,0,PCIe 3.0 x16,0.0,0,0,0,0.0,0,0,0.0,0,0,0,0,0,0,0,0,4x GK107,4x 384,0,0,0,0,0,0,GK107
Quadro K2100M,2013-07-23,GK106,28,0,0,PCIe 3.0 x16,654,1500(3000),576:48:16(3 SMX),0,0,0,0,2048,48.0,GDDR5,128,0,11.0,4.5,0,0,0,10.46,31.39,753.41,55,0,0,0,0,0,0,0,0,0,0,0,0,0,0,0,0,0,0,0,0,0.0,0,0.0,0,0,0,0,0,0,0,0.0,0,0,0,0.0,0,0,0,0.0,0.0,0,0,0,0,0.0,0,0.0,0.0,0,0,0,0,0,Dell Precision M4800,0,0,0,0,0,0,0,0,0.0,0,654.0,0.0,0.0,0.0,0,0,Yes,0.0,0.0,0,0,0,0,0,0,0,0,0,0,0,0,0,0,0,0,0,0.0,0,0,0,0,0,0,0,0,0,0,0,0,0,0,0,0,0,0,0,0,0,0,0,0,0,0,0,0,0,0,0,0
Quadro K3100M,2013-07-23,GK104,28,0,0,PCIe 3.0 x16,680,800(3200),768:64:32(4 SMX),0,0,0,0,4096,102.4,GDDR5,256,0,11.0,4.5,0,0,0,21.76,43.52,1044.48,75,0,0,0,0,0,0,0,0,0,0,0,0,0,0,0,0,0,0,0,0,0.0,0,0.0,0,0,0,0,0,0,0,0.0,0,0,0,0.0,0,0,0,0.0,0.0,0,0,0,0,0.0,0,0.0,0.0,0,0,0,0,0,Dell Precision M6800,0,0,0,0,0,0,0,0,0.0,0,680.0,0.0,0.0,0.0,0,0,Yes,0.0,0.0,0,0,0,0,0,0,0,0,0,0,0,0,0,0,0,0,0,0.0,0,0,Kepler,0,0,0,PCIe 3.0 x16,0.0,0,0,0,0.0,0,0,0.0,0,0,0,0,0,0,0,0,2x GK104,2x 1536,0,0,0,0,0,0,GK104
Quadro K3100M,2013-07-23,GK104,28,0,0,PCIe 3.0 x16,680,800(3200),768:64:32(4 SMX),0,0,0,0,4096,102.4,GDDR5,256,0,11.0,4.5,0,0,0,21.76,43.52,1044.48,75,0,0,0,0,0,0,0,0,0,0,0,0,0,0,0,0,0,0,0,0,0.0,0,0.0,0,0,0,0,0,0,0,0.0,0,0,0,0.0,0,0,0,0.0,0.0,0,0,0,0,0.0,0,0.0,0.0,0,0,0,0,0,Dell Precision M6800,0,0,0,0,0,0,0,0,0.0,0,680.0,0.0,0.0,0.0,0,0,Yes,0.0,0.0,0,0,0,0,0,0,0,0,0,0,0,0,0,0,0,0,0,0.0,0,0,Kepler,0,0,0,0,0.0,0,0,0,0.0,0,0,0.0,0,0,4577,190.7,0,0,0,0,2× GK104,0,3072,745,?,No,3.0,0,GK104
Quadro K4100M,2013-07-23,GK104,28,0,0,PCIe 3.0 x16,706,800(3200),1152:96:32(6 SMX),0,0,0,0,4096,102.4,GDDR5,256,0,11.0,4.5,0,0,0,22.59,67.77,1626.624,100,0,0,0,0,0,0,0,0,0,0,0,0,0,0,0,0,0,0,0,0,0.0,0,0.0,0,0,0,0,0,0,0,0.0,0,0,0,0.0,0,0,0,0.0,0.0,0,0,0,0,0.0,0,0.0,0.0,0,0,0,0,0,Dell Precision M6800,0,0,0,0,0,0,0,0,0.0,0,706.0,0.0,0.0,0.0,0,0,Yes,0.0,0.0,0,0,0,0,0,0,0,0,0,0,0,0,0,0,0,0,0,0.0,0,0,Kepler,0,0,0,PCIe 3.0 x16,0.0,0,0,0,0.0,0,0,0.0,0,0,0,0,0,0,0,0,2x GK104,2x 1536,0,0,0,0,0,0,GK104
Quadro K4100M,2013-07-23,GK104,28,0,0,PCIe 3.0 x16,706,800(3200),1152:96:32(6 SMX),0,0,0,0,4096,102.4,GDDR5,256,0,11.0,4.5,0,0,0,22.59,67.77,1626.624,100,0,0,0,0,0,0,0,0,0,0,0,0,0,0,0,0,0,0,0,0,0.0,0,0.0,0,0,0,0,0,0,0,0.0,0,0,0,0.0,0,0,0,0.0,0.0,0,0,0,0,0.0,0,0.0,0.0,0,0,0,0,0,Dell Precision M6800,0,0,0,0,0,0,0,0,0.0,0,706.0,0.0,0.0,0.0,0,0,Yes,0.0,0.0,0,0,0,0,0,0,0,0,0,0,0,0,0,0,0,0,0,0.0,0,0,Kepler,0,0,0,0,0.0,0,0,0,0.0,0,0,0.0,0,0,4577,190.7,0,0,0,0,2× GK104,0,3072,745,?,No,3.0,0,GK104
Quadro K5100M,2013-07-23,GK104,28,0,0,PCIe 3.0 x16,771,900(3600),1536:128:32(8 SMX),0,0,0,0,8192,115.2,GDDR5,256,0,11.0,4.5,0,0,0,24.67,98.68,2368.51,100,0,0,0,0,0,0,0,0,0,0,0,0,0,0,0,0,0,0,0,0,0.0,0,0.0,0,0,0,0,0,0,0,0.0,0,0,0,0.0,0,0,0,0.0,0.0,0,0,0,0,0.0,0,0.0,0.0,0,0,0,0,0,Dell Precision M6800,0,0,0,0,0,0,0,0,0.0,0,771.0,0.0,0.0,0.0,0,0,Yes,0.0,0.0,0,0,0,0,0,0,0,0,0,0,0,0,0,0,0,0,0,0.0,0,0,Kepler,0,0,0,PCIe 3.0 x16,0.0,0,0,0,0.0,0,0,0.0,0,0,0,0,0,0,0,0,2x GK104,2x 1536,0,0,0,0,0,0,GK104
Quadro K5100M,2013-07-23,GK104,28,0,0,PCIe 3.0 x16,771,900(3600),1536:128:32(8 SMX),0,0,0,0,8192,115.2,GDDR5,256,0,11.0,4.5,0,0,0,24.67,98.68,2368.51,100,0,0,0,0,0,0,0,0,0,0,0,0,0,0,0,0,0,0,0,0,0.0,0,0.0,0,0,0,0,0,0,0,0.0,0,0,0,0.0,0,0,0,0.0,0.0,0,0,0,0,0.0,0,0.0,0.0,0,0,0,0,0,Dell Precision M6800,0,0,0,0,0,0,0,0,0.0,0,771.0,0.0,0.0,0.0,0,0,Yes,0.0,0.0,0,0,0,0,0,0,0,0,0,0,0,0,0,0,0,0,0,0.0,0,0,Kepler,0,0,0,0,0.0,0,0,0,0.0,0,0,0.0,0,0,4577,190.7,0,0,0,0,2× GK104,0,3072,745,?,No,3.0,0,GK104
Quadro K2200M,2014-07-19,GM107,28,0,0,PCIe 3.0 x16,1150,1253(5012),640:40:16(5 SMM),0,0,0,0,2048,80.2,GDDR5,128,0,12.1,4.5,0,0,0,18.4,46,1472,65,0,0,0,0,0,0,0,0,0,0,46,0,0,0,0,0,0,0,0,0,0.0,0,0.0,0,0,0,0,0,0,0,0.0,0,0,0,0.0,0,0,0,0.0,0.0,0,0,0,0,0.0,0,0.0,0.0,0,0,0,0,0,0,0,0,0,0,0,0,0,0,0.0,0,0.0,1150.0,0.0,0.0,0,0,Yes,0.0,0.0,0,0,0,0,0,0,0,0,0,0,0,0,0,0,0,0,0,0.0,0,0,Maxwell,0,0,0,0,0.0,0,0,0,0.0,0,0,0.0,0,0,5289,165.3,0,0,0,0,4× GM107,0,2560,1033,?,No,5.2,0,GM107
Quadro M500M,2016-04-27,GM108,28,0,0,PCIe 3.0 x16,1029,900 (1800),384:24:8(3 SMM),0,0,0,0,2048,14.4,DDR3,64,0,12.1,4.5,0,0,0,8.992,17.98,863.2,25,0,0,0,0,0,0,0,0,1.0,0,26.98,0,0,0,0,0,0,0,0,0,0.0,0,0.0,0,0,0,0,0,0,0,0.0,0,0,0,0.0,0,0,0,0.0,0.0,0,0,0,0,0.0,0,0.0,0.0,0,0,0,0,0,0,0,0,0,0,0,0,0,0,0.0,0,0.0,1124.0,0.0,0.0,0,0,Yes,0.0,0.0,0,0,0,0,0,0,0,0,0,0,0,0,0,0,0,0,0,0.0,0,0,Maxwell,GM108(N16V-GMR1-A1),?,256:16:8:3,PCIe 3.0×4,1.0,965,993,1800(DDR3)5000(GDDR5),2.0,14.4(DDR3)40.1(GDDR5),DDR3GDDR5,64.0,(7.944),(15.89),(508.4),(15.89),—,—,—,—,0,0,0,0,0,0,0,GeForce MX110,GM108
Quadro M500M,2016-04-27,GM108,28,0,0,PCIe 3.0 x16,1029,900 (1800),384:24:8(3 SMM),0,0,0,0,2048,14.4,DDR3,64,0,12.1,4.5,0,0,0,8.992,17.98,863.2,25,0,0,0,0,0,0,0,0,1.0,0,26.98,0,0,0,0,0,0,0,0,0,0.0,0,0.0,0,0,0,0,0,0,0,0.0,0,0,0,0.0,0,0,0,0.0,0.0,0,0,0,0,0.0,0,0.0,0.0,0,0,0,0,0,0,0,0,0,0,0,0,0,0,0.0,0,0.0,1124.0,0.0,0.0,0,0,Yes,0.0,0.0,0,0,0,0,0,0,0,0,0,0,0,0,0,0,0,0,0,0.0,0,0,Maxwell,GM108(N16S-GTR-A1),?,384:24:8:3,PCIe 3.0×4,1.0,1122,1242,1800(DDR3)5000(GDDR5),2.0,14.4(DDR3)40.1(GDDR5),DDR3GDDR5,64.0,(9.936),(29.81),861.7(953.9),26.93(29.81),—,—,—,—,0,0,0,0,0,0,0,GeForce MX130,GM108
Quadro M600M,2015-08-18,GM107,28,0,0,PCIe 3.0 x16,837,1253(5012),384:24:16(3 SMM),0,0,0,0,2048,80.2,GDDR5,128,0,12.1,4.5,0,0,0,7.008,14.02,672.8,30,0,0,0,0,0,0,0,0,1.0,0,21.02,0,0,0,0,0,0,0,0,0,0.0,0,0.0,0,0,0,0,0,0,0,0.0,0,0,0,0.0,0,0,0,0.0,0.0,0,0,0,0,0.0,0,0.0,0.0,0,0,0,0,0,0,0,0,0,0,0,0,0,0,0.0,0,0.0,876.0,0.0,0.0,0,0,Yes,0.0,0.0,0,0,0,0,0,0,0,0,0,0,0,0,0,0,0,0,0,0.0,0,0,Maxwell,0,0,0,0,0.0,0,0,0,0.0,0,0,0.0,0,0,5289,165.3,0,0,0,0,4× GM107,0,2560,1033,?,No,5.2,0,GM107
Quadro M1000M,2015-08-18,GM107,28,0,0,PCIe 3.0 x16,993,1253(5012),512:32:16(4 SMM),0,0,0,0,2048,80.2,GDDR5,128,0,12.1,4.5,0,0,0,15.89,31.78,1017.0,40,0,0,0,0,0,0,0,0,1.0,0,31.78,0,0,0,0,0,0,0,0,0,0.0,0,0.0,0,0,0,0,0,0,0,0.0,0,0,0,0.0,0,0,0,0.0,0.0,0,0,0,0,0.0,0,0.0,0.0,0,0,0,0,0,0,0,0,0,0,0,0,0,0,0.0,0,0.0,0.0,0.0,0.0,0,0,Yes,0.0,0.0,0,0,0,0,0,0,0,0,0,0,0,0,0,0,0,0,0,0.0,0,0,Maxwell,0,0,0,0,0.0,0,0,0,0.0,0,0,0.0,0,0,5289,165.3,0,0,0,0,4× GM107,0,2560,1033,?,No,5.2,0,GM107
Quadro M2000M,2015-12-03,GM107,28,0,0,PCIe 3.0 x16,1029,1253(5012),640:40:16(5 SMM),0,0,0,0,4096,80.2,GDDR5,128,0,12.1,4.5,0,0,0,17.57,43.92,1405.0,55,0,0,0,0,0,0,0,0,1.0,0,43.92,0,0,0,0,0,0,0,0,0,0.0,0,0.0,0,0,0,0,0,0,0,0.0,0,0,0,0.0,0,0,0,0.0,0.0,0,0,0,0,0.0,0,0.0,0.0,0,0,0,0,0,0,0,0,0,0,0,0,0,0,0.0,0,0.0,1098.0,0.0,0.0,0,0,Yes,0.0,0.0,0,0,0,0,0,0,0,0,0,0,0,0,0,0,0,0,0,0.0,0,0,Maxwell,0,0,0,0,0.0,0,0,0,0.0,0,0,0.0,0,0,5289,165.3,0,0,0,0,4× GM107,0,2560,1033,?,No,5.2,0,GM107
Quadro M3000M,2015-08-18,GM204,28,0,0,PCIe 3.0 x16,1050,1253(5012),1024:64:32(8 SMM),0,0,0,0,4096,160.4,GDDR5,256,0,12.1,4.5,0,0,0,33.6,67.2,2150.0,75,0,0,0,0,0,0,0,0,1.0,0,67.2,0,0,0,0,0,0,0,0,0,0.0,0,0.0,0,0,0,0,0,0,0,0.0,0,0,0,0.0,0,0,0,0.0,0.0,0,0,0,0,0.0,0,0.0,0.0,0,0,0,0,0,0,0,0,0,0,0,0,0,0,0.0,0,0.0,0.0,0.0,0.0,0,0,Yes,0.0,0.0,0,0,0,0,0,0,0,0,0,0,0,0,0,0,0,0,0,0.0,0,0,0,0,0,0,0,0,0,0,0,0,0,0,0,0,0,0,0,0,0,0,0,0,0,0,0,0,0,0,0,0
Quadro M4000M,2015-08-18,GM204,28,0,0,PCIe 3.0 x16,975,1253(5012),1280:80:48(10 SMM),0,0,0,0,4096,160.4,GDDR5,256,0,12.1,4.5,0,0,0,62.4,78.0,2496.0,100,0,0,0,0,0,0,0,0,1.0,0,78.0,0,0,0,0,0,0,0,0,0,0.0,0,0.0,0,0,0,0,0,0,0,0.0,0,0,0,0.0,0,0,0,0.0,0.0,0,0,0,0,0.0,0,0.0,0.0,0,0,0,0,0,0,0,0,0,0,0,0,0,0,0.0,0,0.0,0.0,0.0,0.0,0,0,Yes,0.0,0.0,0,0,0,0,0,0,0,0,0,0,0,0,0,0,0,0,0,0.0,0,0,0,0,0,0,0,0,0,0,0,0,0,0,0,0,0,0,0,0,0,0,0,0,0,0,0,0,0,0,0,0
Quadro M5000M,2015-08-18,GM204,28,0,0,PCIe 3.0 x16,962,1253(5012),1536:96:64(12 SMM),0,0,0,0,8192,160.4,GDDR5,256,0,12.1,4.5,0,0,0,62.4,93.6,2955.3,100,0,0,0,0,0,0,0,0,1.0,0,93.6,0,0,0,0,0,0,0,0,0,0.0,0,0.0,0,0,0,0,0,0,0,0.0,0,0,0,0.0,0,0,0,0.0,0.0,0,0,0,0,0.0,0,0.0,0.0,0,0,0,0,0,0,0,0,0,0,0,0,0,0,0.0,0,0.0,0.0,0.0,0.0,0,0,Yes,0.0,0.0,0,0,0,0,0,0,0,0,0,0,0,0,0,0,0,0,0,0.0,0,0,0,0,0,0,0,0,0,0,0,0,0,0,0,0,0,0,0,0,0,0,0,0,0,0,0,0,0,0,0,0
Quadro M520,2017-01-11,GM108,28,0,0,PCIe 3.0 x16,965,5000,384:24:8(3 SMM),0,0,0,0,1024,40.0,GDDR5,64,0,12.1,4.5,0,0,0,9.4,18.8,840,25,0,0,0,0,0,0,0,0,0,0,0,0,0,0,0,0,0,0,0,0,0.0,0,0.0,0,0,0,0,0,0,0,0.0,0,0,0,0.0,0,0,0,0.0,0.0,0,0,0,0,0.0,0,0.0,0.0,0,0,0,0,0,0,0,0,0,0,0,0,0,0,0.0,0,0.0,1176.0,0.0,0.0,0,0,Yes,0.0,0.0,0,0,0,0,0,0,0,0,0,0,0,0,0,0,0,0,0,0.0,0,0,Maxwell,GM108(N16V-GMR1-A1),?,256:16:8:3,PCIe 3.0×4,1.0,965,993,1800(DDR3)5000(GDDR5),2.0,14.4(DDR3)40.1(GDDR5),DDR3GDDR5,64.0,(7.944),(15.89),(508.4),(15.89),—,—,—,—,0,0,0,0,0,0,0,GeForce MX110,GM108
Quadro M520,2017-01-11,GM108,28,0,0,PCIe 3.0 x16,965,5000,384:24:8(3 SMM),0,0,0,0,1024,40.0,GDDR5,64,0,12.1,4.5,0,0,0,9.4,18.8,840,25,0,0,0,0,0,0,0,0,0,0,0,0,0,0,0,0,0,0,0,0,0.0,0,0.0,0,0,0,0,0,0,0,0.0,0,0,0,0.0,0,0,0,0.0,0.0,0,0,0,0,0.0,0,0.0,0.0,0,0,0,0,0,0,0,0,0,0,0,0,0,0,0.0,0,0.0,1176.0,0.0,0.0,0,0,Yes,0.0,0.0,0,0,0,0,0,0,0,0,0,0,0,0,0,0,0,0,0,0.0,0,0,Maxwell,GM108(N16S-GTR-A1),?,384:24:8:3,PCIe 3.0×4,1.0,1122,1242,1800(DDR3)5000(GDDR5),2.0,14.4(DDR3)40.1(GDDR5),DDR3GDDR5,64.0,(9.936),(29.81),861.7(953.9),26.93(29.81),—,—,—,—,0,0,0,0,0,0,0,GeForce MX130,GM108
Quadro M620,2017-01-11,GM107,28,0,0,PCIe 3.0 x16,756,5012,512:32:16(4 SMM),0,0,0,0,2048,80.2,GDDR5,128,0,12.1,4.5,0,0,0,16.3,32.6,1000,30,0,0,0,0,0,0,0,0,0,0,0,0,0,0,0,0,0,0,0,0,0.0,0,0.0,0,0,0,0,0,0,0,0.0,0,0,0,0.0,0,0,0,0.0,0.0,0,0,0,0,0.0,0,0.0,0.0,0,0,0,0,0,0,0,0,0,0,0,0,0,0,0.0,0,0.0,1018.0,0.0,0.0,0,0,Yes,0.0,0.0,0,0,0,0,0,0,0,0,0,0,0,0,0,0,0,0,0,0.0,0,0,Maxwell,0,0,0,0,0.0,0,0,0,0.0,0,0,0.0,0,0,5289,165.3,0,0,0,0,4× GM107,0,2560,1033,?,No,5.2,0,GM107
Quadro M1200,2017-01-11,GM107,28,0,0,PCIe 3.0 x16,991,5012,640:40:16(5 SMM),0,0,0,0,4096,80.2,GDDR5,128,0,12.1,4.5,0,0,0,18.4,45.9,1400,45,0,0,0,0,0,0,0,0,0,0,0,0,0,0,0,0,0,0,0,0,0.0,0,0.0,0,0,0,0,0,0,0,0.0,0,0,0,0.0,0,0,0,0.0,0.0,0,0,0,0,0.0,0,0.0,0.0,0,0,0,0,0,0,0,0,0,0,0,0,0,0,0.0,0,0.0,1148.0,0.0,0.0,0,0,Yes,0.0,0.0,0,0,0,0,0,0,0,0,0,0,0,0,0,0,0,0,0,0.0,0,0,Maxwell,0,0,0,0,0.0,0,0,0,0.0,0,0,0.0,0,0,5289,165.3,0,0,0,0,4× GM107,0,2560,1033,?,No,5.2,0,GM107
Quadro M2200,2017-01-11,GM206,28,0,0,PCIe 3.0 x16,695,5508,1024:64:32(8 SMM),0,0,0,0,4096,88.1,GDDR5,128,0,12.1,4.5,0,0,0,33.2,66.3,2100,55,0,0,0,0,0,0,0,0,0,0,0,0,0,0,0,0,0,0,0,0,0.0,0,0.0,0,0,0,0,0,0,0,0.0,0,0,0,0.0,0,0,0,0.0,0.0,0,0,0,0,0.0,0,0.0,0.0,0,0,0,0,0,0,0,0,0,0,0,0,0,0,0.0,0,0.0,1037.0,0.0,0.0,0,0,Yes,0.0,0.0,0,0,0,0,0,0,0,0,0,0,0,0,0,0,0,0,0,0.0,0,0,Maxwell,0,0,0,0,0.0,0,0,0,0.0,0,0,0.0,0,0,"1,786–2,195",55.81–68.61,0,0,0,0,1× GM206,0,1024,872,1072,No,5.2,0,GM206
Quadro M5500,2016-04-08,GM204,28,0,0,PCIe 3.0 x16,861,6606,2048:128:64(16 SMM),0,0,0,0,8096,211.4,GDDR5,256,0,12.1,4.5,0,0,0,73,145.9,4669,150,0,0,0,0,0,0,0,0,0,0,0,0,0,0,0,0,0,0,0,0,0.0,0,0.0,0,0,0,0,0,0,0,0.0,0,0,0,0.0,0,0,0,0.0,0.0,0,0,0,0,0.0,0,0.0,0.0,0,0,0,0,0,0,0,0,0,0,0,0,0,0,0.0,0,0.0,1140.0,0.0,0.0,0,0,Yes,0.0,0.0,0,0,0,0,0,0,0,0,0,0,0,0,0,0,0,0,0,0.0,0,0,0,0,0,0,0,0,0,0,0,0,0,0,0,0,0,0,0,0,0,0,0,0,0,0,0,0,0,0,0,0
Quadro P500,2018-01-05,GP108,14,0,0,PCIe 3.0 x16,0.0,0.0,256:16:16:2,0,0,0,0,2048,40,GDDR5,64,0,12.1,4.5,0,0,0,0.0,0.0,750.0,18,0,0,0,0,0,0,0,0,0,0,0,0,0,0,0,0,0,0,0,0,0.0,0,0.0,0,0,0,0,0,0,0,0.0,0,0,0,0.0,0,0,0,0.0,0.0,0,0,0,0,0.0,0,0.0,0.0,0,0,0,0,0,0,0,0,0,0,0,0,0,0,0.0,0,0.0,0.0,0.0,0.0,0,0,Yes,0.0,0.0,0,0,0,0,0,0,0,0,0,0,0,0,0,0,0,0,0,0.0,0,0,Pascal,GP108(N17S-LG-A1),74,384:24:16:3,PCIe 3.0×4,0.5,937,1038,5000,24.0,40,GDDR5,64.0,(14.99),(22.49),719.6(797.2),22.49(24.91),11.24(12.45),—,—,—,0,0,0,0,0,0,0,GeForce MX150,GP108
Quadro P500,2018-01-05,GP108,14,0,0,PCIe 3.0 x16,0.0,0.0,256:16:16:2,0,0,0,0,2048,40,GDDR5,64,0,12.1,4.5,0,0,0,0.0,0.0,750.0,18,0,0,0,0,0,0,0,0,0,0,0,0,0,0,0,0,0,0,0,0,0.0,0,0.0,0,0,0,0,0,0,0,0.0,0,0,0,0.0,0,0,0,0.0,0.0,0,0,0,0,0.0,0,0.0,0.0,0,0,0,0,0,0,0,0,0,0,0,0,0,0,0.0,0,0.0,0.0,0.0,0.0,0,0,Yes,0.0,0.0,0,0,0,0,0,0,0,0,0,0,0,0,0,0,0,0,0,0.0,0,0,Pascal,GP108(N17S-G0-A1),74,256:16:16:2,PCIe 3.0×4,0.5,1519,1531,7000,24.0,56,GDDR5,64.0,(25.31),(25.31),(810.0),(25.31),(12.66),—,—,—,0,0,0,0,0,0,0,GeForce MX230,GP108
Quadro P500,2018-01-05,GP108,14,0,0,PCIe 3.0 x16,0.0,0.0,256:16:16:2,0,0,0,0,2048,40,GDDR5,64,0,12.1,4.5,0,0,0,0.0,0.0,750.0,18,0,0,0,0,0,0,0,0,0,0,0,0,0,0,0,0,0,0,0,0,0.0,0,0.0,0,0,0,0,0,0,0,0.0,0,0,0,0.0,0,0,0,0.0,0.0,0,0,0,0,0.0,0,0.0,0.0,0,0,0,0,0,0,0,0,0,0,0,0,0,0,0.0,0,0.0,0.0,0.0,0.0,0,0,Yes,0.0,0.0,0,0,0,0,0,0,0,0,0,0,0,0,0,0,0,0,0,0.0,0,0,Pascal,GP108(N17S-LG-A1),74,384:24:16:3,PCIe 3.0×4,0.5,937,1038,7000,24.0,48,GDDR5,64.0,(16.61),(24.91),(797.2),(24.91),(12.46),—,—,—,0,0,0,0,0,0,0,GeForce MX250,GP108
Quadro P500,2018-01-05,GP108,14,0,0,PCIe 3.0 x16,0.0,0.0,256:16:16:2,0,0,0,0,2048,40,GDDR5,64,0,12.1,4.5,0,0,0,0.0,0.0,750.0,18,0,0,0,0,0,0,0,0,0,0,0,0,0,0,0,0,0,0,0,0,0.0,0,0.0,0,0,0,0,0,0,0,0.0,0,0,0,0.0,0,0,0,0.0,0.0,0,0,0,0,0.0,0,0.0,0.0,0,0,0,0,0,0,0,0,0,0,0,0,0,0,0.0,0,0.0,0.0,0.0,0.0,0,0,Yes,0.0,0.0,0,0,0,0,0,0,0,0,0,0,0,0,0,0,0,0,0,0.0,0,0,Pascal,GP108(N17S-G2-A1),74,384:24:16:3,PCIe 3.0×4,0.5,1518,1582,7000,24.0,56,GDDR5,64.0,(24.3),(36.4),(1166),(37.97),(18.98),—,—,—,0,0,0,0,0,0,0,GeForce MX250,GP108
Quadro P600,2017-02-07,GP107,14,0,0,PCIe 3.0 x16,0.0,0.0,384:24:16:3,0,0,0,0,2048,80,GDDR5,128,0,12.1,4.5,0,0,0,0.0,0.0,1200.0,25,0,0,0,0,0,0,0,0,0,0,0,0,0,0,0,0,0,0,0,0,0.0,0,0.0,0,0,0,0,0,0,0,0.0,0,0,0,0.0,0,0,0,0.0,0.0,0,0,0,0,0.0,0,0.0,0.0,0,0,0,0,0,0,0,0,0,0,0,0,0,0,0.0,0,0.0,0.0,0.0,0.0,0,0,Yes,0.0,0.0,0,0,0,0,0,0,0,0,0,0,0,0,0,0,0,0,0,0.0,0,0,0,0,0,0,0,0,0,0,0,0,0,0,0,0,0,0,0,0,0,0,0,0,0,0,0,0,0,0,0,0
Quadro P1000,2017-02-07,GP107(N18P-Q1-A1),14,0,0,PCIe 3.0 x16,0.0,0.0,512:32:16:4,0,0,0,0,4096,96,GDDR5,128,0,12.1,4.5,0,0,0,0.0,0.0,1600.0,40,0,0,0,0,0,0,0,0,0,0,0,0,0,0,0,0,0,0,0,0,0.0,0,0.0,0,0,0,0,0,0,0,0.0,0,0,0,0.0,0,0,0,0.0,0.0,0,0,0,0,0.0,0,0.0,0.0,0,0,0,0,0,0,0,0,0,0,0,0,0,0,0.0,0,0.0,0.0,0.0,0.0,0,0,Yes,0.0,0.0,0,0,0,0,0,0,0,0,0,0,0,0,0,0,0,0,0,0.0,0,0,0,0,0,0,0,0,0,0,0,0,0,0,0,0,0,0,0,0,0,0,0,0,0,0,0,0,0,0,0,0
Quadro P2000,2017-02-06,GP107(N18P-Q3-A1),14,0,0,PCIe 3.0 x16,0.0,0.0,768:64:32:6,0,0,0,0,4096,96,GDDR5,128,0,12.1,4.5,0,0,0,0.0,0.0,2400.0,50,0,0,0,0,0,0,0,0,0,0,0,0,0,0,0,0,0,0,0,0,0.0,0,0.0,0,0,0,0,0,0,0,0.0,0,0,0,0.0,0,0,0,0.0,0.0,0,0,0,0,0.0,0,0.0,0.0,0,0,0,0,0,0,0,0,0,0,0,0,0,0,0.0,0,0.0,0.0,0.0,0.0,0,0,Yes,0.0,0.0,0,0,0,0,0,0,0,0,0,0,0,0,0,0,0,0,0,0.0,0,0,0,0,0,0,0,0,0,0,0,0,0,0,0,0,0,0,0,0,0,0,0,0,0,0,0,0,0,0,0,0
Quadro P3000,2017-01-11,GP106,16,0,0,PCIe 3.0 x16,0.0,0.0,1280:80:48:10,0,0,0,0,6144,168,GDDR5,192,0,12.1,4.5,0,0,0,0.0,0.0,3098.0,75,0,0,0,0,0,0,0,0,0,0,0,0,0,0,0,0,0,0,0,0,0.0,0,0.0,0,0,0,0,0,0,0,0.0,0,0,0,0.0,0,0,0,0.0,0.0,0,0,0,0,0.0,0,0.0,0.0,0,0,0,0,0,0,0,0,0,0,0,0,0,0,0.0,0,0.0,0.0,0.0,0.0,0,0,Yes,0.0,0.0,0,0,0,0,0,0,0,0,0,0,0,0,0,0,0,0,0,0.0,0,0,0,0,0,0,0,0,0,0,0,0,0,0,0,0,0,0,0,0,0,0,0,0,0,0,0,0,0,0,0,0
Quadro P4000,2017-01-11,GP104,16,0,0,PCIe 3.0 x16,0.0,0.0,1792:112:64:14,0,0,0,0,8192,192,GDDR5,256,0,12.1,4.5,0,0,0,0.0,0.0,4398.0,100,0,0,0,0,0,0,0,0,0,0,0,0,0,0,0,0,0,0,0,0,0.0,0,0.0,0,0,0,0,0,0,0,0.0,0,0,0,0.0,0,0,0,0.0,0.0,0,0,0,0,0.0,0,0.0,0.0,0,0,0,0,0,0,0,0,0,0,0,0,0,0,0.0,0,0.0,0.0,0.0,0.0,0,0,Yes,0.0,0.0,0,0,0,0,0,0,0,0,0,0,0,0,0,0,0,0,0,0.0,0,0,Pascal,0,0,0,0,0.0,0,0,0,0.0,0,0,0.0,0,0,"4,147–5,443",129.6–170.1,0,0,0,0,1× GP104,0,2560,810,1063,No,6.1,0,GP104
Quadro P4000 Max-Q,2017-01-11,GP104,16,0,0,PCIe 3.0 x16,0.0,0.0,1792:112:64:14,0,0,0,0,8192,192,GDDR5,256,0,12.1,4.5,0,0,0,0.0,0.0,0.0,80,0,0,0,0,0,0,0,0,0,0,0,0,0,0,0,0,0,0,0,0,0.0,0,0.0,0,0,0,0,0,0,0,0.0,0,0,0,0.0,0,0,0,0.0,0.0,0,0,0,0,0.0,0,0.0,0.0,0,0,0,0,0,0,0,0,0,0,0,0,0,0,0.0,0,0.0,0.0,0.0,0.0,0,0,Yes,0.0,0.0,0,0,0,0,0,0,0,0,0,0,0,0,0,0,0,0,0,0.0,0,0,Pascal,0,0,0,0,0.0,0,0,0,0.0,0,0,0.0,0,0,"4,147–5,443",129.6–170.1,0,0,0,0,1× GP104,0,2560,810,1063,No,6.1,0,GP104
Quadro P5000,2017-01-11,GP104,16,0,0,PCIe 3.0 x16,0.0,0.0,2048:128:64:16,0,0,0,0,16384,192,GDDR5,256,0,12.1,4.5,0,0,0,0.0,0.0,6197.0,100,0,0,0,0,0,0,0,0,0,0,0,0,0,0,0,0,0,0,0,0,0.0,0,0.0,0,0,0,0,0,0,0,0.0,0,0,0,0.0,0,0,0,0.0,0.0,0,0,0,0,0.0,0,0.0,0.0,0,0,0,0,0,0,0,0,0,0,0,0,0,0,0.0,0,0.0,0.0,0.0,0.0,0,0,Yes,0.0,0.0,0,0,0,0,0,0,0,0,0,0,0,0,0,0,0,0,0,0.0,0,0,Pascal,0,0,0,0,0.0,0,0,0,0.0,0,0,0.0,0,0,"4,147–5,443",129.6–170.1,0,0,0,0,1× GP104,0,2560,810,1063,No,6.1,0,GP104
Quadro P3200,2018-02-21,GP104,16,0,0,PCIe 3.0 x16,0.0,0.0,1792:112:64:14,0,0,0,0,6144,168,GDDR5,192,0,12.1,4.5,0,0,0,0.0,0.0,5300,78,0,0,0,0,0,0,0,0,0,0,0,0,0,0,0,0,0,0,0,0,0.0,0,0.0,0,0,0,0,0,0,0,0.0,0,0,0,0.0,0,0,0,0.0,0.0,0,0,0,0,0.0,0,0.0,0.0,0,0,0,0,0,0,0,0,0,0,0,0,0,0,0.0,0,0.0,0.0,0.0,0.0,0,0,Yes,0.0,0.0,0,0,0,0,0,0,0,0,0,0,0,0,0,0,0,0,0,0.0,0,0,Pascal,0,0,0,0,0.0,0,0,0,0.0,0,0,0.0,0,0,"4,147–5,443",129.6–170.1,0,0,0,0,1× GP104,0,2560,810,1063,No,6.1,0,GP104
Quadro P4200,2018-02-21,GP104,16,0,0,PCIe 3.0 x16,0.0,0.0,2304:144:64:18,0,0,0,0,8192,168,GDDR5,256,0,12.1,4.5,0,0,0,0.0,0.0,7600,115,0,0,0,0,0,0,0,0,0,0,0,0,0,0,0,0,0,0,0,0,0.0,0,0.0,0,0,0,0,0,0,0,0.0,0,0,0,0.0,0,0,0,0.0,0.0,0,0,0,0,0.0,0,0.0,0.0,0,0,0,0,0,0,0,0,0,0,0,0,0,0,0.0,0,0.0,0.0,0.0,0.0,0,0,Yes,0.0,0.0,0,0,0,0,0,0,0,0,0,0,0,0,0,0,0,0,0,0.0,0,0,Pascal,0,0,0,0,0.0,0,0,0,0.0,0,0,0.0,0,0,"4,147–5,443",129.6–170.1,0,0,0,0,1× GP104,0,2560,810,1063,No,6.1,0,GP104
Quadro P5200,2018-02-21,GP104,16,0,0,PCIe 3.0 x16,0.0,0.0,2560:160:64:20,0,0,0,0,16384,230,GDDR5,256,0,12.1,4.5,0,0,0,0.0,0.0,8900,150,0,0,0,0,0,0,0,0,0,0,0,0,0,0,0,0,0,0,0,0,0.0,0,0.0,0,0,0,0,0,0,0,0.0,0,0,0,0.0,0,0,0,0.0,0.0,0,0,0,0,0.0,0,0.0,0.0,0,0,0,0,0,0,0,0,0,0,0,0,0,0,0.0,0,0.0,0.0,0.0,0.0,0,0,Yes,0.0,0.0,0,0,0,0,0,0,0,0,0,0,0,0,0,0,0,0,0,0.0,0,0,Pascal,0,0,0,0,0.0,0,0,0,0.0,0,0,0.0,0,0,"4,147–5,443",129.6–170.1,0,0,0,0,1× GP104,0,2560,810,1063,No,6.1,0,GP104
Quadro T500,2020-12-02,TU117(N19P-Q1-A1),12,0,0,PCIe 3.0,0.0,0,896:?:?:?:?,0,0,0,0,2,80,GDDR5,0.0,0,12.1,4.6,0,0,0,0.0,0.0,3000.0,0,0,0,0,0,0,0,0,0,1.2,3.0,0.0,0,0,0,0,0,0,0,0,1,0.0,0,0.0,0,0,0,0,0,0.0,0,0.0,0,0,0,0.0,0,0,0,0.0,0.0,0,0,0,0,0.0,0,0.0,0.0,0,0,0,0,0,0.0,0,7.5,0,0,0,0,0,0,0.0,0,0.0,0.0,0.0,0.0,0,0,0,0.0,0.0,0,0,0,0,0,0,0,0,0,0,0,0,0,0,0,0,0,0.0,0,0,0,0,0,0,0,0,0,0,0,0,0,0,0,0,0,0,0,0,0,0,0,0,0,0,0,0,0,0,0,0
Quadro T500,2020-12-02,TU117(N19P-Q1-A1),12,0,0,PCIe 3.0,0.0,0,896:?:?:?:?,0,0,0,0,4,80,GDDR5,0.0,0,12.1,4.6,0,0,0,0.0,0.0,3000.0,0,0,0,0,0,0,0,0,0,1.2,3.0,0.0,0,0,0,0,0,0,0,0,1,0.0,0,0.0,0,0,0,0,0,0.0,0,0.0,0,0,0,0.0,0,0,0,0.0,0.0,0,0,0,0,0.0,0,0.0,0.0,0,0,0,0,0,0.0,0,7.5,0,0,0,0,0,0,0.0,0,0.0,0.0,0.0,0.0,0,0,0,0.0,0.0,0,0,0,0,0,0,0,0,0,0,0,0,0,0,0,0,0,0.0,0,0,0,0,0,0,0,0,0,0,0,0,0,0,0,0,0,0,0,0,0,0,0,0,0,0,0,0,0,0,0,0
Quadro T550,2022-05-01,0,12,0,0,PCIe 3.0,0.0,0,1024:?:?:?:?,0,0,0,0,4,112,GDDR5,0.0,0,12.1,4.6,0,0,0,0.0,0.0,3700.0,0,0,0,0,0,0,0,0,0,1.2,3.0,0.0,0,0,0,0,0,0,0,0,1,0.0,0,0.0,0,0,0,0,0,0.0,0,0.0,0,0,0,0.0,0,0,0,0.0,0.0,0,0,0,0,0.0,0,0.0,0.0,0,0,0,0,0,0.0,0,7.5,0,0,0,0,0,0,0.0,0,0.0,0.0,0.0,0.0,0,0,0,0.0,0.0,0,0,0,0,0,0,0,0,0,0,0,0,0,0,0,0,0,0.0,0,0,0,0,0,0,0,0,0,0,0,0,0,0,0,0,0,0,0,0,0,0,0,0,0,0,0,0,0,0,0,0
Quadro T600,2021-04-12,0,12,0,0,PCIe 3.0,0.0,0,896:?:?:?:?,0,0,0,0,4,192,GDDR5,0.0,0,12.1,4.6,0,0,0,0.0,0.0,3000.0,0,0,0,0,0,0,0,0,0,1.2,3.0,0.0,0,0,0,0,0,0,0,0,1,0.0,0,0.0,0,0,0,0,0,0.0,0,0.0,0,0,0,0.0,0,0,0,0.0,0.0,0,0,0,0,0.0,0,0.0,0.0,0,0,0,0,0,0.0,0,7.5,0,0,0,0,0,0,0.0,0,0.0,0.0,0.0,0.0,0,0,0,0.0,0.0,0,0,0,0,0,0,0,0,0,0,0,0,0,0,0,0,0,0.0,0,0,0,0,0,0,0,0,0,0,0,0,0,0,0,0,0,0,0,0,0,0,0,0,0,0,0,0,0,0,0,0
Quadro T1000,2019-05-27,TU117(N19P-Q1-A1),12,0,0,PCIe 3.0,1395.0,0,768:48:32:12:1536,0,0,0,0,4,128,GDDR5,128.0,0,12.1,4.6,0,0,0,46.56,69.84,2235.0,40-50,0,0,0,0,0,0,0,0,1.2,3.0,69.84,0,0,0,0,0,0,0,0,1,0.0,0,0.0,0,0,0,0,0,0.0,0,0.0,0,0,0,0.0,0,0,0,0.0,0.0,0,0,0,0,0.0,0,0.0,0.0,0,0,0,0,0,0.0,0,7.5,0,0,0,0,0,0,0.0,0,0.0,1455.0,0.0,0.0,0,0,0,2000.0,0.0,0,0,0,0,0,0,0,0,0,0,0,0,0,0,0,0,0,0.0,0,0,0,0,0,0,0,0,0,0,0,0,0,0,0,0,0,0,0,0,0,0,0,0,0,0,0,0,0,0,0,0
Quadro T1200,2021-04-12,0,12,0,0,PCIe 3.0,0.0,0,1024:?:?:?:?,0,0,0,0,4,224,GDDR5,0.0,0,12.1,4.6,0,0,0,0.0,0.0,3700.0,0,0,0,0,0,0,0,0,0,1.2,3.0,0.0,0,0,0,0,0,0,0,0,1,0.0,0,0.0,0,0,0,0,0,0.0,0,0.0,0,0,0,0.0,0,0,0,0.0,0.0,0,0,0,0,0.0,0,0.0,0.0,0,0,0,0,0,0.0,0,7.5,0,0,0,0,0,0,0.0,0,0.0,0.0,0.0,0.0,0,0,0,0.0,0.0,0,0,0,0,0,0,0,0,0,0,0,0,0,0,0,0,0,0.0,0,0,0,0,0,0,0,0,0,0,0,0,0,0,0,0,0,0,0,0,0,0,0,0,0,0,0,0,0,0,0,0
Quadro T2000,2019-05-27,TU117(N19P-Q3-A1),12,0,0,PCIe 3.0,1575.0,0,1024:64:32:16:2048,0,0,0,0,4,128,GDDR5,128.0,0,12.1,4.6,0,0,0,57.1,114.2,3500.0,60,0,0,0,0,0,0,0,0,1.2,3.0,0.0,0,0,0,0,0,0,0,0,1,0.0,0,0.0,0,0,0,0,0,0.0,0,0.0,0,0,0,0.0,0,0,0,0.0,0.0,0,0,0,0,0.0,0,0.0,0.0,0,0,0,0,0,0.0,0,7.5,0,0,0,0,0,0,0.0,0,0.0,1785.0,0.0,0.0,0,0,0,0.0,0.0,0,0,0,0,0,0,0,0,0,0,0,0,0,0,0,0,0,0.0,0,0,0,0,0,0,0,0,0,0,0,0,0,0,0,0,0,0,0,0,0,0,0,0,0,0,0,0,0,0,0,0
Quadro T2000 Max-Q,2019-05-27,TU117,12,0,0,PCIe 3.0,0.0,0,1024:64:32:16:2048,0,0,0,0,4,128,GDDR5,128.0,0,12.1,4.6,0,0,0,0.0,0.0,0.0,40,0,0,0,0,0,0,0,0,1.2,3.0,0.0,0,0,0,0,0,0,0,0,1,0.0,0,0.0,0,0,0,0,0,0.0,0,0.0,0,0,0,0.0,0,0,0,0.0,0.0,0,0,0,0,0.0,0,0.0,0.0,0,0,0,0,0,0.0,0,7.5,0,0,0,0,0,0,0.0,0,0.0,0.0,0.0,0.0,0,0,0,0.0,0.0,0,0,0,0,0,0,0,0,0,0,0,0,0,0,0,0,0,0.0,0,0,Turing,TU117(N18S-LP-A1)(N18S-G5-A1),200,896:56:32:14,PCIe 4.0×4,1.0,720(LP)1395,930(LP)1575,7000,2.0,56,GDDR5,64.0,23.04(50.40),40.32(88.20),1290(2822),40.32(88.20),2581(5645),—,—,—,0,0,0,0,0,0,0,GeForce MX450,TU117
Quadro T2000 Max-Q,2019-05-27,TU117,12,0,0,PCIe 3.0,0.0,0,1024:64:32:16:2048,0,0,0,0,4,128,GDDR5,128.0,0,12.1,4.6,0,0,0,0.0,0.0,0.0,40,0,0,0,0,0,0,0,0,1.2,3.0,0.0,0,0,0,0,0,0,0,0,1,0.0,0,0.0,0,0,0,0,0,0.0,0,0.0,0,0,0,0.0,0,0,0,0.0,0.0,0,0,0,0,0.0,0,0.0,0.0,0,0,0,0,0,0.0,0,7.5,0,0,0,0,0,0,0.0,0,0.0,0.0,0.0,0.0,0,0,0,0.0,0.0,0,0,0,0,0,0,0,0,0,0,0,0,0,0,0,0,0,0.0,0,0,Turing,TU117(N18S-LP-A1)(N18S-G5-A1),200,896:56:32:14,PCIe 4.0×4,1.0,720(LP)1395,930(LP)1575,10000,2.0,80,GDDR6,64.0,23.04(50.40),40.32(88.20),1290(2822),40.32(88.20),2581(5645),—,—,—,0,0,0,0,0,0,0,GeForce MX450,TU117
Quadro RTX 3000,2019-05-27,TU106(N19E-Q1-KA-K1),12,0,0,PCIe 3.0,945.0,0,2304:144:48:36:288,0,0,0,0,6,448,GDDR6,256.0,0,12.1,4.6,0,0,0,88.32,198.7,6359.0,60-80,0,0,0,0,0,0,0,0,1.2,3.0,198.7,0,0,0,0,0,0,0,0,4,0.0,0,0.0,0,0,0,0,0,12720.0,0,0.0,0,0,0,0.0,0,0,0,0.0,0.0,0,0,0,0,0.0,0,0.0,0.0,0,0,0,0,0,0.0,0,7.5,0,0,0,0,0,0,0.0,0,0.0,1380.0,0.0,0.0,0,0,0,1750.0,0.0,0,0,0,0,0,0,0,0,0,0,0,0,0,0,0,0,0,0.0,0,0,0,0,0,0,0,0,0,0,0,0,0,0,0,0,0,0,0,0,0,0,0,0,0,0,0,0,0,0,0,0
Quadro RTX 3000 Max-Q,2019-05-27,TU106,12,0,0,PCIe 3.0,600.0,0,2304:144:48:36:288,0,0,0,0,6,416,GDDR6,256.0,0,12.1,4.6,0,0,0,77.76,175.0,5599.0,60,0,0,0,0,0,0,0,0,1.2,3.0,175.0,0,0,0,0,0,0,0,0,4,0.0,0,0.0,0,0,0,0,0,11200.0,0,0.0,0,0,0,0.0,0,0,0,0.0,0.0,0,0,0,0,0.0,0,0.0,0.0,0,0,0,0,0,0.0,0,7.5,0,0,0,0,0,0,0.0,0,0.0,1215.0,0.0,0.0,0,0,0,1625.0,0.0,0,0,0,0,0,0,0,0,0,0,0,0,0,0,0,0,0,0.0,0,0,0,0,0,0,0,0,0,0,0,0,0,0,0,0,0,0,0,0,0,0,0,0,0,0,0,0,0,0,0,0
Quadro RTX 4000,2019-05-27,TU104(N19E-Q3-A1),12,0,0,PCIe 3.0,1110.0,0,2560:160:64:40:320,0,0,0,0,8,448,GDDR6,256.0,0,12.1,4.6,0,0,0,99.84,249.6,7987.0,110,0,0,0,0,0,0,0,0,1.2,3.0,249.6,0,0,0,0,0,0,0,0,4,0.0,0,0.0,0,0,0,0,0,15970.0,0,0.0,0,0,0,0.0,0,0,0,0.0,0.0,0,0,0,0,0.0,0,0.0,0.0,0,0,0,0,0,0.0,0,7.5,0,0,0,0,0,0,0.0,0,0.0,1560.0,0.0,0.0,0,0,0,1750.0,0.0,0,0,0,0,0,0,0,0,0,0,0,0,0,0,0,0,0,0.0,0,0,0,0,0,0,0,0,0,0,0,0,0,0,0,0,0,0,0,0,0,0,0,0,0,0,0,0,0,0,0,0
Quadro RTX 4000 Max-Q,2019-05-27,TU104,12,0,0,PCIe 3.0,780.0,0,2560:160:64:40:320,0,0,0,0,8,416,GDDR6,256.0,0,12.1,4.6,0,0,0,88.32,220.8,7066.0,80,0,0,0,0,0,0,0,0,1.2,3.0,220.8,0,0,0,0,0,0,0,0,4,0.0,0,0.0,0,0,0,0,0,14130.0,0,0.0,0,0,0,0.0,0,0,0,0.0,0.0,0,0,0,0,0.0,0,0.0,0.0,0,0,0,0,0,0.0,0,7.5,0,0,0,0,0,0,0.0,0,0.0,1380.0,0.0,0.0,0,0,0,1625.0,0.0,0,0,0,0,0,0,0,0,0,0,0,0,0,0,0,0,0,0.0,0,0,0,0,0,0,0,0,0,0,0,0,0,0,0,0,0,0,0,0,0,0,0,0,0,0,0,0,0,0,0,0
Quadro RTX 5000,2019-05-27,TU104(N19E-Q5-A1),12,0,0,PCIe 3.0,0.0,0,3072:192:64:48:384,0,0,0,0,16,448,GDDR6,256.0,0,12.1,4.6,0,0,0,98.88,296.6,9492.0,110,0,0,0,0,0,0,0,0,1.2,3.0,296.6,0,0,0,0,0,0,0,0,4,0.0,0,0.0,0,0,0,0,0,18980.0,0,0.0,0,0,0,0.0,0,0,0,0.0,0.0,0,0,0,0,0.0,0,0.0,0.0,0,0,0,0,0,0.0,0,7.5,0,0,0,0,0,0,0.0,0,0.0,0.0,0.0,0.0,0,0,0,1750.0,0.0,0,0,0,0,0,0,0,0,0,0,0,0,0,0,0,0,0,0.0,0,0,0,0,0,0,0,0,0,0,0,0,0,0,0,0,0,0,0,0,0,0,0,0,0,0,0,0,0,0,0,0
Quadro RTX 5000 Max-Q,2019-05-27,TU104,12,0,0,PCIe 3.0,600.0,0,3072:192:64:48:384,0,0,0,0,16,448,GDDR6,256.0,0,12.1,4.6,0,0,0,86.4,259.2,8294.0,80,0,0,0,0,0,0,0,0,1.2,3.0,259.2,0,0,0,0,0,0,0,0,4,0.0,0,0.0,0,0,0,0,0,15970.0,0,0.0,0,0,0,0.0,0,0,0,0.0,0.0,0,0,0,0,0.0,0,0.0,0.0,0,0,0,0,0,0.0,0,7.5,0,0,0,0,0,0,0.0,0,0.0,1350.0,0.0,0.0,0,0,0,1750.0,0.0,0,0,0,0,0,0,0,0,0,0,0,0,0,0,0,0,0,0.0,0,0,0,0,0,0,0,0,0,0,0,0,0,0,0,0,0,0,0,0,0,0,0,0,0,0,0,0,0,0,0,0
RTX A500,2022-03-22,0,Samsung 8N,0,0,PCIe 4.0,0.0,0,2048:64:32:16:64,0,0,0,0,4,112,GDDR6,64,0,12.2,4.6,0,0,0,0.0,0.0,7300,60,0,0,0,0,0,0,0,0,1.3,3.0,0.0,0,0,0,0,0,0,0,0,0.0,0.0,0,0.0,0,0,0,0,0,0.0,0,0.0,0,0,0,0.0,0,0,0,0.0,0.0,0,0,0,0,0.0,0,0.0,0.0,0,0,0,0,0,0.0,0,0.0,0,0,0,0,0,0,0.0,0,0.0,1710.0,0.0,0.0,0,0,0,1750.0,0.0,0,0,0,0,0,0,0,0,0,0,0,0,0,0,0,0,0,0.0,0,0,0,0,0,0,0,0,0,0,0,0,0,0,0,0,0,0,0,0,0,0,0,0,0,0,0,0,0,0,0,0
RTX A1000,1995-01-01,0,Samsung 8N,0,0,PCIe 4.0,0.0,0,2048:64:32:16:64,0,0,0,0,4,224,GDDR6,128,0,12.2,4.6,0,0,0,0.0,0.0,7500,95,0,0,0,0,0,0,0,0,1.3,3.0,0.0,0,0,0,0,0,0,0,0,0.0,0.0,0,0.0,0,0,0,0,0,0.0,0,0.0,0,0,0,0.0,0,0,0,0.0,0.0,0,0,0,0,0.0,0,0.0,0.0,0,0,0,0,0,0.0,0,0.0,0,0,0,0,0,0,0.0,0,0.0,1845.0,0.0,0.0,0,0,0,1750.0,0.0,0,0,0,0,0,0,0,0,0,0,0,0,0,0,0,0,0,0.0,0,0,0,0,0,0,0,0,0,0,0,0,0,0,0,0,0,0,0,0,0,0,0,0,0,0,0,0,0,0,0,0
RTX A1000 6GB,1995-01-01,0,Samsung 8N,0,0,PCIe 4.0,0.0,0,2560:80:48:20:80,0,0,0,0,6,168,GDDR6,96,0,12.2,4.6,0,0,0,0.0,0.0,9300,95,0,0,0,0,0,0,0,0,1.3,3.0,0.0,0,0,0,0,0,0,0,0,0.0,0.0,0,0.0,0,0,0,0,0,0.0,0,0.0,0,0,0,0.0,0,0,0,0.0,0.0,0,0,0,0,0.0,0,0.0,0.0,0,0,0,0,0,0.0,0,0.0,0,0,0,0,0,0,0.0,0,0.0,1830.0,0.0,0.0,0,0,0,1750.0,0.0,0,0,0,0,0,0,0,0,0,0,0,0,0,0,0,0,0,0.0,0,0,0,0,0,0,0,0,0,0,0,0,0,0,0,0,0,0,0,0,0,0,0,0,0,0,0,0,0,0,0,0
RTX A2000,2021-04-12,0,Samsung 8N,0,0,PCIe 4.0,0.0,0,2560:80:48:20:80,0,0,0,0,4,192,GDDR6,128,0,12.2,4.6,0,0,0,0.0,0.0,9300,95,0,0,0,0,0,0,0,0,1.3,3.0,0.0,0,0,0,0,0,0,0,0,0.0,0.0,0,0.0,0,0,0,0,0,0.0,0,0.0,0,0,0,0.0,0,0,0,0.0,0.0,0,0,0,0,0.0,0,0.0,0.0,0,0,0,0,0,0.0,0,0.0,0,0,0,0,0,0,0.0,0,0.0,1830.0,0.0,0.0,0,0,0,1500.0,0.0,0,0,0,0,0,0,0,0,0,0,0,0,0,0,0,0,0,0.0,0,0,0,0,0,0,0,0,0,0,0,0,0,0,0,0,0,0,0,0,0,0,0,0,0,0,0,0,0,0,0,0
RTX A2000 8GB,2022-03-22,0,Samsung 8N,0,0,PCIe 4.0,0.0,0,2560:80:48:20:80,0,0,0,0,8,224,GDDR6,128,0,12.2,4.6,0,0,0,0.0,0.0,9300,95,0,0,0,0,0,0,0,0,1.3,3.0,0.0,0,0,0,0,0,0,0,0,0.0,0.0,0,0.0,0,0,0,0,0,0.0,0,0.0,0,0,0,0.0,0,0,0,0.0,0.0,0,0,0,0,0.0,0,0.0,0.0,0,0,0,0,0,0.0,0,0.0,0,0,0,0,0,0,0.0,0,0.0,1830.0,0.0,0.0,0,0,0,1750.0,0.0,0,0,0,0,0,0,0,0,0,0,0,0,0,0,0,0,0,0.0,0,0,0,0,0,0,0,0,0,0,0,0,0,0,0,0,0,0,0,0,0,0,0,0,0,0,0,0,0,0,0,0
RTX A3000,2021-04-12,GA104-A1,Samsung 8N,0,0,PCIe 4.0,0.0,0,4096:128:64:32:128,0,0,0,0,6,336,GDDR6,192,0,12.2,4.6,0,0,0,0.0,199.69,12800,130,0,0,0,0,0,0,0,0,1.3,3.0,399.38,0,0,0,0,0,0,0,0,4.0,0.0,0,0.0,0,0,0,0,0,0.0,0,0.0,0,0,0,0.0,0,0,0,0.0,0.0,0,0,0,0,0.0,0,0.0,0.0,0,0,0,0,0,0.0,0,0.0,0,0,0,0,0,0,0.0,0,0.0,1560.0,0.0,0.0,0,0,0,1750.0,0.0,0,0,0,0,0,0,0,0,0,0,0,0,0,0,0,0,0,0.0,0,0,0,0,0,0,0,0,0,0,0,0,0,0,0,0,0,0,0,0,0,0,0,0,0,0,0,0,0,0,0,0
RTX A3000 12GB,2022-03-22,GA104-A1,Samsung 8N,0,0,PCIe 4.0,0.0,0,4096:128:64:32:128,0,0,0,0,12,336,GDDR6,192,0,12.2,4.6,0,0,0,0.0,220.81,14100,130,0,0,0,0,0,0,0,0,1.3,3.0,441.62,0,0,0,0,0,0,0,0,4.0,0.0,0,0.0,0,0,0,0,0,0.0,0,0.0,0,0,0,0.0,0,0,0,0.0,0.0,0,0,0,0,0.0,0,0.0,0.0,0,0,0,0,0,0.0,0,0.0,0,0,0,0,0,0,0.0,0,0.0,1725.0,0.0,0.0,0,0,0,1750.0,0.0,0,0,0,0,0,0,0,0,0,0,0,0,0,0,0,0,0,0.0,0,0,0,0,0,0,0,0,0,0,0,0,0,0,0,0,0,0,0,0,0,0,0,0,0,0,0,0,0,0,0,0
RTX A4000,2021-04-12,GA104-A1,Samsung 8N,0,0,PCIe 4.0,0.0,0,5120:160:80:40:160,0,0,0,0,16,448,GDDR6,256,0,12.2,4.6,0,0,0,0.0,278.41,17800,140,0,0,0,0,0,0,0,0,1.3,3.0,556.83,0,0,0,0,0,0,0,0,4.0,0.0,0,0.0,0,0,0,0,0,0.0,0,0.0,0,0,0,0.0,0,0,0,0.0,0.0,0,0,0,0,0.0,0,0.0,0.0,0,0,0,0,0,0.0,0,0.0,0,0,0,0,0,0,0.0,0,0.0,1740.0,0.0,0.0,0,0,0,1750.0,0.0,0,0,0,0,0,0,0,0,0,0,0,0,0,0,0,0,0,0.0,0,0,0,0,0,0,0,0,0,0,0,0,0,0,0,0,0,0,0,0,0,0,0,0,0,0,0,0,0,0,0,0
RTX A4500,2022-03-22,GA104-A1,Samsung 8N,0,0,PCIe 4.0,0.0,0,5888:184:96:46:184,0,0,0,0,16,512,GDDR6,256,0,12.2,4.6,0,0,0,0.0,289.81,18500,140,0,0,0,0,0,0,0,0,1.3,3.0,579.63,0,0,0,0,0,0,0,0,4.0,0.0,0,0.0,0,0,0,0,0,0.0,0,0.0,0,0,0,0.0,0,0,0,0.0,0.0,0,0,0,0,0.0,0,0.0,0.0,0,0,0,0,0,0.0,0,0.0,0,0,0,0,0,0,0.0,0,0.0,1575.0,0.0,0.0,0,0,0,2000.0,0.0,0,0,0,0,0,0,0,0,0,0,0,0,0,0,0,0,0,0.0,0,0,0,0,0,0,0,0,0,0,0,0,0,0,0,0,0,0,0,0,0,0,0,0,0,0,0,0,0,0,0,0
RTX A5000,2021-04-12,GA104-A1,Samsung 8N,0,0,PCIe 4.0,0.0,0,6144:192:96:48:192,0,0,0,0,16,448,GDDR6,256,0,12.2,4.6,0,0,0,0.0,339.86,21700,165,0,0,0,0,0,0,0,0,1.3,3.0,679.72,0,0,0,0,0,0,0,0,4.0,0.0,0,0.0,0,0,0,0,0,0.0,0,0.0,0,0,0,0.0,0,0,0,0.0,0.0,0,0,0,0,0.0,0,0.0,0.0,0,0,0,0,0,0.0,0,0.0,0,0,0,0,0,0,0.0,0,0.0,1770.0,0.0,0.0,0,0,0,1750.0,0.0,0,0,0,0,0,0,0,0,0,0,0,0,0,0,0,0,0,0.0,0,0,0,0,0,0,0,0,0,0,0,0,0,0,0,0,0,0,0,0,0,0,0,0,0,0,0,0,0,0,0,0
RTX A5500,2022-03-22,GA103-A1,Samsung 8N,0,0,PCIe 4.0,0.0,0,7424:232:96:58:232,0,0,0,0,16,512,GDDR6,256,0,12.2,4.6,0,0,0,159.85,386.3,24700,165,0,0,0,0,0,0,0,0,1.3,3.0,772.6,0,0,0,0,0,0,0,0,4.0,0.0,0,0.0,0,0,0,0,0,0.0,0,0.0,0,0,0,0.0,0,0,0,0.0,0.0,0,0,0,0,0.0,0,0.0,0.0,0,0,0,0,0,0.0,0,0.0,0,0,0,0,0,0,0.0,0,0.0,1665.0,0.0,0.0,0,0,0,2000.0,0.0,0,0,0,0,0,0,0,0,0,0,0,0,0,0,0,0,0,0.0,0,0,0,0,0,0,0,0,0,0,0,0,0,0,0,0,0,0,0,0,0,0,0,0,0,0,0,0,0,0,0,0
RTX 2000 Ada Generation,1995-01-01,0.0,0.0,0,0,PCIe 4.0,0.0,0,3072:24:96,0,0,0,0,8,256,GDDR6,128,0,0.0,0.0,0,0,0,0.0,0.0,14500,35 - 140,0,0,0,0,0,0,0,0,0.0,0.0,0.0,0,0,0,0,0,0,0,0,0.0,0.0,0,0.0,0,0,0,0,0,0.0,0,0.0,0,0,0,0.0,0,0,0,0.0,0.0,0,0,0,0,0.0,0,0.0,0.0,0,0,0,0,0,0.0,0,0.0,0,0,0,0,0,0,0.0,0,0.0,0.0,0.0,0.0,0,0,0,0.0,231600.0,0,0,0,0,0,0,0,0,0,0,0,0,0,0,0,0,0,0.0,0,0,0,0,0,0,0,0,0,0,0,0,0,0,0,0,0,0,0,0,0,0,0,0,0,0,0,0,0,0,0,0
RTX 3000 Ada Generation,1995-01-01,0.0,0.0,0,0,PCIe 4.0,0.0,0,4608:36:144,0,0,0,0,8 (ECC),256,GDDR6,128,0,0.0,0.0,0,0,0,0.0,0.0,19900,35 - 140,0,0,0,0,0,0,0,0,0.0,0.0,0.0,0,0,0,0,0,0,0,0,0.0,0.0,0,0.0,0,0,0,0,0,0.0,0,0.0,0,0,0,0.0,0,0,0,0.0,0.0,0,0,0,0,0.0,0,0.0,0.0,0,0,0,0,0,0.0,0,0.0,0,0,0,0,0,0,0.0,0,0.0,0.0,0.0,0.0,0,0,0,0.0,318600.0,0,0,0,0,0,0,0,0,0,0,0,0,0,0,0,0,0,0.0,0,0,0,0,0,0,0,0,0,0,0,0,0,0,0,0,0,0,0,0,0,0,0,0,0,0,0,0,0,0,0,0
RTX 3500 Ada Generation,1995-01-01,0.0,0.0,0,0,PCIe 4.0,0.0,0,5120:40:160,0,0,0,0,12 (ECC),432,GDDR6,192,0,0.0,0.0,0,0,0,0.0,0.0,23300,60 - 140,0,0,0,0,0,0,0,0,0.0,0.0,0.0,0,0,0,0,0,0,0,0,0.0,0.0,0,0.0,0,0,0,0,0,0.0,0,0.0,0,0,0,0.0,0,0,0,0.0,0.0,0,0,0,0,0.0,0,0.0,0.0,0,0,0,0,0,0.0,0,0.0,0,0,0,0,0,0,0.0,0,0.0,0.0,0.0,0.0,0,0,0,0.0,368600.0,0,0,0,0,0,0,0,0,0,0,0,0,0,0,0,0,0,0.0,0,0,0,0,0,0,0,0,0,0,0,0,0,0,0,0,0,0,0,0,0,0,0,0,0,0,0,0,0,0,0,0
RTX 4000 Ada Generation,1995-01-01,0.0,0.0,0,0,PCIe 4.0,0.0,0,7424:58:232,0,0,0,0,12 (ECC),432,GDDR6,192,0,0.0,0.0,0,0,0,0.0,0.0,33600,60 - 175,0,0,0,0,0,0,0,0,0.0,0.0,0.0,0,0,0,0,0,0,0,0,0.0,0.0,0,0.0,0,0,0,0,0,0.0,0,0.0,0,0,0,0.0,0,0,0,0.0,0.0,0,0,0,0,0.0,0,0.0,0.0,0,0,0,0,0,0.0,0,0.0,0,0,0,0,0,0,0.0,0,0.0,0.0,0.0,0.0,0,0,0,0.0,538000.0,0,0,0,0,0,0,0,0,0,0,0,0,0,0,0,0,0,0.0,0,0,0,0,0,0,0,0,0,0,0,0,0,0,0,0,0,0,0,0,0,0,0,0,0,0,0,0,0,0,0,0
RTX 5000 Ada Generation,1995-01-01,0.0,0.0,0,0,PCIe 4.0,0.0,0,9728:76:304,0,0,0,0,16 (ECC),576,GDDR6,256,0,0.0,0.0,0,0,0,0.0,0.0,42600,60 - 175,0,0,0,0,0,0,0,0,0.0,0.0,0.0,0,0,0,0,0,0,0,0,0.0,0.0,0,0.0,0,0,0,0,0,0.0,0,0.0,0,0,0,0.0,0,0,0,0.0,0.0,0,0,0,0,0.0,0,0.0,0.0,0,0,0,0,0,0.0,0,0.0,0,0,0,0,0,0,0.0,0,0.0,0.0,0.0,0.0,0,0,0,0.0,681800.0,0,0,0,0,0,0,0,0,0,0,0,0,0,0,0,0,0,0.0,0,0,0,0,0,0,0,0,0,0,0,0,0,0,0,0,0,0,0,0,0,0,0,0,0,0,0,0,0,0,0,0
Quadro NVS 110M,2006-06-01,G72M,90,0,0,PCIe 1.0 x16,300,600,3:4:4:2,0,0,0,0,Up to 512,4.8,DDR,64,0,9.0c,2.1,0,0,0,0.6,1.2,0.0,10,0,0,0,0,0,0,0,0,0,0,0,0,0,0,0,0,0,0,0,0,0.0,0,0.0,0,0,0,0,0,0,0,0.0,0,0,0,0.0,0,0,0,0.0,0.0,0,0,0,0,0.0,0,0.0,0.0,0,0,0,0,0,0,0,0,0,0,0,0,0,0,0.0,0,300,0.0,0.0,0.0,0,0,0,0.0,0.0,0,0,0,0,0,0,0,0,0,0,0,0,0,0,0,0,0,0.0,0,0,0,0,0,0,0,0,0,0,0,0,0,0,0,0,0,0,0,0,0,0,0,0,0,0,0,0,0,0,0,0
Quadro NVS 120M,2006-06-01,G72GLM,90,0,0,PCIe 1.0 x16,450,700,3:4:4:2,0,0,0,0,Up to 512,5.6,DDR2,64,0,9.0c,2.1,0,0,0,0.9,1.8,0.0,10,0,0,0,0,0,0,0,0,0,0,0,0,0,0,0,0,0,0,0,0,0.0,0,0.0,0,0,0,0,0,0,0,0.0,0,0,0,0.0,0,0,0,0.0,0.0,0,0,0,0,0.0,0,0.0,0.0,0,0,0,0,0,0,0,0,0,0,0,0,0,0,0.0,0,450,0.0,0.0,0.0,0,0,0,0.0,0.0,0,0,0,0,0,0,0,0,0,0,0,0,0,0,0,0,0,0.0,0,0,0,0,0,0,0,0,0,0,0,0,0,0,0,0,0,0,0,0,0,0,0,0,0,0,0,0,0,0,0,0
Quadro NVS 130M,2007-05-09,G86M,80,0,0,PCIe 2.0 x16,400?,700,8:4:4,0,0,0,0,Up to 256,6.4?,DDR2,64,0,10.0,3.3,0,0,0,1.6?,1.6?,19.2,10,0,0,0,0,0,0,0,0,0,0,0,0,0,0,0,0,0,0,0,0,0.0,0,0.0,0,0,0,0,0,0,0,0.0,0,0,0,0.0,0,0,0,0.0,0.0,0,0,0,0,0.0,0,0.0,0.0,0,0,0,0,0,0,0,0,0,0,0,0,0,0,0.0,0,800?,0.0,0.0,0.0,0,0,0,0.0,0.0,0,0,0,0,0,0,0,0,0,0,0,0,0,0,0,0,0,0.0,0,0,0,0,0,0,0,0,0,0,0,0,0,0,0,0,0,0,0,0,0,0,0,0,0,0,0,0,0,0,0,0
Quadro NVS 135M,2007-05-09,G86M,80,0,0,PCIe 2.0 x16,400,1188,16:8:4,0,0,0,0,Up to 256,9.504,GDDR3,64,0,10.0,3.3,0,0,0,1.6,3.2,38.4,10,0,0,0,0,0,0,0,0,0,0,0,0,0,0,0,0,0,0,0,0,0.0,0,0.0,0,0,0,0,0,0,0,0.0,0,0,0,0.0,0,0,0,0.0,0.0,0,0,0,0,0.0,0,0.0,0.0,0,0,0,0,0,0,0,0,0,0,0,0,0,0,0.0,0,800,0.0,0.0,0.0,0,0,0,0.0,0.0,0,0,0,0,0,0,0,0,0,0,0,0,0,0,0,0,0,0.0,0,0,0,0,0,0,0,0,0,0,0,0,0,0,0,0,0,0,0,0,0,0,0,0,0,0,0,0,0,0,0,0
Quadro NVS 140M,2007-05-09,G86M,80,0,0,PCIe 2.0 x16,400,1200,16:8:4,0,0,0,0,Up to 512,9.6,GDDR3,64,0,10.0,3.3,0,0,0,1.6,3.2,38.4,10,0,0,0,0,0,0,0,0,0,0,0,0,0,0,0,0,0,0,0,0,0.0,0,0.0,0,0,0,0,0,0,0,0.0,0,0,0,0.0,0,0,0,0.0,0.0,0,0,0,0,0.0,0,0.0,0.0,0,0,0,0,0,0,0,0,0,0,0,0,0,0,0.0,0,800,0.0,0.0,0.0,0,0,0,0.0,0.0,0,0,0,0,0,0,0,0,0,0,0,0,0,0,0,0,0,0.0,0,0,0,0,0,0,0,0,0,0,0,0,0,0,0,0,0,0,0,0,0,0,0,0,0,0,0,0,0,0,0,0
Quadro NVS 150M,2008-08-15,G98M,65,0,0,PCIe 2.0 x16,530,1400,8:4:4,0,0,0,0,Up to 256,11.2,GDDR3,64,0,10.0,3.3,0,0,0,2.12,2.12,31.2,10,0,0,0,0,0,0,0,0,0,0,0,0,0,0,0,0,0,0,0,0,0.0,0,0.0,0,0,0,0,0,0,0,0.0,0,0,0,0.0,0,0,0,0.0,0.0,0,0,0,0,0.0,0,0.0,0.0,0,0,0,0,0,0,0,0,0,0,0,0,0,0,0.0,0,1300,0.0,0.0,0.0,0,0,0,0.0,0.0,0,0,0,0,0,0,0,0,0,0,0,0,0,0,0,0,0,0.0,0,0,0,0,0,0,0,0,0,0,0,0,0,0,0,0,0,0,0,0,0,0,0,0,0,0,0,0,0,0,0,0
Quadro NVS 160M,2008-08-15,G98M,65,0,0,PCIe 2.0 x16,580,1400,8:8:4,0,0,0,0,256,11.2,GDDR3,64,0,10.0,3.3,0,0,0,2.12,4.24,34.8,12,0,0,0,0,0,0,0,0,0,0,0,0,0,0,0,0,0,0,0,0,0.0,0,0.0,0,0,0,0,0,0,0,0.0,0,0,0,0.0,0,0,0,0.0,0.0,0,0,0,0,0.0,0,0.0,0.0,0,0,0,0,0,0,0,0,0,0,0,0,0,0,0.0,0,1450,0.0,0.0,0.0,0,0,0,0.0,0.0,0,0,0,0,0,0,0,0,0,0,0,0,0,0,0,0,0,0.0,0,0,0,0,0,0,0,0,0,0,0,0,0,0,0,0,0,0,0,0,0,0,0,0,0,0,0,0,0,0,0,0
Quadro NVS 300M,2006-05-24,G72GLM,90,0,0,PCIe 1.0 x16,450,1000,3:4:4:2,0,0,0,0,Up to 512,8,DDR2,64,0,9.0c,2.1,0,0,0,0.9,1.8,0.0,16,0,0,0,0,0,0,0,0,0,0,0,0,0,0,0,0,0,0,0,0,0.0,0,0.0,0,0,0,0,0,0,0,0.0,0,0,0,0.0,0,0,0,0.0,0.0,0,0,0,0,0.0,0,0.0,0.0,0,0,0,0,0,0,0,0,0,0,0,0,0,0,0.0,0,450,0.0,0.0,0.0,0,0,0,0.0,0.0,0,0,0,0,0,0,0,0,0,0,0,0,0,0,0,0,0,0.0,0,0,0,0,0,0,0,0,0,0,0,0,0,0,0,0,0,0,0,0,0,0,0,0,0,0,0,0,0,0,0,0
Quadro NVS 320M,2007-06-09,G84M,65,0,0,PCIe 2.0 x16,575,1400,32:16:8,0,0,0,0,Up to 512,22.4,GDDR3,128,0,10.0,3.3,0,0,0,4.6,9.2,110.4,20,0,0,0,0,0,0,0,0,0,0,0,0,0,0,0,0,0,0,0,0,0.0,0,0.0,0,0,0,0,0,0,0,0.0,0,0,0,0.0,0,0,0,0.0,0.0,0,0,0,0,0.0,0,0.0,0.0,0,0,0,0,0,0,0,0,0,0,0,0,0,0,0.0,0,1150,0.0,0.0,0.0,0,0,0,0.0,0.0,0,0,0,0,0,0,0,0,0,0,0,0,0,0,0,0,0,0.0,0,0,0,0,0,0,0,0,0,0,0,0,0,0,0,0,0,0,0,0,0,0,0,0,0,0,0,0,0,0,0,0
Quadro NVS 510M,2006-08-21,G72GLM,90,0,0,PCIe 1.0 x16,500,1200,8:24:24:16,0,0,0,0,Up to 1024,38.4,GDDR3,256,0,9.0c,2.1,0,0,0,8,12,0.0,45?,0,0,0,0,0,0,0,0,0,0,0,0,0,0,0,0,0,0,0,0,0.0,0,0.0,0,0,0,0,0,0,0,0.0,0,0,0,0.0,0,0,0,0.0,0.0,0,0,0,0,0.0,0,0.0,0.0,0,0,0,0,0,based on Go 7900 GTX,0,0,0,0,0,0,0,0,0.0,0,500,0.0,0.0,0.0,0,0,0,0.0,0.0,0,0,0,0,0,0,0,0,0,0,0,0,0,0,0,0,0,0.0,0,0,0,0,0,0,0,0,0,0,0,0,0,0,0,0,0,0,0,0,0,0,0,0,0,0,0,0,0,0,0,0
NVS 2100M,2010-01-07,GT218M,40,0,0,PCIe 2.0 x16,535,1600,16:8:4,0,0,0,0,Up to 512,12.8,GDDR3,64,0,10.1,3.3,0,0,0,2.14,4.28,59.04,14.0,0,0,0,0,0,0,0,0,0,0,0,0,0,0,0,0,0,0,0,0,0.0,0,0.0,0,0,0,0,0,0,0,0.0,0,0,0,0.0,0,0,0,0.0,0.0,0,0,0,0,0.0,0,0.0,0.0,0,0,0,0,0,0,0,0,0,0,0,0,0,0,0.0,0,1230,0.0,0.0,0.0,0,0,0,0.0,0.0,0,0,0,0,0,0,0,0,0,0,0,0,0,0,0,0,0,0.0,0,0,0,0,0,0,0,0,0,0,0,0,0,0,0,0,0,0,0,0,0,0,0,0,0,0,0,0,0,0,0,0
NVS 3100M,2010-01-07,GT218M,40,0,0,PCIe 2.0 x16,600,1600,16:8:4,0,0,0,0,Up to 512,12.8,GDDR3,64,0,10.1,3.3,0,0,0,2.4,4.8,70.56,14.0,0,0,0,0,0,0,0,0,0,0,0,0,0,0,0,0,0,0,0,0,0.0,0,0.0,0,0,0,0,0,0,0,0.0,0,0,0,0.0,0,0,0,0.0,0.0,0,0,0,0,0.0,0,0.0,0.0,0,0,0,0,0,based on G210M/310M,0,0,0,0,0,0,0,0,0.0,0,1470,0.0,0.0,0.0,0,0,0,0.0,0.0,0,0,0,0,0,0,0,0,0,0,0,0,0,0,0,0,0,0.0,0,0,0,0,0,0,0,0,0,0,0,0,0,0,0,0,0,0,0,0,0,0,0,0,0,0,0,0,0,0,0,0
NVS 4200M,2010-01-07,GF119,40,0,0,PCIe 2.0 x16,810,1600,48:8:4,0,0,0,0,Up to 1024,12.8,GDDR3,64,0,11.0,4.5,0,0,0,3.24,6.48,155.52,0.0,0,0,0,0,0,0,0,0,0,0,0,0,0,0,0,0,0,0,0,0,0.0,0,0.0,0,0,0,0,0,0,0,0.0,0,0,0,0.0,0,0,0,0.0,0.0,0,0,0,0,0.0,0,0.0,0.0,0,0,0,0,0,based on GT 520M,0,0,0,0,0,0,0,0,0.0,0,1620,0.0,0.0,0.0,0,0,0,0.0,0.0,0,0,0,0,0,0,0,0,0,0,0,0,0,0,0,0,0,0.0,0,0,0,0,0,0,0,0,0,0,0,0,0,0,0,0,0,0,0,0,0,0,0,0,0,0,0,0,0,0,0,0
NVS 5100M,2011-02-22,GT216M,40,0,0,PCIe 2.0 x16,550,1600,48:16:8,0,0,0,0,Up to 1024,25.6,GDDR3,128,0,10.1,3.3,0,0,0,4.4,8.8,174.24,35.0,0,0,0,0,0,0,0,0,0,0,0,0,0,0,0,0,0,0,0,0,0.0,0,0.0,0,0,0,0,0,0,0,0.0,0,0,0,0.0,0,0,0,0.0,0.0,0,0,0,0,0.0,0,0.0,0.0,0,0,0,0,0,0,0,0,0,0,0,0,0,0,0.0,0,1210,0.0,0.0,0.0,0,0,0,0.0,0.0,0,0,0,0,0,0,0,0,0,0,0,0,0,0,0,0,0,0.0,0,0,0,0,0,0,0,0,0,0,0,0,0,0,0,0,0,0,0,0,0,0,0,0,0,0,0,0,0,0,0,0
NVS 5200M,2012-06-01,GF108 GF117,40/28,0,0,PCIe 2.0 x16,625,1800,96:16:4,0,0,0,0,Up to 1024,14.4,GDDR3,64,0,11.0,4.5,0,0,0,2.5,10.0,240.0,35.0,0,0,0,0,0,0,0,0,0,0,0,0,0,0,0,0,0,0,0,0,0.0,0,0.0,0,0,0,0,0,0,0,0.0,0,0,0,0.0,0,0,0,0.0,0.0,0,0,0,0,0.0,0,0.0,0.0,0,0,0,0,0,0,0,0,0,0,0,0,0,0,0.0,0,1250,0.0,0.0,0.0,0,0,0,0.0,0.0,0,0,0,0,0,0,0,0,0,0,0,0,0,0,0,0,0,0.0,0,0,0,0,0,0,0,0,0,0,0,0,0,0,0,0,0,0,0,0,0,0,0,0,0,0,0,0,0,0,0,0
NVS 5400M,2012-06-01,GF108 GF117,40/28,0,0,PCIe 2.0 x16,660,1800,96:16:4,0,0,0,0,Up to 1024,28.8,GDDR3,128,0,11.0,4.5,0,0,0,2.64,10.56,253.44,35.0,0,0,0,0,0,0,0,0,0,0,0,0,0,0,0,0,0,0,0,0,0.0,0,0.0,0,0,0,0,0,0,0,0.0,0,0,0,0.0,0,0,0,0.0,0.0,0,0,0,0,0.0,0,0.0,0.0,0,0,0,0,0,0,0,0,0,0,0,0,0,0,0.0,0,1320,0.0,0.0,0.0,0,0,0,0.0,0.0,0,0,0,0,0,0,0,0,0,0,0,0,0,0,0,0,0,0.0,0,0,0,0,0,0,0,0,0,0,0,0,0,0,0,0,0,0,0,0,0,0,0,0,0,0,0,0,0,0,0,0
XGPU,2001-11-15,NV2A,TSMC 150 nm,0,0,Integrated,233,200,4:2:8:41,5800,932,1864,0,64,6.4,DDR,128,0,0,0,0,0,0,0,0,13.9,0,0,0,0,0,0,0,0,0,0,0,0,0,0,0,0,0,0,0,0,0,0.0,0,0.0,0,0,0,0,0,-,0,0.0,0,0,0,0.0,0,0,0,0.0,0.0,0,0,0,0,0.0,0,0.0,0.0,0,0,0,0,0,0,0,0,0,0,0,0,0,0,0.0,0,0,0.0,0.0,0.0,0,0,0,0.0,0.0,116.5,0,0,0,0,0,0,0,0,0,0,0,0,0,0,0,0,0.0,0,0,0,0,0,0,0,0,0,0,0,0,0,0,0,0,0,0,0,0,0,0,0,0,0,0,0,0,0,0,0,0
RSX,2006-11-11,G70,Toshiba 90/65/40 nm/28 nm,0,0,FlexIO,"550 (Pixel Shaders), 500 (Vertex Shaders)",650,24:8:24:81,13200,4400,12000,0,256256,15 (write)20 (read)20.8,XDRGDDR3,128,0,0,0,0,0,0,0,0,325.6 (w/Cell SPUs),0,0,0,0,0,0,0,0,0,0,0,0,0,0,0,0,0,0,0,0,0,0.0,0,0.0,0,0,0,0,0,-,0,0.0,0,0,0,0.0,0,0,0,0.0,0.0,0,0,0,0,0.0,0,0.0,0.0,0,0,0,0,0,0,0,0,0,0,0,0,0,0,0.0,0,0,0.0,0.0,0.0,0,0,0,0.0,0.0,275,0,0,0,0,0,0,0,0,0,0,0,0,0,0,0,0,0.0,0,0,0,0,0,0,0,0,0,0,0,0,0,0,0,0,0,0,0,0,0,0,0,0,0,0,0,0,0,0,0,0
NX-SoC,2017-03-03,GM20B,TSMC 20 nm,0,0,Integrated,76.8307.2384.0460.8 (Undocked)768.0921.61267.2 (Docked),1333 (Undocked)1600 (Docked),256:16:162,39321157286196608235929393216471859648806,1228491561447372122881474520275,1228491561447372122881474520275,0,4096,21.3 (Undocked) 25.6(Docked),LPDDR4,64,0,0,0,0,0,0,0,0,39.3157.2196.6235.9393.2471.8648.8,0,0,0,0,0,0,0,0,0,0,0,0,0,0,0,0,0,0,0,0,0,0.0,0,0.0,0,0,0,0,0,78.6314.5393.2471.8786.4943.71297.6,0,0.0,0,0,0,0.0,0,0,0,0.0,0.0,0,0,0,0,0.0,0,0.0,0.0,0,0,0,0,0,0,0,0,0,0,0,0,0,0,0.0,0,0,0.0,0.0,0.0,0,0,0,0.0,0.0,probably ~500/1000,0,0,0,0,0,0,0,0,0,0,0,0,0,0,0,0,0.0,0,0,0,0,0,0,0,0,0,0,0,0,0,0,0,0,0,0,0,0,0,0,0,0,0,0,0,0,0,0,0,0
NX-SoC,2019-08-30,GM20B,TSMC 16 nm,0,0,Integrated,76.8307.2384.0460.8 (Undocked)768.0921.61267.2 (Docked),1333 (Undocked)1600 (Docked),256:16:162,39321157286196608235929393216471859648806,1228491561447372122881474520275,1228491561447372122881474520275,0,4096,21.3 (Undocked) 25.6(Docked),LPDDR4X,64,0,0,0,0,0,0,0,0,39.3157.2196.6235.9393.2471.8648.8,0,0,0,0,0,0,0,0,0,0,0,0,0,0,0,0,0,0,0,0,0,0.0,0,0.0,0,0,0,0,0,78.6314.5393.2471.8786.4943.71297.6,0,0.0,0,0,0,0.0,0,0,0,0.0,0.0,0,0,0,0,0.0,0,0.0,0.0,0,0,0,0,0,0,0,0,0,0,0,0,0,0,0.0,0,0,0.0,0.0,0.0,0,0,0,0.0,0.0,probably ~500/1000,0,0,0,0,0,0,0,0,0,0,0,0,0,0,0,0,0.0,0,0,0,0,0,0,0,0,0,0,0,0,0,0,0,0,0,0,0,0,0,0,0,0,0,0,0,0,0,0,0,0
Maybe custom Orin,2024-01-01,GA10B,Samsung 8 nm,0,0,Integrated,Maybe around 1000,Maybe around 1600,1024:32:16:8:323or1792:56:24:14:563,"Maybearound2,048,000or3,584,000","Maybearound16,000or24,000","Maybearound32,000or56,000",0,16384,102.4 GB/s,LPDDR5,128,0,0,0,0,0,0,0,0,Maybe around 2048.0or3584.0,0,0,0,0,0,0,0,0,0,0,0,0,0,0,0,0,0,0,0,0,0,0.0,0,0.0,0,0,0,0,0,Maybe around 4096.0or7168.0,0,0.0,0,0,0,0.0,0,0,0,0.0,0.0,0,0,0,0,0.0,0,0.0,0.0,0,0,0,0,0,0,0,0,0,0,0,0,0,0,0.0,0,0,0.0,0.0,0.0,0,0,0,0.0,0.0,Maybe around 2000,Maybearound4000or7000,Maybe around 20 or 30,0,0,0,0,0,0,0,0,0,0,0,0,0,0,0.0,0,0,0,0,0,0,0,0,0,0,0,0,0,0,0,0,0,0,0,0,0,0,0,0,0,0,0,0,0,0,0,0
